{
  "licenseType": "Unknown",
  "dc:description": "10/25/2016",
  "exportable": true,
  "dc:title": "POTA Core Map",
  "attributionLink": "https://www.google.com/fusiontables/DataSource?docid=1iSZTwk7jnlvhAfSQUquLNNqPsjm8A4M30Xskw-Mb",
  "dc:modified": "2018-08-11T16:26:19Z",
  "dc:identifier": "1iSZTwk7jnlvhAfSQUquLNNqPsjm8A4M30Xskw-Mb",
  "tableSchema": {"columns": [
    {
      "datatype": "string",
      "name": "col0",
      "validateData": false,
      "title": "Name"
    },
    {
      "datatype": "string",
      "name": "col1",
      "validateData": false,
      "title": "Type"
    },
    {
      "datatype": "string",
      "name": "col2",
      "validateData": false,
      "title": "Location"
    },
    {
      "datatype": "location",
      "name": "col3",
      "validateData": false,
      "title": "geometry"
    },
    {
      "datatype": "string",
      "name": "col4",
      "validateData": false,
      "title": "Testing"
    }
  ]}
}