{
  "licenseType": "Unknown",
  "exportable": true,
  "dc:title": "2018 British Columbia Electoral Reform Referendum Complete Results",
  "attribution": "Jeffrey Li",
  "dc:modified": "2018-12-21T01:13:03Z",
  "dc:identifier": "1a_sdwKQn77LmTU17ZlFL09Z7jBD2cxOIl_RnCd58",
  "tableSchema": {"columns": [
    {
      "datatype": "string",
      "name": "col0",
      "validateData": false,
      "title": "Riding"
    },
    {
      "datatype": "double",
      "name": "col1",
      "validateData": false,
      "title": "Registered voters"
    },
    {
      "datatype": "double",
      "name": "col2",
      "validateData": false,
      "title": "Margin"
    },
    {
      "datatype": "location",
      "name": "col3",
      "validateData": false,
      "title": "geometry"
    },
    {
      "datatype": "string",
      "name": "col4",
      "validateData": false
    },
    {
      "datatype": "double",
      "name": "col5",
      "validateData": false,
      "title": "NO count"
    },
    {
      "datatype": "double",
      "name": "col6",
      "validateData": false,
      "title": "YES count"
    }
  ]}
}