Name,Description,Lattitude,Longitude,Icon,Current artwork
Irish Lane,Wall banners,-27.470654,153.027322,blu_circle,"'Energy' by Rachael Sarra.

Part of the 'Women's Work' exhibition"
Hutton Lane,Wall-mounted light boxes,-27.465445,153.028495,blu_circle,'Persona non kata' by Emma Wright. Part of the Women's Work exhibition.
Eagle Lane,Wall-mounted light boxes,-27.466207,153.029791,blu_circle,'Vessels' by Alex Saba. Part of the 'Women's Work' exhibition.
Fish Lane,Wall-mounted light boxes,-27.473623,153.017989,blu_circle,'Six Hands' by Rae Cooper. Part of the 'Women's Work' exhibition.
King George Square,Wall-mounted light boxes,-27.468392,153.024242,blu_circle,'Botanic Beast' by Mosessa. Part of the 'Women's Work' exhibition.
Edward Street,Vitrine,-27.468781,153.027307,blu_circle,'The Butterfly Effect' by Claire Tracey. Part of the 'Women's Work' exhibition.
Giffin Lane,Wall banner,27.466008,153.029023,blu_circle,'Kaiso & Ama' by Zoe Porter. Part of the 'Women's Work' exhibition.
Edison Lane,Wall banner,-27.467486,153.028865,blu_circle,'The Mariner' by Courtney Brims. Part of the 'Women's Work' exhibition.
Cordelia Street,Wall banner,-27.474900,153.014989,blu_circle,'A Boat to Carry your Dreams' by Sadik Kwaish Alfraji. Part of the APT9 Kids exhibition.
Edward Street,Projector,-27.469095,153.027885,blu_circle,'We Are All Part of the Same Thing' by Dominique Falla. Part of the Women's Work exhibition.
Burnett Lane,Lantern light shades,-27.469958,153.023965,blu_circle,'Woven History' by Lisa Sorbie. 
King George Square,Pillar,-27.468392,153.02407,blu_circle,
King George Square,Wall mural,-27.468392,153.023986,blu_circle,
Mt Coot-tha,The Platform,-27.475332,152.977056,blu_circle,'Gone to Seed' by Stuart Green
