{
  "licenseType": "Unknown",
  "dc:description": "Imported at Mon Jul 30 16:46:06 PDT 2018 from 20180731 - Temporary outdoor galleries map.csv.",
  "exportable": true,
  "dc:title": "Temporary outdoor galleries location map",
  "dc:modified": "2019-08-23T06:27:39Z",
  "dc:identifier": "1vLXLf3UL1ek9ygif6NEtAkWYKh7_FGrYKyusz1wr",
  "tableSchema": {"columns": [
    {
      "datatype": "string",
      "name": "col0",
      "validateData": false,
      "title": "Name"
    },
    {
      "datatype": "string",
      "name": "col1",
      "validateData": false,
      "title": "Description"
    },
    {
      "datatype": "location",
      "name": "col2",
      "validateData": false,
      "title": "Lattitude",
      "latitudeLongitudeColumns": {
        "latitudeColumn": "col2",
        "longitudeColumn": "col3"
      }
    },
    {
      "datatype": "double",
      "name": "col3",
      "validateData": false,
      "title": "Longitude",
      "latitudeLongitudeColumns": {
        "latitudeColumn": "col2",
        "longitudeColumn": "col3"
      }
    },
    {
      "datatype": "string",
      "name": "col4",
      "validateData": false,
      "title": "Icon"
    },
    {
      "datatype": "string",
      "name": "col5",
      "validateData": false,
      "title": "Current artwork"
    },
    {
      "datatype": "string",
      "name": "col6",
      "validateData": false,
      "title": "Current artwork"
    }
  ]}
}