{
  "licenseType": "Creative Commons",
  "dc:description": "はちのすが提供する宿泊施設のマップ情報",
  "exportable": true,
  "createdBy": "Go Imai",
  "dc:title": "はちのすマップ",
  "attributionIcon": "http://www.hatinosu.net/img/hati.gif",
  "attribution": "はちのす",
  "attributionLink": "http://www.hatinosu.net",
  "dc:modified": "2019-10-29T07:43:20Z",
  "dc:identifier": "12LuogV4GqNbwz3anXWCYrv02v7o6HA1mZ54bFa8",
  "tableSchema": {"columns": [
    {
      "datatype": "string",
      "formatPattern": "<a href='%1$s'>%1$s<\/a>",
      "name": "col0",
      "validateData": false,
      "title": "url"
    },
    {
      "datatype": "string",
      "name": "col1",
      "validateData": false,
      "title": "name"
    },
    {
      "datatype": "location",
      "name": "col2",
      "validateData": false,
      "title": "geometry"
    },
    {
      "datatype": "string",
      "name": "col3",
      "validateData": false,
      "title": "name"
    },
    {
      "datatype": "double",
      "name": "col4",
      "validateData": false,
      "title": "number"
    },
    {
      "datatype": "string",
      "name": "col5",
      "validateData": false,
      "title": "type"
    },
    {
      "datatype": "string",
      "name": "col6",
      "validateData": false,
      "title": "iconName"
    },
    {
      "datatype": "string",
      "name": "col7",
      "validateData": false,
      "title": "New Column"
    },
    {
      "datatype": "string",
      "name": "col8",
      "validateData": false,
      "title": "New Column"
    },
    {
      "datatype": "string",
      "name": "col9",
      "validateData": false,
      "title": "condition"
    }
  ]},
  "dc:source": "http://www.hatinosu.net"
}