{
  "licenseType": "Unknown",
  "dc:description": "Imported at Sun Apr 26 00:19:13 PDT 2015 from LHC_SIMPLE.csv.",
  "exportable": true,
  "dc:title": "LHC_0.2",
  "dc:modified": "2017-08-15T17:45:23Z",
  "dc:identifier": "1ogcCHWcirLXPQx0G6uXOCELyg1M60YuCb-Y__4Li",
  "tableSchema": {"columns": [
    {
      "datatype": "string",
      "name": "col0",
      "validateData": false,
      "title": "Name"
    },
    {
      "datatype": "string",
      "name": "col1",
      "validateData": false,
      "title": "State"
    },
    {
      "datatype": "location",
      "name": "col2",
      "validateData": false,
      "title": "geometry"
    },
    {
      "datatype": "string",
      "name": "col3",
      "validateData": false,
      "title": "Fill"
    },
    {
      "datatype": "double",
      "name": "col4",
      "validateData": false,
      "title": "Width"
    },
    {
      "datatype": "string",
      "name": "col5",
      "validateData": false,
      "title": "District"
    },
    {
      "datatype": "string",
      "name": "col6",
      "validateData": false,
      "title": "Tribe"
    },
    {
      "datatype": "string",
      "name": "col7",
      "validateData": false,
      "title": "Chapter"
    }
  ]}
}