{
  "licenseType": "Creative Commons",
  "dc:description": "Imported at Wed Apr 19 08:27:26 PDT 2017 from AT_LGBT_hate-crime_Media_2011-2016.xls.",
  "exportable": true,
  "dc:title": "V1_Hate crime against LGBT (Media)",
  "dc:modified": "2017-05-19T12:49:29Z",
  "dc:identifier": "1l6NzblSeHthb0yR8OaW_craazD8yU0B4Fp4lga6q",
  "tableSchema": {"columns": [
    {
      "datatype": "double",
      "name": "col0",
      "validateData": false,
      "title": "№"
    },
    {
      "datatype": "string",
      "name": "col1",
      "validateData": false,
      "title": "Название материала"
    },
    {
      "datatype": "string",
      "name": "col2",
      "validateData": false,
      "title": "Название источника"
    },
    {
      "datatype": "date",
      "name": "col3",
      "validateData": false,
      "title": "Дата публикации"
    },
    {
      "datatype": "location",
      "name": "col4",
      "validateData": false,
      "title": "Геотег"
    },
    {
      "datatype": "string",
      "name": "col5",
      "validateData": false,
      "title": "Место"
    },
    {
      "datatype": "string",
      "name": "col6",
      "validateData": false,
      "title": "Жертва"
    },
    {
      "datatype": "double",
      "name": "col7",
      "validateData": false,
      "title": "Количество жертв"
    },
    {
      "datatype": "string",
      "name": "col8",
      "validateData": false,
      "title": "Тип преступления"
    },
    {
      "datatype": "string",
      "name": "col9",
      "validateData": false,
      "title": "дополнительные обстоятельства (и комментарии)"
    },
    {
      "datatype": "string",
      "formatPattern": "<a href='%1$s'>%1$s<\/a>",
      "name": "col10",
      "validateData": false,
      "title": "Ссылка на публицаю"
    }
  ]}
}