provinsi,kab_kota,pkm_pandu,jml_pkm,capaian,Jumlah Lipid Panel & Strip Test 2017,Rencana DistribusiLipid Panel & Strip Test 2018,Jumlah SDM 2017,Rencana Pelatihan SDM 2018,Keterangan,Icon Name
Aceh,Dinas Kesehatan Provinsi Aceh,0,0,"0,0%","0,0%",25,0,1,0,large_red
Aceh,Kabupaten Simeulue,2,10,"20,0%","0,0%",0,0,0,0,large_yellow
Aceh,Kabupaten Aceh Singkil,11,11,"100,0%","0,0%",0,0,0,0,large_green
Aceh,Kabupaten Aceh Selatan,5,23,"21,7%","0,0%",0,0,0,0,large_yellow
Aceh,Kabupaten Aceh Tenggara,2,18,"11,1%","0,0%",0,0,0,0,large_yellow
Aceh,Kabupaten Aceh Timur,3,26,"11,5%","0,0%",0,0,0,0,large_yellow
Aceh,Kabupaten Aceh Tengah,14,14,"100,0%","0,0%",0,0,0,0,large_green
Aceh,Kabupaten Aceh Barat,3,13,"23,1%","0,0%",0,0,2,0,large_yellow
Maluku Utara,Kabupaten Halmahera Utara,1,17,"5,9%","0,0%",0,0,0,0,large_red
Maluku Utara,Kabupaten Halmahera Timur,4,14,"28,6%","0,0%",0,0,0,0,large_yellow
Maluku Utara,Kabupaten Pulau Morotai,5,6,"83,3%","0,0%",0,0,0,0,large_green
Maluku Utara,Kabupaten Pulau Taliabu,0,0,"0,0%","0,0%",0,0,0,0,large_red
Maluku Utara,Kota Ternate,7,10,"70,0%","0,0%",0,7,0,0,large_green
Maluku Utara,Kota Tidore Kepulauan,7,10,"70,0%","0,0%",0,7,3,0,large_green
Provinsi,Dinas Kesehatan Provinsi Papua Barat,0,0,"0,0%","0,0%",0,2,0,0,large_red
Papua Barat,Kabupaten Fakfak,1,9,"11,1%","0,0%",0,0,0,0,large_yellow
Papua Barat,Kabupaten Kaimana,1,8,"12,5%","0,0%",0,0,0,0,large_yellow
Papua Barat,Kabupaten Teluk Wondama,2,6,"33,3%","0,0%",0,0,0,0,large_green
Papua Barat,Kabupaten Teluk Bintuni,1,20,"5,0%","0,0%",0,0,0,0,large_red
Papua Barat,Kabupaten Manokwari,5,24,"20,8%","0,0%",0,0,3,0,large_yellow
Papua Barat,Kabupaten Sorong Selatan,9,15,"60,0%","0,0%",0,0,0,0,large_green
Papua Barat,Kabupaten Sorong,5,17,"29,4%","0,0%",0,0,0,0,large_yellow
Papua Barat,Kabupaten Raja Ampat,4,19,"21,1%","0,0%",0,0,0,0,large_yellow
Papua Barat,Kabupaten Tambrauw,1,5,"20,0%","0,0%",0,0,0,0,large_yellow
Papua Barat,Kabupaten Maybrat,1,14,"7,1%","0,0%",0,0,0,0,large_red
Papua Barat,Kabupaten Manokwari Selatan,3,0,"0,0%","0,0%",0,0,0,0,large_red
Papua Barat,Kabupaten Pegunungan Arfak,0,0,"0,0%","0,0%",0,0,0,0,large_red
Papua Barat,Kota Sorong,6,6,"100,0%","0,0%",0,0,0,0,large_green
Provinsi,Dinas Kesehatan Provinsi Papua,0,0,"0,0%","0,0%",0,1,0,0,large_red
Sulawesi Utara,Kabupaten Kepulauan Talaud,3,19,"15,8%","0,0%",0,0,0,0,large_yellow
Papua,Kabupaten Merauke,9,20,"45,0%","0,0%",0,0,0,0,large_green
Sulawesi Utara,Kabupaten Minahasa Selatan,10,17,"58,8%","0,0%",0,0,0,0,large_green
Papua,Kabupaten Jayawijaya,0,12,"0,0%","0,0%",0,0,3,0,large_red
Sulawesi Utara,Kabupaten Minahasa Utara,8,11,"72,7%","0,0%",0,0,0,0,large_green
Papua,Kabupaten Jayapura,3,19,"15,8%","0,0%",0,0,0,0,large_yellow
Sulawesi Utara,Kabupaten Bolaang Mongondow Utara,10,11,"90,9%","0,0%",0,0,3,0,large_green
Papua,Kabupaten Nabire,2,24,"8,3%","0,0%",0,0,3,0,large_red
Sulawesi Utara,Kabupaten Siau Tagulandang Biaro,2,13,"15,4%","0,0%",0,0,0,0,large_yellow
Papua,Kabupaten Kepulauan Yapen,0,13,"0,0%","0,0%",0,0,0,0,large_red
Sulawesi Utara,Kabupaten Minahasa Tenggara,7,11,"63,6%","0,0%",0,0,3,0,large_green
Papua,Kabupaten Biak Numfor,6,17,"35,3%","0,0%",0,0,0,0,large_green
Sulawesi Utara,Kabupaten Bolaang Mongondow Selatan,7,7,"100,0%","0,0%",0,0,0,0,large_green
Papua,Kabupaten Paniai,0,18,"0,0%","0,0%",0,0,0,0,large_red
Sulawesi Utara,Kabupaten Bolaang Mongondow Timur,2,5,"40,0%","0,0%",0,0,0,0,large_green
Papua,Kabupaten Puncak Jaya,2,8,"25,0%","0,0%",0,0,0,0,large_yellow
Sulawesi Utara,Kota Manado,7,15,"46,7%","0,0%",0,0,0,0,large_green
Papua,Kabupaten Mimika,2,13,"15,4%","0,0%",0,0,0,0,large_yellow
Sulawesi Utara,Kota Bitung,2,9,"22,2%","0,0%",0,0,0,0,large_yellow
Papua,Kabupaten Boven Digoel,2,15,"13,3%","0,0%",0,0,0,0,large_yellow
Sulawesi Utara,Kota Tomohon,4,7,"57,1%","0,0%",0,0,0,0,large_green
Papua,Kabupaten Mappi,1,11,"9,1%","0,0%",0,0,0,0,large_red
Sulawesi Utara,Kota Kotamobagu,5,5,"100,0%","0,0%",0,0,0,0,large_green
Papua,Kabupaten Asmat,1,13,"7,7%","0,0%",0,0,0,0,large_red
Provinsi,Dinas Kesehatan Provinsi Sulawesi Tengah,0,0,"0,0%","0,0%",0,0,0,0,large_red
Papua,Kabupaten Yahukimo,0,31,"0,0%","0,0%",0,0,0,0,large_red
Sulawesi Tengah,Kabupaten Banggai Kepulauan,3,15,"20,0%","0,0%",0,3,0,0,large_yellow
Papua,Kabupaten Pegunungan Bintang,0,29,"0,0%","0,0%",0,0,0,0,large_red
Sulawesi Tengah,Kabupaten Banggai,7,24,"29,2%","0,0%",0,7,0,0,large_yellow
Papua,Kabupaten Tolikara,0,25,"0,0%","0,0%",0,0,0,0,large_red
Sulawesi Tengah,Kabupaten Morowali,2,9,"22,2%","0,0%",0,3,0,0,large_yellow
Papua,Kabupaten Sarmi,2,9,"22,2%","0,0%",0,0,0,0,large_yellow
Sulawesi Tengah,Kabupaten Poso,8,21,"38,1%","0,0%",0,7,3,0,large_green
Papua,Kabupaten Keerom,1,8,"12,5%","0,0%",0,0,0,0,large_yellow
Sulawesi Tengah,Kabupaten Donggala,13,14,"92,9%","0,0%",0,5,0,0,large_green
Papua,Kabupaten Waropen,0,10,"0,0%","0,0%",0,0,0,0,large_red
Sulawesi Tengah,Kabupaten Toli-toli,5,14,"35,7%","0,0%",0,3,0,0,large_green
Papua,Kabupaten Supiori,0,5,"0,0%","0,0%",0,0,0,0,large_red
Sulawesi Tengah,Kabupaten Buol,2,11,"18,2%","0,0%",0,4,0,0,large_yellow
Papua,Kabupaten Mamberamo Raya,0,7,"0,0%","0,0%",0,0,0,0,large_red
Sulawesi Tengah,Kabupaten Parigi Moutong,18,21,"85,7%","0,0%",0,4,0,0,large_green
Papua,Kabupaten Nduga,0,8,"0,0%","0,0%",0,0,0,0,large_red
Bali,Kota Denpasar,11,11,"100,0%","0,0%",0,0,0,0,large_green
Sulawesi Tengah,Kabupaten Tojo Una-una,2,13,"15,4%","0,0%",0,4,0,0,large_yellow
Papua,Kabupaten Lanny Jaya,0,10,"0,0%","0,0%",0,0,0,0,large_red
Provinsi,Dinas Kesehatan Provinsi Nusa Tenggara Barat,0,0,"0,0%","0,0%",0,2,1,0,large_red
Sulawesi Tengah,Kabupaten Sigi,5,19,"26,3%","0,0%",0,3,0,0,large_yellow
Papua,Kabupaten Mamberamo Tengah,0,5,"0,0%","0,0%",0,0,0,0,large_red
Nusa Tenggara Barat,Kabupaten Lombok Barat,16,16,"100,0%","0,0%",0,0,2,0,large_green
Sulawesi Tengah,Kabupaten Banggai Laut,0,5,"0,0%","0,0%",0,3,0,0,large_red
Papua,Kabupaten Yalimo,0,7,"0,0%","0,0%",0,0,0,0,large_red
Nusa Tenggara Barat,Kabupaten Lombok Tengah,5,25,"20,0%","0,0%",0,0,0,0,large_yellow
Sulawesi Tengah,Kabupaten Morowali Utara,0,12,"0,0%","0,0%",0,5,0,0,large_red
Papua,Kabupaten Puncak,0,8,"0,0%","0,0%",0,0,0,0,large_red
Nusa Tenggara Barat,Kabupaten Lombok Timur,27,29,"93,1%","0,0%",0,0,0,0,large_green
Sulawesi Tengah,Kota Palu,12,12,"100,0%","0,0%",0,1,0,0,large_green
Papua,Kabupaten Dogiyai,0,10,"0,0%","0,0%",0,0,0,0,large_red
Nusa Tenggara Barat,Kabupaten Sumbawa,19,25,"76,0%","0,0%",0,0,0,0,large_green
Provinsi,Dinas Kesehatan Provinsi Sulawesi Selatan,0,0,"0,0%","0,0%",25,0,0,0,large_red
Papua,Kabupaten Intan Jaya,0,6,"0,0%","0,0%",0,0,0,0,large_red
Nusa Tenggara Barat,Kabupaten Dompu,7,9,"77,8%","0,0%",0,0,0,0,large_green
Sulawesi Selatan,Kabupaten Kepulauan Selayar,14,14,"100,0%","0,0%",0,3,0,0,large_green
Papua,Kabupaten Deiyai,0,10,"0,0%","0,0%",0,0,0,0,large_red
Nusa Tenggara Barat,Kabupaten Bima,11,20,"55,0%","0,0%",0,0,0,0,large_green
Sulawesi Selatan,Kabupaten Bulukumba,17,19,"89,5%","0,0%",0,3,0,0,large_green
Papua,Kota Jayapura,4,12,"33,3%","0,0%",0,0,0,0,large_green
Nusa Tenggara Barat,Kabupaten Sumbawa Barat,6,9,"66,7%","0,0%",0,0,0,0,large_green
Sulawesi Selatan,Kabupaten Bantaeng,11,12,"91,7%","0,0%",0,3,0,0,large_green
Nusa Tenggara Barat,Kabupaten Lombok Utara,7,8,"87,5%","0,0%",0,0,3,0,large_green
Sulawesi Selatan,Kabupaten Jeneponto,13,18,"72,2%","0,0%",0,3,0,0,large_green
Nusa Tenggara Barat,Kota Mataram,11,11,"100,0%","0,0%",0,0,0,0,large_green
Sulawesi Selatan,Kabupaten Takalar,14,14,"100,0%","0,0%",0,3,0,0,large_green
Nusa Tenggara Barat,Kota Bima,5,5,"100,0%","0,0%",0,0,0,0,large_green
Sulawesi Selatan,Kabupaten Gowa,18,25,"72,0%","0,0%",0,3,0,0,large_green
Provinsi,Dinas Kesehatan Provinsi Nusa Tenggara Timur,0,0,"0,0%","0,0%",0,2,0,0,large_red
Sulawesi Selatan,Kabupaten Sinjai,16,16,"100,0%","0,0%",0,3,0,0,large_green
Nusa Tenggara Timur,Kabupaten Sumba Barat,6,7,"85,7%","0,0%",0,0,0,0,large_green
Sulawesi Selatan,Kabupaten Maros,7,14,"50,0%","0,0%",0,3,0,0,large_green
Nusa Tenggara Timur,Kabupaten Sumba Timur,8,22,"36,4%","0,0%",0,0,0,0,large_green
Sulawesi Selatan,Kabupaten Pangkajene Dan Kepulauan,23,23,"100,0%","0,0%",0,3,0,0,large_green
Nusa Tenggara Timur,Kabupaten Kupang,14,25,"56,0%","0,0%",0,0,0,0,large_green
Sulawesi Selatan,Kabupaten Barru,12,12,"100,0%","0,0%",0,3,0,0,large_green
Nusa Tenggara Timur,Kabupaten Timor Tengah Selatan,22,30,"73,3%","0,0%",0,0,0,0,large_green
Sulawesi Selatan,Kabupaten Bone,26,38,"68,4%","0,0%",0,3,3,0,large_green
Nusa Tenggara Timur,Kabupaten Timor Tengah Utara,9,26,"34,6%","0,0%",0,0,3,0,large_green
Sulawesi Selatan,Kabupaten Soppeng,16,17,"94,1%","0,0%",0,3,0,0,large_green
Nusa Tenggara Timur,Kabupaten Belu,9,32,"28,1%","0,0%",0,0,0,0,large_yellow
Sulawesi Selatan,Kabupaten Wajo,23,23,"100,0%","0,0%",0,3,3,0,large_green
Nusa Tenggara Timur,Kabupaten Alor,7,22,"31,8%","0,0%",0,0,0,0,large_green
Sulawesi Selatan,Kabupaten Sidenreng Rappang,7,14,"50,0%","0,0%",0,3,0,0,large_green
Nusa Tenggara Timur,Kabupaten Lembata,5,9,"55,6%","0,0%",0,0,0,0,large_green
Sulawesi Selatan,Kabupaten Pinrang,4,15,"26,7%","0,0%",0,3,0,0,large_yellow
Jawa Barat,Kota Banjar,3,10,"30,0%","0,0%",0,0,0,0,large_yellow
Nusa Tenggara Timur,Kabupaten Flores Timur,20,20,"100,0%","0,0%",0,0,0,0,large_green
Sulawesi Selatan,Kabupaten Enrekang,12,13,"92,3%","0,0%",0,3,0,0,large_green
Provinsi,Dinas Kesehatan Provinsi Jawa Tengah,0,0,"0,0%","0,0%",0,2,3,0,large_red
Nusa Tenggara Timur,Kabupaten Sikka,8,23,"34,8%","0,0%",0,0,0,0,large_green
Sulawesi Selatan,Kabupaten Luwu,13,21,"61,9%","0,0%",0,3,0,0,large_green
Jawa Tengah,Kabupaten Cilacap,25,38,"65,8%","0,0%",0,1,0,0,large_green
Nusa Tenggara Timur,Kabupaten Ende,21,24,"87,5%","0,0%",0,0,0,0,large_green
Sulawesi Selatan,Kabupaten Tana Toraja,2,21,"9,5%","0,0%",0,3,0,0,large_red
Jawa Tengah,Kabupaten Banyumas,32,39,"82,1%","0,0%",0,1,0,0,large_green
Nusa Tenggara Timur,Kabupaten Ngada,5,10,"50,0%","0,0%",0,0,0,0,large_green
Sulawesi Selatan,Kabupaten Luwu Utara,10,15,"66,7%","0,0%",0,3,3,0,large_green
Jawa Tengah,Kabupaten Purbalingga,21,22,"95,5%","0,0%",0,1,0,0,large_green
Nusa Tenggara Timur,Kabupaten Manggarai,13,21,"61,9%","0,0%",0,0,0,0,large_green
Sulawesi Selatan,Kabupaten Luwu Timur,15,15,"100,0%","0,0%",0,3,0,0,large_green
Jawa Tengah,Kabupaten Banjarnegara,32,35,"91,4%","0,0%",0,1,0,0,large_green
Nusa Tenggara Timur,Kabupaten Rote Ndao,11,12,"91,7%","0,0%",0,0,0,0,large_green
Sulawesi Selatan,Kabupaten Toraja Utara,20,27,"74,1%","0,0%",0,3,0,0,large_green
Jawa Tengah,Kabupaten Kebumen,31,35,"88,6%","0,0%",0,1,3,0,large_green
Nusa Tenggara Timur,Kabupaten Manggarai Barat,1,15,"6,7%","0,0%",0,0,0,0,large_red
Sulawesi Selatan,Kota Makassar,29,43,"67,4%","0,0%",0,3,0,0,large_green
Jawa Tengah,Kabupaten Purworejo,15,27,"55,6%","0,0%",0,1,0,0,large_green
Nusa Tenggara Timur,Kabupaten Sumba Tengah,6,8,"75,0%","0,0%",0,0,0,0,large_green
Sulawesi Selatan,Kota Parepare,4,6,"66,7%","0,0%",0,3,0,0,large_green
Jawa Tengah,Kabupaten Wonosobo,24,24,"100,0%","0,0%",0,1,0,0,large_green
Nusa Tenggara Timur,Kabupaten Sumba Barat Daya,8,10,"80,0%","0,0%",0,0,0,0,large_green
Jawa Tengah,Kabupaten Magelang,14,29,"48,3%","0,0%",0,1,0,0,large_green
Sulawesi Selatan,Kota Palopo,9,11,"81,8%","0,0%",0,3,0,0,large_green
Nusa Tenggara Timur,Kabupaten Nagekeo,7,7,"100,0%","0,0%",0,0,0,0,large_green
Provinsi,Dinas Kesehatan Provinsi Sulawesi Tenggara,0,0,"0,0%","0,0%",0,2,0,0,large_red
Jawa Tengah,Kabupaten Boyolali,20,29,"69,0%","0,0%",0,1,0,0,large_green
Nusa Tenggara Timur,Kabupaten Manggarai Timur,18,22,"81,8%","0,0%",0,0,0,0,large_green
Sulawesi Tenggara,Kabupaten Buton,8,32,"25,0%","0,0%",0,0,0,0,large_yellow
Jawa Tengah,Kabupaten Klaten,32,34,"94,1%","0,0%",0,1,0,0,large_green
Nusa Tenggara Timur,Kabupaten Sabu Raijua,2,6,"33,3%","0,0%",0,0,0,0,large_green
Sulawesi Tenggara,Kabupaten Muna,5,42,"11,9%","0,0%",0,0,0,0,large_yellow
Jawa Tengah,Kabupaten Sukoharjo,11,12,"91,7%","0,0%",0,1,0,0,large_green
Nusa Tenggara Timur,Kabupaten Malaka,13,17,"76,5%","0,0%",0,0,0,0,large_green
Sulawesi Tenggara,Kabupaten Konawe,4,30,"13,3%","0,0%",0,0,0,0,large_yellow
Jawa Tengah,Kabupaten Wonogiri,10,34,"29,4%","0,0%",0,1,0,0,large_yellow
Nusa Tenggara Timur,Kota Kupang,6,10,"60,0%","0,0%",0,0,0,0,large_green
Sulawesi Tenggara,Kabupaten Kolaka,12,21,"57,1%","0,0%",0,0,3,0,large_green
Jawa Tengah,Kabupaten Karanganyar,14,21,"66,7%","0,0%",0,1,0,0,large_green
Provinsi,Dinas Kesehatan Provinsi Kalimantan Barat,0,0,"0,0%","0,0%",0,1,1,0,large_red
Sulawesi Tenggara,Kabupaten Konawe Selatan,21,22,"95,5%","0,0%",0,0,0,0,large_green
Jawa Tengah,Kabupaten Sragen,18,25,"72,0%","0,0%",0,1,0,0,large_green
Kalimantan Barat,Kabupaten Sambas,26,27,"96,3%","0,0%",0,0,0,0,large_green
Sulawesi Tenggara,Kabupaten Bombana,18,22,"81,8%","0,0%",0,0,0,0,large_green
Jawa Tengah,Kabupaten Grobogan,12,30,"40,0%","0,0%",0,1,0,0,large_green
Kalimantan Barat,Kabupaten Bengkayang,8,17,"47,1%","0,0%",0,0,0,0,large_green
Sulawesi Tenggara,Kabupaten Wakatobi,17,20,"85,0%","0,0%",0,0,0,0,large_green
Jawa Tengah,Kabupaten Blora,24,26,"92,3%","0,0%",0,1,0,0,large_green
Kalimantan Barat,Kabupaten Landak,16,16,"100,0%","0,0%",0,0,0,0,large_green
Sulawesi Tenggara,Kabupaten Kolaka Utara,3,16,"18,8%","0,0%",0,0,0,0,large_yellow
Jawa Tengah,Kabupaten Rembang,16,16,"100,0%","0,0%",0,1,0,0,large_green
Kalimantan Barat,Kabupaten Mempawah,12,14,"85,7%","0,0%",0,0,0,0,large_green
Jawa Tengah,Kabupaten Pati,13,29,"44,8%","0,0%",0,1,0,0,large_green
Sulawesi Tenggara,Kabupaten Buton Utara,4,10,"40,0%","0,0%",0,0,0,0,large_green
Kalimantan Barat,Kabupaten Sanggau,1,19,"5,3%","0,0%",0,0,0,0,large_red
Sulawesi Tenggara,Kabupaten Konawe Utara,1,13,"7,7%","0,0%",0,0,0,0,large_red
Jawa Tengah,Kabupaten Kudus,15,19,"78,9%","0,0%",0,1,0,0,large_green
Kalimantan Barat,Kabupaten Ketapang,19,24,"79,2%","0,0%",0,0,0,0,large_green
Sulawesi Tenggara,Kabupaten Kolaka Timur,0,0,"0,0%","0,0%",0,0,0,0,large_red
Jambi,Kabupaten Tanjung Jabung Barat,14,16,"87,5%","0,0%",0,2,0,0,large_green
Jawa Tengah,Kabupaten Jepara,10,21,"47,6%","0,0%",0,1,0,0,large_green
Kalimantan Barat,Kabupaten Sintang,11,20,"55,0%","0,0%",0,0,0,0,large_green
Sulawesi Tenggara,Kabupaten Konawe Kepulauan,0,0,"0,0%","0,0%",0,0,0,0,large_red
Jambi,Kabupaten Tebo,14,14,"100,0%","0,0%",0,2,0,0,large_green
Jawa Tengah,Kabupaten Demak,13,27,"48,1%","0,0%",0,1,0,0,large_green
Kalimantan Barat,Kabupaten Kapuas Hulu,18,23,"78,3%","0,0%",0,0,2,0,large_green
Sulawesi Tenggara,Kabupaten Muna Barat,0,0,"0,0%","0,0%",0,0,0,0,large_red
Jambi,Kabupaten Bungo,18,19,"94,7%","0,0%",0,2,2,0,large_green
Jawa Tengah,Kabupaten Semarang,23,26,"88,5%","0,0%",0,1,0,0,large_green
Kalimantan Barat,Kabupaten Sekadau,9,12,"75,0%","0,0%",0,0,0,0,large_green
Sulawesi Tenggara,Kabupaten Buton Tengah,0,0,"0,0%","0,0%",0,0,0,0,large_red
Jambi,Kota Jambi,15,20,"75,0%","0,0%",0,2,0,0,large_green
Jawa Tengah,Kabupaten Temanggung,10,24,"41,7%","0,0%",0,1,0,0,large_green
Kalimantan Barat,Kabupaten Melawi,9,11,"81,8%","0,0%",0,0,3,0,large_green
Sulawesi Tenggara,Kabupaten Buton Selatan,0,0,"0,0%","0,0%",0,0,0,0,large_red
Jambi,Kota Sungai Penuh,9,10,"90,0%","0,0%",0,2,0,0,large_green
Jawa Tengah,Kabupaten Kendal,16,30,"53,3%","0,0%",0,1,0,0,large_green
Kalimantan Barat,Kabupaten Kayong Utara,7,8,"87,5%","0,0%",0,0,3,0,large_green
Sulawesi Tenggara,Kota Kendari,6,15,"40,0%","0,0%",0,0,3,0,large_green
Provinsi,Dinas Kesehatan Provinsi Sumatera Selatan,0,0,"0,0%","0,0%",0,5,0,0,large_red
Jawa Tengah,Kabupaten Batang,14,21,"66,7%","0,0%",0,1,0,0,large_green
Kalimantan Barat,Kabupaten Kubu Raya,19,20,"95,0%","0,0%",0,0,0,0,large_green
Sulawesi Tenggara,Kota Baubau,6,17,"35,3%","0,0%",0,0,0,0,large_green
Sumatera Selatan,Kabupaten Ogan Komering Ulu,15,16,"93,8%","0,0%",0,2,0,0,large_green
Jawa Tengah,Kabupaten Pekalongan,18,26,"69,2%","0,0%",0,1,0,0,large_green
Kalimantan Barat,Kota Pontianak,19,23,"82,6%","0,0%",0,0,0,0,large_green
Provinsi,Dinas Kesehatan Provinsi Gorontalo,0,0,"0,0%","0,0%",0,0,0,0,large_red
Sumatera Selatan,Kabupaten Ogan Komering Ilir,28,29,"96,6%","0,0%",0,3,0,0,large_green
Jawa Tengah,Kabupaten Pemalang,14,22,"63,6%","0,0%",0,1,0,0,large_green
Kalimantan Barat,Kota Singkawang,5,5,"100,0%","0,0%",0,0,0,0,large_green
Sumatera Selatan,Kabupaten Muara Enim,18,25,"72,0%","0,0%",0,2,0,0,large_green
Jawa Tengah,Kabupaten Tegal,27,29,"93,1%","0,0%",0,1,3,0,large_green
Sumatera Selatan,Kabupaten Lahat,18,31,"58,1%","0,0%",0,2,0,0,large_green
Gorontalo,Kabupaten Boalemo,4,11,"36,4%","0,0%",0,0,3,0,large_green
Provinsi,Dinas Kesehatan Provinsi Kalimantan Tengah,0,0,"0,0%","0,0%",0,1,0,0,large_red
Gorontalo,Kabupaten Gorontalo,9,21,"42,9%","0,0%",0,0,0,0,large_green
Jawa Tengah,Kabupaten Brebes,33,38,"86,8%","0,0%",0,1,0,0,large_green
Kalimantan Tengah,Kabupaten Kotawaringin Barat,15,15,"100,0%","0,0%",0,0,3,0,large_green
Gorontalo,Kabupaten Pohuwato,5,16,"31,3%","0,0%",0,0,0,0,large_green
Sumatera Selatan,Kabupaten Musi Rawas,12,27,"44,4%","0,0%",0,2,0,0,large_green
Jawa Tengah,Kota Magelang,5,5,"100,0%","0,0%",0,1,0,0,large_green
Kalimantan Tengah,Kabupaten Kotawaringin Timur,20,20,"100,0%","0,0%",0,0,0,0,large_green
Gorontalo,Kabupaten Bone Bolango,8,21,"38,1%","0,0%",0,0,3,0,large_green
Sumatera Selatan,Kabupaten Musi Banyuasin,20,25,"80,0%","0,0%",0,2,0,0,large_green
Jawa Tengah,Kota Surakarta,12,17,"70,6%","0,0%",0,1,0,0,large_green
Kalimantan Tengah,Kabupaten Kapuas,17,26,"65,4%","0,0%",0,0,0,0,large_green
Gorontalo,Kabupaten Gorontalo Utara,7,14,"50,0%","0,0%",0,0,0,0,large_green
Sumatera Selatan,Kabupaten Banyu Asin,28,29,"96,6%","0,0%",0,2,0,0,large_green
Jawa Tengah,Kota Salatiga,5,6,"83,3%","0,0%",0,1,0,0,large_green
Kalimantan Tengah,Kabupaten Barito Selatan,10,12,"83,3%","0,0%",0,0,0,0,large_green
Gorontalo,Kota Gorontalo,7,9,"77,8%","0,0%",0,0,0,0,large_green
Sumatera Selatan,Kabupaten Ogan Komering Ulu Selatan,14,19,"73,7%","0,0%",0,2,0,0,large_green
Jawa Tengah,Kota Semarang,13,37,"35,1%","0,0%",0,1,0,0,large_green
Kalimantan Tengah,Kabupaten Barito Utara,7,16,"43,8%","0,0%",0,0,0,0,large_green
Provinsi,Dinas Kesehatan Provinsi Sulawesi Barat,0,0,"0,0%","0,0%",0,2,0,0,large_red
Sumatera Selatan,Kabupaten Ogan Komering Ulu Timur,8,22,"36,4%","0,0%",0,2,0,0,large_green
Jawa Tengah,Kota Pekalongan,12,12,"100,0%","0,0%",0,1,0,0,large_green
Kalimantan Tengah,Kabupaten Sukamara,5,5,"100,0%","0,0%",0,0,0,0,large_green
Sulawesi Barat,Kabupaten Majene,11,11,"100,0%","0,0%",0,0,0,0,large_green
Sumatera Selatan,Kabupaten Ogan Ilir,21,25,"84,0%","0,0%",0,2,0,0,large_green
Jawa Tengah,Kota Tegal,8,8,"100,0%","0,0%",0,1,0,0,large_green
Kalimantan Tengah,Kabupaten Lamandau,4,10,"40,0%","0,0%",0,0,0,0,large_green
Sulawesi Barat,Kabupaten Polewali Mandar,18,20,"90,0%","0,0%",0,0,0,0,large_green
Sumatera Selatan,Kabupaten Empat Lawang,3,8,"37,5%","0,0%",0,3,0,0,large_green
Provinsi,Dinas Kesehatan Provinsi DI Yogyakarta,0,0,"0,0%","0,0%",0,0,0,0,large_red
Kalimantan Tengah,Kabupaten Seruyan,8,12,"66,7%","0,0%",0,0,0,0,large_green
Sulawesi Barat,Kabupaten Mamasa,5,17,"29,4%","0,0%",0,0,0,0,large_yellow
Sumatera Selatan,KabupatenPenukal Abab Lematang Ilir,0,0,"0,0%","0,0%",0,2,0,0,large_red
DI Yogyakarta,Kabupaten Kulon Progo,21,21,"100,0%","0,0%",0,6,0,0,large_green
Kalimantan Tengah,Kabupaten Katingan,6,16,"37,5%","0,0%",0,0,0,0,large_green
Sumatera Selatan,KabupatenMusi Rawas Utara,0,0,"0,0%","0,0%",0,2,0,0,large_red
DI Yogyakarta,Kabupaten Bantul,25,27,"92,6%","0,0%",0,7,3,0,large_green
Sumatera Selatan,Kota Palembang,16,39,"41,0%","0,0%",0,2,0,0,large_green
Aceh,Kabupaten Aceh Besar,28,28,"100,0%","0,0%",0,0,0,0,large_green
Aceh,Kabupaten Pidie,5,26,"19,2%","0,0%",0,0,3,0,large_yellow
Aceh,Kabupaten Bireuen,7,18,"38,9%","0,0%",0,0,0,0,large_green
Aceh,Kabupaten Aceh Utara,31,31,"100,0%","0,0%",0,0,0,0,large_green
Aceh,Kabupaten Aceh Barat Daya,6,13,"46,2%","0,0%",0,0,0,0,large_green
Aceh,Kabupaten Gayo Lues,1,12,"8,3%","0,0%",0,0,0,0,large_red
Aceh,Kabupaten Aceh Tamiang,14,14,"100,0%","0,0%",0,0,0,0,large_green
Aceh,Kabupaten Nagan Raya,4,13,"30,8%","0,0%",0,0,0,0,large_green
Aceh,Kabupaten Aceh Jaya,5,10,"50,0%","0,0%",0,0,0,0,large_green
Aceh,Kabupaten Bener Meriah,13,13,"100,0%","0,0%",0,0,0,0,large_green
Sulawesi Barat,Kabupaten Mamuju,7,30,"23,3%","0,0%",0,0,0,0,large_yellow
Kalimantan Tengah,Kabupaten Pulang Pisau,5,11,"45,5%","0,0%",0,0,0,0,large_green
Sulawesi Barat,Kabupaten Mamuju Utara,7,14,"50,0%","0,0%",0,0,3,0,large_green
DI Yogyakarta,Kabupaten Gunung Kidul,29,30,"96,7%","0,0%",0,4,0,0,large_green
Kalimantan Tengah,Kabupaten Gunung Mas,10,15,"66,7%","0,0%",0,0,0,0,large_green
Sulawesi Barat,Kabupaten Mamuju Tengah,3,11,"27,3%","0,0%",0,0,0,0,large_yellow
Sumatera Selatan,Kota Prabumulih,8,8,"100,0%","0,0%",0,2,3,0,large_green
DI Yogyakarta,Kabupaten Sleman,25,25,"100,0%","0,0%",0,6,0,0,large_green
Kalimantan Tengah,Kabupaten Barito Timur,8,11,"72,7%","0,0%",0,0,0,0,large_green
Provinsi,Dinas Kesehatan Provinsi Maluku,0,0,"0,0%","0,0%",25,3,0,0,large_red
Sumatera Selatan,Kota Pagar Alam,7,7,"100,0%","0,0%",0,2,0,0,large_green
DI Yogyakarta,Kota Yogyakarta,18,18,"100,0%","0,0%",0,6,0,0,large_green
Kalimantan Tengah,Kabupaten Murung Raya,12,14,"85,7%","0,0%",0,0,0,0,large_green
Maluku,Kabupaten Maluku Tenggara Barat,2,11,"18,2%","0,0%",0,2,0,0,large_yellow
Sumatera Selatan,Kota Lubuklinggau,9,9,"100,0%","0,0%",0,2,0,0,large_green
Provinsi,Dinas Kesehatan Provinsi Jawa Timur,0,0,"0,0%","0,0%",25,2,0,0,large_red
Kalimantan Tengah,Kota Palangka Raya,8,10,"80,0%","0,0%",0,0,0,0,large_green
Maluku,Kabupaten Maluku Tenggara,7,15,"46,7%","0,0%",0,2,0,0,large_green
,Dinas Kesehatan Provinsi Bengkulu,0,0,"0,0%","0,0%",15,0,0,0,large_red
Jawa Timur,Kabupaten Pacitan,24,24,"100,0%","0,0%",0,2,0,0,large_green
Provinsi,Dinas Kesehatan Provinsi Kalimantan Selatan,0,0,"0,0%","0,0%",10,0,0,0,large_red
Maluku,Kabupaten Maluku Tengah,5,32,"15,6%","0,0%",0,2,0,0,large_yellow
Bengkulu,Kabupaten Bengkulu Selatan,9,15,"60,0%","0,0%",0,0,0,0,large_green
Jawa Timur,Kabupaten Ponorogo,30,31,"96,8%","0,0%",0,2,0,0,large_green
Kalimantan Selatan,Kabupaten Tanah Laut,13,18,"72,2%","0,0%",0,1,0,0,large_green
Maluku,Kabupaten Buru,5,11,"45,5%","0,0%",0,2,0,0,large_green
Bengkulu,Kabupaten Rejang Lebong,11,21,"52,4%","0,0%",0,0,0,0,large_green
Jawa Timur,Kabupaten Trenggalek,21,22,"95,5%","0,0%",0,2,0,0,large_green
Kalimantan Selatan,Kabupaten Kota Baru,3,29,"10,3%","0,0%",0,0,0,0,large_yellow
Maluku,Kabupaten Kepulauan Aru,2,27,"7,4%","0,0%",0,4,3,0,large_red
Bengkulu,Kabupaten Bengkulu Utara,11,22,"50,0%","0,0%",0,0,0,0,large_green
Jawa Timur,Kabupaten Tulungagung,21,31,"67,7%","0,0%",0,0,0,0,large_green
Kalimantan Selatan,Kabupaten Banjar,16,24,"66,7%","0,0%",0,0,3,0,large_green
Maluku,Kabupaten Seram Bagian Barat,5,17,"29,4%","0,0%",0,4,0,0,large_yellow
Bengkulu,Kabupaten Kaur,10,16,"62,5%","0,0%",0,0,0,0,large_green
Jawa Timur,Kabupaten Blitar,24,24,"100,0%","0,0%",0,0,0,0,large_green
Kalimantan Selatan,Kabupaten Barito Kuala,19,19,"100,0%","0,0%",0,0,0,0,large_green
Bengkulu,Kabupaten Seluma,11,22,"50,0%","0,0%",0,0,3,0,large_green
Jawa Timur,Kabupaten Kediri,34,37,"91,9%","0,0%",0,2,0,0,large_green
Bengkulu,Kabupaten Mukomuko,10,17,"58,8%","0,0%",0,0,0,0,large_green
Aceh,Kabupaten Pidie Jaya,11,11,"100,0%","0,0%",0,0,0,0,large_green
Aceh,Kota Banda Aceh,10,11,"90,9%","0,0%",0,0,0,0,large_green
Aceh,Kota Sabang,0,6,"0,0%","0,0%",0,0,0,0,large_red
Aceh,Kota Langsa,5,5,"100,0%","0,0%",0,0,0,0,large_green
Aceh,Kota Lhokseumawe,6,6,"100,0%","0,0%",0,0,0,0,large_green
Aceh,Kota Subulussalam,5,5,"100,0%","0,0%",0,0,0,0,large_green
Sumatera Utara,Dinas Kesehatan Provinsi Sumatera Utara,0,0,"0,0%","0,0%",0,1,0,0,large_red
Sumatera Utara,Kabupaten Nias,0,9,"0,0%","0,0%",0,0,0,0,large_red
Sumatera Utara,Kabupaten Mandailing Natal,3,26,"11,5%","0,0%",0,6,0,0,large_yellow
Sumatera Utara,Kabupaten Tapanuli Selatan,11,16,"68,8%","0,0%",0,0,3,0,large_green
Maluku,Kabupaten Seram Bagian Timur,2,19,"10,5%","0,0%",0,2,0,0,large_yellow
Kalimantan Selatan,Kabupaten Tapin,9,13,"69,2%","0,0%",0,0,0,0,large_green
Maluku,Kabupaten Maluku Barat Daya,2,12,"16,7%","0,0%",0,4,0,0,large_yellow
Jawa Timur,Kabupaten Malang,36,39,"92,3%","0,0%",0,2,3,0,large_green
Kalimantan Selatan,Kabupaten Hulu Sungai Selatan,12,21,"57,1%","0,0%",0,0,0,0,large_green
Maluku,Kabupaten Buru Selatan,3,12,"25,0%","0,0%",0,2,0,0,large_yellow
Bengkulu,Kabupaten Lebong,9,14,"64,3%","0,0%",0,0,0,0,large_green
Jawa Timur,Kabupaten Lumajang,25,25,"100,0%","0,0%",0,0,0,0,large_green
Kalimantan Selatan,Kabupaten Hulu Sungai Tengah,4,19,"21,1%","0,0%",0,0,0,0,large_yellow
Maluku,Kota Ambon,6,22,"27,3%","0,0%",0,3,0,0,large_yellow
Bengkulu,Kabupaten Kepahiang,12,14,"85,7%","0,0%",0,0,0,0,large_green
Jawa Timur,Kabupaten Jember,44,49,"89,8%","0,0%",0,2,0,0,large_green
Kalimantan Selatan,Kabupaten Hulu Sungai Utara,12,13,"92,3%","0,0%",0,0,0,0,large_green
Maluku,Kota Tual,11,15,"73,3%","0,0%",0,2,0,0,large_green
Bengkulu,Kabupaten Bengkulu Tengah,10,20,"50,0%","0,0%",0,0,0,0,large_green
Jawa Timur,Kabupaten Banyuwangi,44,45,"97,8%","0,0%",0,0,0,0,large_green
Kalimantan Selatan,Kabupaten Tabalong,14,16,"87,5%","0,0%",0,0,0,0,large_green
Provinsi,Dinas Kesehatan Provinsi Maluku Utara,0,0,"0,0%","0,0%",0,1,0,0,large_red
Bengkulu,Kota Bengkulu,16,20,"80,0%","0,0%",0,0,0,0,large_green
Jawa Timur,Kabupaten Bondowoso,24,25,"96,0%","0,0%",0,2,0,0,large_green
Kalimantan Selatan,Kabupaten Tanah Bumbu,12,14,"85,7%","0,0%",0,0,3,0,large_green
Maluku Utara,Kabupaten Halmahera Barat,7,12,"58,3%","0,0%",0,0,0,0,large_green
Provinsi,Dinas Kesehatan Provinsi Lampung,0,0,"0,0%","0,0%",25,3,0,0,large_red
Jawa Timur,Kabupaten Situbondo,17,17,"100,0%","0,0%",0,0,0,0,large_green
Kalimantan Selatan,Kabupaten Balangan,8,11,"72,7%","0,0%",0,0,0,0,large_green
Maluku Utara,Kabupaten Halmahera Tengah,2,11,"18,2%","0,0%",0,0,0,0,large_yellow
Lampung,Kabupaten Lampung Barat,12,14,"85,7%","0,0%",0,2,0,0,large_green
Jawa Timur,Kabupaten Probolinggo,33,33,"100,0%","0,0%",0,0,0,0,large_green
Kalimantan Selatan,Kota Banjarmasin,9,26,"34,6%","0,0%",0,1,3,0,large_green
Maluku Utara,Kabupaten Kepulauan Sula,10,17,"58,8%","0,0%",0,0,0,0,large_green
Lampung,Kabupaten Tanggamus,16,23,"69,6%","0,0%",0,2,0,0,large_green
Jawa Timur,Kabupaten Pasuruan,32,33,"97,0%","0,0%",0,2,0,0,large_green
Kalimantan Selatan,Kota Banjar Baru,3,8,"37,5%","0,0%",0,0,0,0,large_green
Maluku Utara,Kabupaten Halmahera Selatan,7,30,"23,3%","0,0%",0,0,0,0,large_yellow
Lampung,Kabupaten Lampung Selatan,22,26,"84,6%","0,0%",0,5,3,0,large_green
Jawa Timur,Kabupaten Sidoarjo,24,26,"92,3%","0,0%",0,2,0,0,large_green
Provinsi,Dinas Kesehatan Provinsi Kalimantan Timur,0,0,"0,0%","0,0%",0,2,0,0,large_red
Lampung,Kabupaten Lampung Timur,30,34,"88,2%","0,0%",0,2,0,0,large_green
Jawa Timur,Kabupaten Mojokerto,25,27,"92,6%","0,0%",0,0,0,0,large_green
Lampung,Kabupaten Lampung Tengah,34,39,"87,2%","0,0%",0,2,0,0,large_green
Sumatera Utara,Kabupaten Tapanuli Tengah,7,23,"30,4%","0,0%",0,6,0,0,large_green
Sumatera Utara,Kabupaten Tapanuli Utara,5,19,"26,3%","0,0%",0,6,0,0,large_yellow
Sumatera Utara,Kabupaten Toba Samosir,7,19,"36,8%","0,0%",0,6,0,0,large_green
Sumatera Utara,Kabupaten Labuhan Batu,11,13,"84,6%","0,0%",0,0,0,0,large_green
Sumatera Utara,Kabupaten Asahan,21,22,"95,5%","0,0%",0,0,0,0,large_green
Sumatera Utara,Kabupaten Simalungun,8,34,"23,5%","0,0%",0,0,0,0,large_yellow
Sumatera Utara,Kabupaten Dairi,18,18,"100,0%","0,0%",0,6,0,0,large_green
Sumatera Utara,Kabupaten Karo,7,19,"36,8%","0,0%",0,0,0,0,large_green
Sumatera Utara,Kabupaten Deli Serdang,14,34,"41,2%","0,0%",0,0,0,0,large_green
Sumatera Utara,Kabupaten Langkat,29,30,"96,7%","0,0%",0,0,0,0,large_green
Kalimantan Timur,Kabupaten Paser,2,17,"11,8%","0,0%",0,0,0,0,large_yellow
Jawa Timur,Kabupaten Jombang,32,34,"94,1%","0,0%",0,2,0,0,large_green
Kalimantan Timur,Kabupaten Kutai Barat,4,18,"22,2%","0,0%",0,0,0,0,large_yellow
Lampung,Kabupaten Lampung Utara,22,27,"81,5%","0,0%",0,5,0,0,large_green
Jawa Timur,Kabupaten Nganjuk,20,20,"100,0%","0,0%",0,2,0,0,large_green
Kalimantan Timur,Kabupaten Kutai Kartanegara,9,30,"30,0%","0,0%",0,0,0,0,large_yellow
Lampung,Kabupaten Way Kanan,15,20,"75,0%","0,0%",0,3,0,0,large_green
Jawa Timur,Kabupaten Madiun,17,26,"65,4%","0,0%",0,0,0,0,large_green
Kalimantan Timur,Kabupaten Kutai Timur,17,19,"89,5%","0,0%",0,0,3,0,large_green
Lampung,Kabupaten Tulangbawang,12,18,"66,7%","0,0%",0,2,0,0,large_green
Jawa Timur,Kabupaten Magetan,21,22,"95,5%","0,0%",0,0,0,0,large_green
Kalimantan Timur,Kabupaten Berau,2,17,"11,8%","0,0%",0,0,0,0,large_yellow
Lampung,Kabupaten Pesawaran,10,13,"76,9%","0,0%",0,5,0,0,large_green
Jawa Timur,Kabupaten Ngawi,21,24,"87,5%","0,0%",0,2,0,0,large_green
Kalimantan Timur,Kabupaten Penajam Paser Utara,1,11,"9,1%","0,0%",0,0,0,0,large_red
Lampung,Kabupaten Pringsewu,11,13,"84,6%","0,0%",0,2,0,0,large_green
Jawa Timur,Kabupaten Bojonegoro,35,37,"94,6%","0,0%",0,0,0,0,large_green
Kalimantan Timur,Kabupaten Mahakam Hulu,0,5,"0,0%","0,0%",0,0,0,0,large_red
Lampung,Kabupaten Mesuji,10,12,"83,3%","0,0%",0,3,0,0,large_green
Jawa Timur,Kabupaten Tuban,30,33,"90,9%","0,0%",0,0,0,0,large_green
Kalimantan Timur,Kota Balikpapan,22,27,"81,5%","0,0%",0,0,0,0,large_green
Lampung,Kabupaten Tulang Bawang Barat,12,16,"75,0%","0,0%",0,2,0,0,large_green
Jawa Timur,Kabupaten Lamongan,30,33,"90,9%","0,0%",0,0,0,0,large_green
Kalimantan Timur,Kota Samarinda,5,24,"20,8%","0,0%",0,0,0,0,large_yellow
Lampung,Kabupaten Pesisir Barat,12,9,"133,3%","0,0%",0,2,0,0,large_green
Jawa Timur,Kabupaten Gresik,29,32,"90,6%","0,0%",0,0,0,0,large_green
Kalimantan Timur,Kota Bontang,6,6,"100,0%","0,0%",0,0,0,0,large_green
Lampung,Kota Bandar Lampung,24,30,"80,0%","0,0%",0,5,0,0,large_green
Jawa Timur,Kabupaten Bangkalan,17,22,"77,3%","0,0%",0,2,0,0,large_green
Lampung,Kota Metro,11,11,"100,0%","0,0%",0,5,0,0,large_green
Sumatera Utara,Kabupaten Nias Selatan,1,36,"2,8%","0,0%",0,0,0,0,large_red
Sumatera Utara,Kabupaten Humbang Hasundutan,8,12,"66,7%","0,0%",0,6,0,0,large_green
Sumatera Utara,Kabupaten Pakpak Bharat,4,8,"50,0%","0,0%",0,0,0,0,large_green
Sumatera Utara,Kabupaten Samosir,3,12,"25,0%","0,0%",0,6,0,0,large_yellow
Sumatera Utara,Kabupaten Serdang Bedagai,17,20,"85,0%","0,0%",0,0,0,0,large_green
Sumatera Utara,Kabupaten Batu Bara,11,13,"84,6%","0,0%",0,0,0,0,large_green
Sumatera Utara,Kabupaten Padang Lawas Utara,3,17,"17,6%","0,0%",0,6,0,0,large_yellow
Sumatera Utara,Kabupaten Padang Lawas,3,14,"21,4%","0,0%",0,6,0,0,large_yellow
Sumatera Utara,Kabupaten Labuhan Batu Selatan,5,17,"29,4%","0,0%",0,0,3,0,large_yellow
Sumatera Utara,Kabupaten Labuhan Batu Utara,14,17,"82,4%","0,0%",0,0,0,0,large_green
Provinsi,Dinas Kesehatan Provinsi Kalimantan Utara,0,0,"0,0%","0,0%",0,2,0,0,large_red
Jawa Timur,Kabupaten Sampang,17,21,"81,0%","0,0%",0,0,0,0,large_green
Kalimantan Utara,Kabupaten Malinau,0,13,"0,0%","0,0%",0,0,0,0,large_red
Provinsi,Dinas Kesehatan Provinsi Kepulauan Bangka Belitung,0,0,"0,0%","0,0%",0,2,0,0,large_red
Jawa Timur,Kabupaten Pamekasan,19,20,"95,0%","0,0%",0,0,0,0,large_green
Kalimantan Utara,Kabupaten Bulungan,4,12,"33,3%","0,0%",0,0,0,0,large_green
Kepulauan Bangka Belitung,Kabupaten Bangka,12,12,"100,0%","0,0%",0,5,0,0,large_green
Jawa Timur,Kabupaten Sumenep,30,30,"100,0%","0,0%",0,2,0,0,large_green
Kalimantan Utara,Kabupaten Tana Tidung,0,4,"0,0%","0,0%",0,0,3,0,large_red
Kepulauan Bangka Belitung,Kabupaten Belitung,9,9,"100,0%","0,0%",0,4,0,0,large_green
Jawa Timur,Kota Kediri,9,9,"100,0%","0,0%",0,2,0,0,large_green
Kalimantan Utara,Kabupaten Nunukan,1,12,"8,3%","0,0%",0,0,0,0,large_red
Kepulauan Bangka Belitung,Kabupaten Bangka Barat,8,8,"100,0%","0,0%",0,4,0,0,large_green
Jawa Timur,Kota Blitar,3,3,"100,0%","0,0%",0,0,0,0,large_green
Kalimantan Utara,Kota Tarakan,5,7,"71,4%","0,0%",0,0,0,0,large_green
Kepulauan Bangka Belitung,Kabupaten Bangka Tengah,9,8,"112,5%","0,0%",0,4,0,0,large_green
Jawa Timur,Kota Malang,16,16,"100,0%","0,0%",0,0,0,0,large_green
Provinsi,Dinas Kesehatan Provinsi Sulawesi Utara,0,0,"0,0%","0,0%",0,2,0,0,large_red
Kepulauan Bangka Belitung,Kabupaten Bangka Selatan,9,9,"100,0%","0,0%",0,4,3,0,large_green
Jawa Timur,Kota Probolinggo,5,6,"83,3%","0,0%",0,0,0,0,large_green
Sulawesi Utara,Kabupaten Bolaang Mongondow,3,16,"18,8%","0,0%",0,0,0,0,large_yellow
Kepulauan Bangka Belitung,Kabupaten Belitung Timur,7,6,"116,7%","0,0%",0,4,0,0,large_green
Jawa Timur,Kota Pasuruan,8,8,"100,0%","0,0%",0,0,3,0,large_green
Sulawesi Utara,Kabupaten Minahasa,3,21,"14,3%","0,0%",0,0,3,0,large_yellow
Kepulauan Bangka Belitung,Kota Pangkal Pinang,9,9,"100,0%","0,0%",0,4,0,0,large_green
Jawa Timur,Kota Mojokerto,5,5,"100,0%","0,0%",0,0,0,0,large_green
Sulawesi Utara,Kabupaten Kepulauan Sangihe,2,16,"12,5%","0,0%",0,0,0,0,large_yellow
Provinsi,Dinas Kesehatan Provinsi Kepulauan Riau,0,0,"0,0%","0,0%",0,2,0,0,large_red
Jawa Timur,Kota Madiun,6,6,"100,0%","0,0%",0,0,0,0,large_green
Kepulauan Riau,Kabupaten Karimun,5,9,"55,6%","0,0%",0,0,0,0,large_green
Sumatera Utara,Kabupaten Nias Utara,1,11,"9,1%","0,0%",0,0,3,0,large_red
Sumatera Utara,Kabupaten Nias Barat,5,8,"62,5%","0,0%",0,0,0,0,large_green
Sumatera Utara,Kota Sibolga,4,4,"100,0%","0,0%",0,0,0,0,large_green
Sumatera Utara,Kota Tanjung Balai,4,8,"50,0%","0,0%",0,0,0,0,large_green
Sumatera Utara,Kota Pematang Siantar,19,19,"100,0%","0,0%",0,6,0,0,large_green
Sumatera Utara,Kota Tebing Tinggi,9,9,"100,0%","0,0%",0,0,0,0,large_green
Sumatera Utara,Kota Medan,37,39,"94,9%","0,0%",0,0,0,0,large_green
Sumatera Utara,Kota Binjai,5,8,"62,5%","0,0%",0,0,0,0,large_green
Sumatera Utara,Kota Padangsidimpuan,0,9,"0,0%","0,0%",0,0,0,0,large_red
Sumatera Utara,Kota Gunungsitoli,2,6,"33,3%","0,0%",0,0,0,0,large_green
Jawa Timur,Kota Surabaya,63,63,"100,0%","0,0%",0,0,3,0,large_green
Kepulauan Riau,Kabupaten Bintan,13,15,"86,7%","0,0%",0,0,0,0,large_green
Jawa Timur,Kota Batu,3,5,"60,0%","0,0%",0,0,0,0,large_green
Kepulauan Riau,Kabupaten Natuna,12,13,"92,3%","0,0%",0,0,0,0,large_green
Provinsi,Dinas Kesehatan Provinsi Banten,0,0,"0,0%","0,0%",15,2,0,0,large_red
Kepulauan Riau,Kabupaten Lingga,6,7,"85,7%","0,0%",0,0,0,0,large_green
Banten,Kabupaten Pandeglang,35,36,"97,2%","0,0%",0,6,0,0,large_green
Kepulauan Riau,Kabupaten Kepulauan Anambas,7,7,"100,0%","0,0%",0,0,0,0,large_green
Banten,Kabupaten Lebak,39,46,"84,8%","0,0%",0,9,0,0,large_green
Kepulauan Riau,Kota Batam,15,19,"78,9%","0,0%",0,0,3,0,large_green
Banten,Kabupaten Tangerang,30,43,"69,8%","0,0%",0,5,0,0,large_green
Kepulauan Riau,Kota Tanjung Pinang,7,7,"100,0%","0,0%",0,0,0,0,large_green
Banten,Kabupaten Serang,21,30,"70,0%","0,0%",0,7,0,0,large_green
Provinsi,Dinas Kesehatan Provinsi Dki Jakarta,0,0,"0,0%","0,0%",0,0,0,0,large_red
Banten,Kota Tangerang,29,32,"90,6%","0,0%",0,7,0,0,large_green
Dki Jakarta,Kabupaten Kepulauan Seribu,4,8,"50,0%","0,0%",0,4,0,0,large_green
Banten,Kota Cilegon,8,8,"100,0%","0,0%",0,6,0,0,large_green
Dki Jakarta,Kota Jakarta Selatan,58,81,"71,6%","0,0%",0,6,3,0,large_green
Banten,Kota Serang,16,16,"100,0%","0,0%",0,6,3,0,large_green
Dki Jakarta,Kota Jakarta Timur,63,88,"71,6%","0,0%",0,6,3,0,large_green
Provinsi,Dinas Kesehatan Provinsi Sumatera Barat,0,0,"0,0%","0,0%",0,2,0,0,large_red
Sumatera Barat,Kabupaten Kepulauan Mentawai,2,10,"20,0%","0,0%",0,4,0,0,large_yellow
Sumatera Barat,Kabupaten Pesisir Selatan,18,18,"100,0%","0,0%",0,4,0,0,large_green
Sumatera Barat,Kabupaten Solok,7,18,"38,9%","0,0%",0,4,3,0,large_green
Sumatera Barat,Kabupaten Sijunjung,3,12,"25,0%","0,0%",0,4,0,0,large_yellow
Sumatera Barat,Kabupaten Tanah Datar,23,23,"100,0%","0,0%",0,4,3,0,large_green
Sumatera Barat,Kabupaten Padang Pariaman,25,25,"100,0%","0,0%",0,4,0,0,large_green
Sumatera Barat,Kabupaten Agam,20,22,"90,9%","0,0%",0,4,0,0,large_green
Sumatera Barat,Kabupaten Lima Puluh Kota,22,22,"100,0%","0,0%",0,4,0,0,large_green
Sumatera Barat,Kabupaten Pasaman,1,16,"6,3%","0,0%",0,4,0,0,large_red
Banten,Kota Tangerang Selatan,10,25,"40,0%","0,0%",0,6,0,0,large_green
Dki Jakarta,Kota Jakarta Pusat,36,42,"85,7%","0,0%",0,6,0,0,large_green
Provinsi,Dinas Kesehatan Provinsi Bali,0,0,"0,0%","0,0%",0,2,0,0,large_red
Dki Jakarta,Kota Jakarta Barat,60,75,"80,0%","0,0%",0,6,0,0,large_green
Bali,Kabupaten Jembrana,8,9,"88,9%","0,0%",0,0,0,0,large_green
Dki Jakarta,Kota Jakarta Utara,33,51,"64,7%","0,0%",0,6,0,0,large_green
Bali,Kabupaten Tabanan,3,20,"15,0%","0,0%",0,0,3,0,large_yellow
Provinsi,Dinas Kesehatan Provinsi Jawa Barat,0,0,"0,0%","0,0%",0,2,0,0,large_red
Bali,Kabupaten Badung,3,12,"25,0%","0,0%",0,0,0,0,large_yellow
Jawa Barat,Kabupaten Bogor,76,101,"75,2%","0,0%",0,0,3,0,large_green
Bali,Kabupaten Gianyar,9,13,"69,2%","0,0%",0,0,0,0,large_green
Jawa Barat,Kabupaten Sukabumi,59,58,"101,7%","0,0%",0,0,0,0,large_green
Bali,Kabupaten Klungkung,8,9,"88,9%","0,0%",0,0,0,0,large_green
Jawa Barat,Kabupaten Cianjur,22,45,"48,9%","0,0%",0,0,0,0,large_green
Bali,Kabupaten Bangli,11,12,"91,7%","0,0%",0,0,0,0,large_green
Jawa Barat,Kabupaten Bandung,37,62,"59,7%","0,0%",0,0,3,0,large_green
Bali,Kabupaten Karang Asem,2,12,"16,7%","0,0%",0,0,3,0,large_yellow
Jawa Barat,Kabupaten Garut,38,65,"58,5%","0,0%",0,0,0,0,large_green
Bali,Kabupaten Buleleng,0,20,"0,0%","0,0%",0,0,0,0,large_red
Jawa Barat,Kabupaten Tasikmalaya,11,40,"27,5%","0,0%",0,0,0,0,large_yellow
Sumatera Barat,Kabupaten Solok Selatan,2,8,"25,0%","0,0%",0,4,0,0,large_yellow
Sumatera Barat,Kabupaten Dharmasraya,13,13,"100,0%","0,0%",0,4,0,0,large_green
Sumatera Barat,Kabupaten Pasaman Barat,14,19,"73,7%","0,0%",0,4,0,0,large_green
Sumatera Barat,Kota Padang,21,22,"95,5%","0,0%",0,4,0,0,large_green
Sumatera Barat,Kota Solok,4,4,"100,0%","0,0%",0,4,0,0,large_green
Sumatera Barat,Kota Sawah Lunto,4,6,"66,7%","0,0%",0,4,0,0,large_green
Sumatera Barat,Kota Padang Panjang,4,4,"100,0%","0,0%",0,2,0,0,large_green
Sumatera Barat,Kota Bukittinggi,7,7,"100,0%","0,0%",0,2,0,0,large_green
Sumatera Barat,Kota Payakumbuh,8,8,"100,0%","0,0%",0,4,0,0,large_green
Sumatera Barat,Kota Pariaman,7,7,"100,0%","0,0%",0,4,0,0,large_green
Jawa Barat,Kabupaten Ciamis,8,52,"15,4%","0,0%",0,0,3,0,large_yellow
Jawa Barat,Kabupaten Kuningan,2,37,"5,4%","0,0%",0,0,0,0,large_red
Jawa Barat,Kabupaten Cirebon,50,57,"87,7%","0,0%",0,0,0,0,large_green
Jawa Barat,Kabupaten Majalengka,26,32,"81,3%","0,0%",0,0,0,0,large_green
Jawa Barat,Kabupaten Sumedang,34,35,"97,1%","0,0%",0,0,0,0,large_green
Jawa Barat,Kabupaten Indramayu,40,49,"81,6%","0,0%",0,0,0,0,large_green
Jawa Barat,Kabupaten Subang,3,41,"7,3%","0,0%",0,0,0,0,large_red
Jawa Barat,Kabupaten Purwakarta,3,20,"15,0%","0,0%",0,0,0,0,large_yellow
Jawa Barat,Kabupaten Karawang,3,50,"6,0%","0,0%",0,0,0,0,large_red
Jawa Barat,Kabupaten Bekasi,20,40,"50,0%","0,0%",0,0,0,0,large_green
Provinsi,Dinas Kesehatan Provinsi Riau,0,0,"0,0%","0,0%",10,0,0,0,large_red
Riau,Kabupaten Kuantan Singingi,9,22,"40,9%","0,0%",0,0,0,0,large_green
Riau,Kabupaten Indragiri Hulu,17,20,"85,0%","0,0%",0,0,0,0,large_green
Riau,Kabupaten Indragiri Hilir,3,26,"11,5%","0,0%",0,0,0,0,large_yellow
Riau,Kabupaten Pelalawan,7,14,"50,0%","0,0%",0,0,3,0,large_green
Riau,Kabupaten Siak,1,15,"6,7%","0,0%",0,0,0,0,large_red
Riau,Kabupaten Kampar,6,31,"19,4%","0,0%",0,0,0,0,large_yellow
Riau,Kabupaten Rokan Hulu,14,21,"66,7%","0,0%",0,0,0,0,large_green
Riau,Kabupaten Bengkalis,11,17,"64,7%","0,0%",0,0,0,0,large_green
Riau,Kabupaten Rokan Hilir,4,20,"20,0%","0,0%",0,0,0,0,large_yellow
Jawa Barat,Kabupaten Bandung Barat,27,32,"84,4%","0,0%",0,0,0,0,large_green
Jawa Barat,Kabupaten Pangandaran,0,0,"0,0%","0,0%",0,0,0,0,large_red
Jawa Barat,Kota Bogor,19,24,"79,2%","0,0%",0,0,0,0,large_green
Jawa Barat,Kota Sukabumi,6,15,"40,0%","0,0%",0,0,0,0,large_green
Jawa Barat,Kota Bandung,5,73,"6,8%","0,0%",0,0,0,0,large_red
Jawa Barat,Kota Cirebon,21,22,"95,5%","0,0%",0,0,0,0,large_green
Jawa Barat,Kota Bekasi,11,31,"35,5%","0,0%",0,0,0,0,large_green
Jawa Barat,Kota Depok,31,32,"96,9%","0,0%",0,0,0,0,large_green
Jawa Barat,Kota Cimahi,13,13,"100,0%","0,0%",0,0,0,0,large_green
Jawa Barat,Kota Tasikmalaya,3,20,"15,0%","0,0%",0,0,0,0,large_yellow
Riau,Kabupaten Kepulauan Meranti,9,9,"100,0%","0,0%",0,0,0,0,large_green
Riau,Kota Pekanbaru,19,20,"95,0%","0,0%",0,0,0,0,large_green
Riau,Kota Dumai,2,10,"20,0%","0,0%",0,0,0,0,large_yellow
Provinsi,Dinas Kesehatan Provinsi Jambi,0,0,"0,0%","0,0%",0,0,0,0,large_red
Jambi,Kabupaten Kerinci,14,18,"77,8%","0,0%",0,2,0,0,large_green
Jambi,Kabupaten Merangin,8,19,"42,1%","0,0%",0,2,0,0,large_green
Jambi,Kabupaten Sarolangun,11,13,"84,6%","0,0%",0,2,0,0,large_green
Jambi,Kabupaten Batang Hari,16,17,"94,1%","0,0%",0,2,0,0,large_green
Jambi,Kabupaten Muaro Jambi,17,18,"94,4%","0,0%",0,2,0,0,large_green
Jambi,Kabupaten Tanjung Jabung Timur,16,17,"94,1%","0,0%",0,2,0,0,large_green
