{
  "licenseType": "Unknown",
  "dc:description": "Imported at Mon Apr 02 13:38:32 PDT 2018 from PKM Pandu 2017.",
  "exportable": true,
  "dc:title": "Data Bahan Rakontek 2017 - Pandu",
  "dc:modified": "2018-04-02T20:49:37Z",
  "dc:identifier": "1Q5KI-wLrfJTqILz1ZMK5PRuuguG0tgArSdhe9mAb",
  "tableSchema": {"columns": [
    {
      "datatype": "location",
      "name": "col0",
      "validateData": false,
      "title": "provinsi"
    },
    {
      "datatype": "location",
      "name": "col1",
      "validateData": false,
      "title": "kab_kota"
    },
    {
      "datatype": "double",
      "name": "col2",
      "validateData": false,
      "title": "pkm_pandu"
    },
    {
      "datatype": "double",
      "name": "col3",
      "validateData": false,
      "title": "jml_pkm"
    },
    {
      "datatype": "double",
      "name": "col4",
      "validateData": false,
      "title": "capaian"
    },
    {
      "datatype": "double",
      "name": "col5",
      "validateData": false,
      "title": "Jumlah Lipid Panel & Strip Test 2017"
    },
    {
      "datatype": "double",
      "name": "col6",
      "validateData": false,
      "title": "Rencana DistribusiLipid Panel & Strip Test 2018"
    },
    {
      "datatype": "double",
      "name": "col7",
      "validateData": false,
      "title": "Jumlah SDM 2017"
    },
    {
      "datatype": "double",
      "name": "col8",
      "validateData": false,
      "title": "Rencana Pelatihan SDM 2018"
    },
    {
      "datatype": "double",
      "name": "col9",
      "validateData": false,
      "title": "Keterangan"
    },
    {
      "datatype": "string",
      "name": "col10",
      "validateData": false,
      "title": "Icon Name"
    }
  ]}
}