{
  "licenseType": "Unknown",
  "exportable": true,
  "createdBy": "Dr. Glen MacPherson",
  "dc:title": "World Hum Map and Database (June 25, 2017 update)",
  "dc:modified": "2017-06-26T19:48:15Z",
  "dc:identifier": "1EyjVZqUPpoXGQDa_cry9DqFaBVMOgEyq-3qo85bx",
  "tableSchema": {"columns": [
    {
      "datatype": "date",
      "name": "col0",
      "validateData": false,
      "title": "Timestamp[1]"
    },
    {
      "datatype": "string",
      "name": "col1",
      "validateData": false,
      "title": "When is the sound the loudest?"
    },
    {
      "datatype": "string",
      "name": "col2",
      "validateData": false,
      "title": "Please describe the sound"
    },
    {
      "datatype": "string",
      "name": "col3",
      "validateData": false,
      "title": "Does the sound ever stop? Please tell us about this."
    },
    {
      "datatype": "string",
      "name": "col4",
      "validateData": false,
      "title": "Does the sound ever \"pulse\" or \"throb\"?"
    },
    {
      "datatype": "string",
      "name": "col5",
      "validateData": false,
      "title": "Where is it the loudest?"
    },
    {
      "datatype": "string",
      "name": "col6",
      "validateData": false,
      "title": "Have you tried tracking down the source of the noise?"
    },
    {
      "datatype": "double",
      "name": "col7",
      "validateData": false,
      "title": "When did you start hearing it?"
    },
    {
      "datatype": "date",
      "name": "col8",
      "validateData": false,
      "title": "Can you provide a precise date when you first noticed it? (If \"No\", then leave blank)"
    },
    {
      "datatype": "string",
      "name": "col9",
      "validateData": false,
      "title": "In which ear is it the strongest?"
    },
    {
      "datatype": "string",
      "name": "col10",
      "validateData": false,
      "title": "Does your home have a \"smart meter\"?"
    },
    {
      "datatype": "string",
      "name": "col11",
      "validateData": false,
      "title": "Please list any unusual geographic, geological, or other features in your area"
    },
    {
      "datatype": "string",
      "name": "col12",
      "validateData": false,
      "title": "Which is your dominant hand?"
    },
    {
      "datatype": "string",
      "name": "col13",
      "validateData": false,
      "title": "Your gender"
    },
    {
      "datatype": "double",
      "name": "col14",
      "validateData": false,
      "title": "Please enter your age (just a single number, no words please)"
    },
    {
      "datatype": "string",
      "name": "col15",
      "validateData": false,
      "title": "Medical complaints from The Hum (check all that apply)"
    },
    {
      "datatype": "string",
      "name": "col16",
      "validateData": false,
      "title": "Please list other cities where you have heard it"
    },
    {
      "datatype": "string",
      "name": "col17",
      "validateData": false,
      "title": "Do you have any medical issues with your hearing?"
    },
    {
      "datatype": "string",
      "name": "col18",
      "validateData": false,
      "title": "Did we forget to ask anything? Do you have any other information or details for the project?"
    },
    {
      "datatype": "string",
      "name": "col19",
      "validateData": false,
      "title": "If you have matched The Hum frequency using a tone generator, the frequency is between"
    },
    {
      "datatype": "location",
      "name": "col20",
      "validateData": false,
      "title": "Where is The Hum location you are reporting?DON'T GIVE YOUR HOME ADDRESS. Please give a nearby intersection"
    },
    {
      "datatype": "string",
      "name": "col21",
      "validateData": false,
      "title": "What direction does the Hum seem to come from? (If any)"
    },
    {
      "datatype": "string",
      "name": "col22",
      "validateData": false
    }
  ]}
}