chapter,CITY,STATE,POSTAL_CODE,FORMATTED_ADDRESS,college,region
Alpha Xi Gamma Chapter,"Owensboro, KY",KY,42303-1800,"4800 New Hartford Rd

Owensboro, KY 42303-1800",Owensboro Community and Technical College,Kentucky Region
Beta Alpha Rho Chapter,"Maysville, KY",KY,41056-8910,"1755 US Highway 68

Maysville, KY 41056-8910",Maysville Community and Technical College,Kentucky Region
Xi Sigma Chapter,"Cumberland, KY",KY,40823-1046,"700 College Rd

Cumberland, KY 40823-1046",Southeast Kentucky Community and Technical College,Kentucky Region
Beta Upsilon Alpha Chapter,"Franklin, KY",Kentucky,42134-6222,"175 Davis Dr

Franklin, KY 42134-6222",Southcentral Kentucky Community and Technical College,Kentucky Region
Beta Phi Rho Chapter,Shepherdsville,KY,40165-8512,"505 Buffalo Run Rd Ste 101Shepherdsville, KY 40165-8512",Jefferson Community & Technical College,Kentucky Region
Beta Pi Chi Chapter,Lexington,KY,40504-3307,"2355 Harrodsburg RdLexington, KY 40504-3307",Sullivan University,Kentucky Region
Chi Eta Chapter,Madisonville,KY,42431-9185,"2000 College DrMadisonville, KY 42431-9185",Madisonville Community College,Kentucky Region
Iota Eta Chapter,Paducah,KY,42001-6774,"4810 Alben Barkley DrPaducah, KY 42001-6774",West Kentucky Community and Technical College,Kentucky Region
Alpha Beta Epsilon Chapter,Hazard,KY,41701-2403,"1 Community College DrHazard, KY 41701-2403",Hazard Community & Technical College,Kentucky Region
Alpha Delta Chapter,Hopkinsville,KY,42240-2621,"720 North DrHopkinsville, KY 42240-2621",Hopkinsville Community College,Kentucky Region
Alpha Delta Theta Chapter,Louisville,KY,40202-2005,"109 E Broadway, Bldg JEC 218Louisville, KY 40202-2005",Jefferson Community & Technical College,Kentucky Region
Alpha Lambda Delta Chapter,Elizabethtown,KY,42701-3053,"600 College Street RdElizabethtown, KY 42701-3053",Elizabethtown Community & Technical College,Kentucky Region
Alpha Nu Zeta Chapter,Prestonsburg,KY,41653-1815,"1 Bert Combs DrPrestonsburg, KY 41653-1815",Big Sandy Community & Technical College,Kentucky Region
Alpha Omega Gamma Chapter,"Ashland, KY",KY,41101-3617,"1400 College Dr

Ashland, KY 41101-3617",Ashland Community and Technical College,Kentucky Region
Alpha Phi Kappa Chapter,Lexington,KY,40506-0001,"470 Cooper Dr Rm 233, Moloney BuildingLexington, KY 40506-0001",Bluegrass Community and Technical College,Kentucky Region
Alpha Upsilon Sigma Chapter,Louisville,KY,40272-2653,"1000 Community College DrLouisville, KY 40272-2653",Jefferson Community & Technical College,Kentucky Region
Alpha Eta Epsilon Chapter,"Jackson, KY",KY,41339-1105,"601 Jefferson Ave

Jackson, KY 41339-1105",Hazard Community & Technical College,Kentucky Region
Beta Tau Beta Chapter,"Carrollton, KY",KY,41008-1025,"1607 Hwy 227

Carrollton, KY 41008-1025",Jefferson Community & Technical College,Kentucky Region
Omicron Zeta Chapter,"Somerset, KY",KY,42501-2973,"808 Monticello St

Somerset, KY 42501-2973",Somerset Community College,Kentucky Region
Beta Pi Tau Chapter,"Florence, KY",KY,41042-3224,"500 Technology Way

Florence, KY 41042-3224",Gateway Community and Technical College,Kentucky Region
Phi Kappa Chapter,"Henderson, KY",KY,42420-4623,"2660 S Green St

Henderson, KY 42420-4623",Henderson Community College,Kentucky Region
