{
  "licenseType": "Unknown",
  "dc:description": "Imported at Tue Oct 03 12:25:34 PDT 2017 from Chapters_by_Region_KY.csv.",
  "exportable": true,
  "dc:title": "Phi Theta Kappa chapters in the Kentucky Region",
  "attribution": "Phi Theta Kappa chapters in the Kentucky Region",
  "dc:modified": "2017-10-10T21:36:32Z",
  "dc:identifier": "16U4E76Yzg19p6T0SZBvOFp54WSty1Y_qLErVi7Uw",
  "tableSchema": {"columns": [
    {
      "datatype": "string",
      "name": "col0",
      "validateData": false,
      "title": "chapter"
    },
    {
      "datatype": "location",
      "name": "col1",
      "validateData": false,
      "title": "ADDRESS_1"
    },
    {
      "datatype": "location",
      "name": "col2",
      "validateData": false,
      "title": "ADDRESS_2"
    },
    {
      "datatype": "location",
      "name": "col3",
      "validateData": false,
      "title": "CITY"
    },
    {
      "datatype": "location",
      "name": "col4",
      "validateData": false,
      "title": "STATE"
    },
    {
      "datatype": "string",
      "name": "col5",
      "validateData": false,
      "title": "POSTAL_CODE"
    },
    {
      "datatype": "string",
      "name": "col6",
      "validateData": false,
      "title": "FORMATTED_ADDRESS"
    },
    {
      "datatype": "location",
      "name": "col7",
      "validateData": false,
      "title": "college"
    },
    {
      "datatype": "string",
      "name": "col8",
      "validateData": false,
      "title": "region"
    }
  ]}
}