Latitude,Longitude,VisitId,MarkerType,MarkerIcon,Response1,Response2,Comment
44.06708162,-123.0147507,3329295,Roadway,small_red,Damaged roadway,-----,Pothole
44.06669261,-123.0149071,3329295,Roadway,small_red,Damaged roadway,-----,Pothole
44.06575211,-123.0164896,3329295,Roadway,small_red,Damaged roadway,-----,Pothole
44.06673886,-123.0165647,3329295,Roadway,small_red,Damaged roadway,-----,Pothole
44.06623778,-123.0192845,3329295,Roadway,small_red,Damaged roadway,-----,Pothole
44.06603734,-123.0193864,3329295,Transit,small_yellow,3 to 5 times per week,Other,You should add a bus shelter to this stop
44.06657698,-123.0149125,3329295,WalkBike,small_green,-----,-----,I don't feel safe biking here with all the people turning
44.06655385,-123.0130832,3329295,WalkBike,small_green,-----,-----,Sidewalk too narrow
44.06741725,-123.008089,3329295,Congestion,small_purple,-----,-----,Add some turning lanes to this intersection - the left turn really holds up traffic
44.06812931,-123.0050636,3329295,Other,measle_brown,-----,-----,AWESOME Park
44.06652657,-123.0149652,3329306,Roadway,small_red,New road needed,-----,This should be an overpass in my opinion
44.06769833,-123.0062105,3329306,Safety,small_blue,Other,-----,Kids play in this park! People are going way too fast past it. Someone could get hurt
44.0711518,-122.9965331,3329306,Congestion,small_purple,-----,-----,Not enough lanes here
44.06869277,-122.9991509,3329306,Transit,small_yellow,1 to 2 times per week,Work,I live close to here but I have to walk 3 blocks for the bus
44.06696598,-123.002906,3329306,WalkBike,small_green,-----,-----,No sidewalk for 10m
44.06705849,-123.0087211,3329306,WalkBike,small_green,-----,-----,The main road is too busy - add a bike lane here!
44.070327,-123.0151369,3329306,Transit,small_yellow,I dont take the bus,Other,There should be a bus line along this street
44.06661908,-123.0141069,3329309,Roadway,small_red,New road needed,-----,-----
44.06405963,-123.0120899,3329309,Transit,small_yellow,I dont take the bus,Appointments,-----
44.06476889,-123.0165102,3329309,WalkBike,small_green,-----,-----,Bike lane needed
44.06322702,-123.0185916,3329309,Safety,small_blue,Other,-----,This parking lot is unsafe
44.06122253,-123.0183341,3329309,Congestion,small_purple,-----,-----,FIX THE HIGHWAY
44.06779084,-123.0282475,3329309,Congestion,small_purple,-----,-----,Too many cars come through here around 4pm. I barely make it home
44.06680409,-123.0193426,3329309,Congestion,small_purple,-----,-----,This street is too close to the highway and people exiting just clog it up
44.06766749,-123.0137636,3329313,Roadway,small_red,Damaged roadway,-----,-----
44.06698911,-123.0049016,3329313,WalkBike,small_green,-----,-----,These hidden roadways are super dangerous for me as a biker
44.06850005,-123.00797,3329313,Safety,small_blue,Speed limit too high,-----,-----
44.06948676,-122.999623,3329313,Other,measle_brown,-----,-----,Why isn't there an extra street here?
44.06883923,-123.0029919,3329313,Roadway,small_red,New road needed,-----,Add a road on this side of the park!
44.06751332,-123.0043182,3329316,Roadway,small_red,New road needed,-----,This one is so so damaged
44.06609486,-123.0098972,3329316,Roadway,small_red,-----,-----,Pothole
44.06687283,-123.0195169,3329316,Transit,small_yellow,More than 5 times per week,Work,I go everywhere on the bus
44.06669563,-123.0158486,3329319,Congestion,small_purple,-----,-----,So busy
44.06543134,-123.0134454,3329319,Other,measle_brown,-----,-----,I don’t like this loop
44.06831469,-123.0088919,3329319,WalkBike,small_green,-----,-----,No sidewalk on one side
44.07001094,-123.0091676,3329321,Roadway,small_red,-----,-----,-----
44.06883923,-123.0123005,3329321,Roadway,small_red,New road needed,-----,-----
44.07019266,-122.9982963,3329321,Transit,small_yellow,I dont take the bus,-----,I don’t take it cause there’s no bus line near me!!!
44.06596823,-122.9967085,3329321,WalkBike,small_green,-----,-----,I don’t like walking here
44.0668695,-123.0022777,3329321,WalkBike,small_green,-----,-----,"Walking here is too dangerous, you try it!"
44.06998011,-123.0152227,3329318,Transit,small_yellow,1 to 2 times per week,Work,-----
44.06705623,-123.0110162,3329318,Safety,small_blue,Speed limit too high,-----,People go way too fast here
44.06717248,-123.0029928,3329318,Safety,small_blue,Needs additional signage,-----,"People turn off the main road and assume the speed limit is the same, but it's not! Add a sign to get people to slow down"
44.06880676,-122.9968344,3329318,Congestion,small_purple,-----,-----,"way too busy, add more lanes"
44.06936178,-122.987157,3329318,Other,measle_brown,-----,-----,Why hasn't the city done something with this land?
44.06846921,-123.0113992,3329322,WalkBike,small_green,-----,-----,-----
44.0684489,-123.0175592,3329322,Safety,small_blue,-----,-----,All these turns are hard to navigate!
44.06598204,-123.0173446,3329322,Congestion,small_purple,-----,-----,-----
44.06661908,-123.0150082,3329325,Transit,small_yellow,1 to 2 times per week,School,Add shelter! In case you forgot it does rain in this city sometimes
44.06372042,-123.0077984,3329325,Transit,small_yellow,-----,-----,Put a bus stop on R street
44.06558777,-122.9960682,3329325,Other,measle_brown,-----,-----,This parking lot is always packed with people who aren't shopping. There should be regulations!
44.06513893,-123.0085668,3329326,WalkBike,small_green,-----,-----,-----
44.06982594,-123.0026016,3329326,Safety,small_blue,Speed limit too high,-----,We need a crosswalk
44.06745715,-123.0079742,3329329,Safety,small_blue,-----,-----,-----
44.06572075,-123.0137203,3329329,Congestion,small_purple,-----,-----,It's so hard getting around this weird cul de sac loop
44.06409047,-123.0193855,3329331,Roadway,small_red,-----,-----,-----
44.07001604,-123.016648,3329331,Transit,small_yellow,-----,-----,-----
44.06690169,-123.0174849,3329331,Safety,small_blue,-----,-----,This turn is too tight
44.0643731,-122.9965422,3329331,Congestion,small_purple,-----,-----,This intersection is a mess!
44.0665625,-122.9938814,3329331,Other,measle_brown,-----,-----,This lane can be hard to access. Maybe add some new signs?
44.06433717,-123.015094,3329337,Transit,small_yellow,3 to 5 times per week,School,-----
44.06954843,-123.0060818,3329337,WalkBike,small_green,-----,-----,Add some bike parking near the park
44.06797585,-123.0077555,3329339,WalkBike,small_green,-----,-----,Bike racks need to be installed here
44.0685482,-123.0020911,3329339,WalkBike,small_green,-----,-----,There's no bike parking near here
44.0665497,-123.010781,3329341,WalkBike,small_green,-----,-----,Hard to get here on a bike
44.06718734,-122.9936819,3329341,Safety,small_blue,Needs additional signage,-----,All these loops make it impossible to get around. People get lost so easily!
44.067064,-122.9894333,3329341,Other,measle_brown,-----,-----,This stream should be a bigger focus
44.06985677,-123.0147936,3329342,Transit,small_yellow,1 to 2 times per week,Appointments,-----
44.06878934,-123.01125,3329342,Congestion,small_purple,-----,-----,-----
44.07113275,-123.0227728,3329342,Roadway,small_red,New road needed,-----,-----
44.07631258,-123.0309482,3329342,Congestion,small_purple,-----,-----,-----
44.07190358,-123.0293818,3329342,Congestion,small_purple,-----,-----,-----
44.06306938,-123.026435,3329342,Congestion,small_purple,-----,-----,-----
44.06099359,-123.0242083,3329342,Congestion,small_purple,-----,-----,-----
44.0612403,-123.0213115,3329342,Congestion,small_purple,-----,-----,-----
44.06114779,-123.0196593,3329342,Congestion,small_purple,-----,-----,-----
44.06151785,-123.0181787,3329342,Congestion,small_purple,-----,-----,-----
44.06211685,-122.9998161,3329351,Congestion,small_purple,-----,-----,-----
44.06214768,-123.0033352,3329351,Congestion,small_purple,-----,-----,The highway is PACKED
44.06248691,-123.0094292,3329351,Safety,small_blue,-----,-----,The underpass isn't maintained enough
44.06163562,-123.0259346,3329351,WalkBike,small_green,-----,-----,There should be a bike/pedestrian underpass too
44.06529831,-123.020735,3329351,Transit,small_yellow,3 to 5 times per week,School,"No bus stop here, add one"
44.07290366,-123.0077403,3329351,Safety,small_blue,Other,-----,"Kids play here, but cars still whip around"
44.06991844,-123.0158665,3329355,Roadway,small_red,New road needed,-----,This road is super damaged
44.07169253,-123.0117403,3329355,Safety,small_blue,Other,-----,This little cul de sac is so loud
44.06618628,-123.0101778,3329355,WalkBike,small_green,-----,-----,I don't like biking here when there's no separator between traffic and cyclists
44.06822319,-123.0049452,3329355,WalkBike,small_green,-----,-----,You should add a walking trail around the park
44.06924008,-123.0160381,3329358,Roadway,small_red,-----,-----,-----
44.07093596,-123.0250718,3329358,Transit,small_yellow,-----,-----,Add a new bus route!
44.06327442,-123.0030043,3329358,Other,measle_brown,-----,-----,-----
44.06590984,-123.0085668,3329363,Transit,small_yellow,-----,-----,-----
44.06745164,-123.011528,3329363,Transit,small_yellow,-----,-----,-----
44.06745133,-123.0023269,3329363,Transit,small_yellow,-----,-----,-----
44.06430633,-123.0182697,3329361,Roadway,small_red,-----,-----,-----
44.06208601,-123.0180766,3329361,Roadway,small_red,-----,-----,Pothole
44.06220936,-123.0205657,3329361,Roadway,small_red,-----,-----,Pothole
44.05884789,-123.0195357,3329361,Roadway,small_red,-----,-----,Pothole
44.06032974,-123.0157184,3329361,Roadway,small_red,-----,-----,Pothole
44.05807843,-123.0168342,3329361,Roadway,small_red,-----,-----,Pothole
44.06376044,-123.0092027,3329367,Roadway,small_red,-----,-----,Pothole
44.06363709,-123.0119707,3329367,Roadway,small_red,-----,-----,Pothole
44.06403798,-123.0137088,3329367,Roadway,small_red,-----,-----,Pothole
44.06317452,-123.0120995,3329367,Roadway,small_red,-----,-----,Pothole
44.06302033,-123.0094817,3329367,Roadway,small_red,-----,-----,Pothole
44.06597457,-123.0137937,3329367,WalkBike,small_green,-----,-----,-----
44.0690273,-123.019244,3329367,Transit,small_yellow,1 to 2 times per week,School,-----
44.06913586,-123.0033778,3329367,WalkBike,small_green,-----,-----,We need bike parking around Page Park
44.06996839,-123.0127119,3329367,Transit,small_yellow,-----,-----,Add a bus line!
44.07094376,-123.0250247,3329367,Roadway,small_red,Damaged roadway,-----,-----
44.07075875,-123.0321272,3329367,Roadway,small_red,Damaged roadway,-----,-----
44.07091292,-123.0344017,3329367,Roadway,small_red,Damaged roadway,-----,-----
44.06927092,-123.0116608,3329380,Transit,small_yellow,-----,-----,-----
44.06683493,-123.0110385,3329380,Safety,small_blue,Needs additional signage,-----,Lower the sleep limit!
44.06618737,-123.014064,3329383,Transit,small_yellow,-----,-----,-----
44.06930175,-123.019643,3329383,Safety,small_blue,-----,-----,-----
44.06806835,-123.025458,3329383,Transit,small_yellow,-----,-----,-----
44.06575566,-122.9952886,3329383,Other,measle_brown,-----,-----,This river is underserviced
44.06217852,-122.9923059,3329383,Congestion,small_purple,-----,-----,-----
44.06310367,-122.9968979,3329383,Congestion,small_purple,-----,-----,This underpass is so crowded
44.06261026,-122.9978849,3329383,WalkBike,small_green,-----,-----,Add a pedestrian underpass
44.06101365,-122.9980579,3329383,WalkBike,small_green,-----,-----,Need a bike lane leading to all these shops
44.06476889,-123.0122616,3329386,WalkBike,small_green,-----,-----,-----
44.06523144,-123.0178835,3329386,Transit,small_yellow,3 to 5 times per week,School,-----
44.06260593,-123.0164987,3329386,Transit,small_yellow,3 to 5 times per week,Work,-----
44.06692744,-123.0159094,3329387,Transit,small_yellow,I dont take the bus,Work,-----
44.06516977,-123.0146648,3329387,WalkBike,small_green,-----,-----,-----
44.06803752,-123.0101587,3329387,WalkBike,small_green,-----,-----,-----
44.06261026,-123.0148365,3329388,Transit,small_yellow,-----,-----,-----
44.06180846,-123.011532,3329388,WalkBike,small_green,-----,-----,-----
44.06470721,-123.0029489,3329388,Safety,small_blue,-----,-----,-----
44.06159259,-122.9966618,3329388,Congestion,small_purple,-----,-----,-----
44.06233271,-123.0058028,3329388,Congestion,small_purple,-----,-----,-----
44.06402879,-123.0162098,3329389,Transit,small_yellow,-----,-----,-----
44.05912545,-123.0187418,3329389,Transit,small_yellow,-----,-----,-----
44.06547813,-122.999859,3329389,Safety,small_blue,-----,-----,-----
44.07602332,-123.0009748,3329389,Other,measle_brown,-----,-----,-----
44.07546836,-123.0005886,3329389,WalkBike,small_green,-----,-----,-----
44.07412744,-123.0299042,3329389,Congestion,small_purple,-----,-----,-----
44.08048849,-123.0308052,3329389,Congestion,small_purple,-----,-----,-----
44.07916283,-123.0310841,3329389,Congestion,small_purple,-----,-----,-----
44.07888537,-123.0309554,3329389,Congestion,small_purple,-----,-----,-----
44.07879288,-123.0311271,3329389,Congestion,small_purple,-----,-----,-----
44.07864391,-123.0309297,3329392,Congestion,small_purple,-----,-----,-----
44.07741071,-123.030801,3329392,Congestion,small_purple,-----,-----,-----
44.07654745,-123.0316593,3329392,Congestion,small_purple,-----,-----,-----
44.08357647,-123.0396416,3329392,Congestion,small_purple,-----,-----,-----
44.08437797,-123.0432894,3329392,Congestion,small_purple,-----,-----,-----
44.06274248,-123.0191616,3329392,WalkBike,small_green,-----,-----,-----
44.0728168,-123.013034,3329394,WalkBike,small_green,-----,-----,-----
44.08462536,-123.0564843,3329394,Congestion,small_purple,-----,-----,-----
44.08820115,-123.0455838,3329394,Congestion,small_purple,-----,-----,-----
44.08721474,-123.0458413,3329394,Congestion,small_purple,-----,-----,-----
44.06726663,-123.0109741,3329395,WalkBike,small_green,-----,-----,-----
44.06634155,-123.0100729,3329395,Safety,small_blue,-----,-----,-----
44.0622402,-122.9984857,3329395,Congestion,small_purple,-----,-----,-----
44.0621126,-123.0198162,3329396,Roadway,small_red,-----,-----,Potholes!
44.06075569,-123.0233352,3329396,Safety,small_blue,Speed limit too high,-----,-----
44.06340779,-123.0434625,3329396,Safety,small_blue,Speed limit too high,-----,-----
44.06291439,-123.0503719,3329396,Congestion,small_purple,-----,-----,-----
44.0592754,-123.0493419,3329396,Congestion,small_purple,-----,-----,-----
44.05828851,-123.0493419,3329396,Congestion,small_purple,-----,-----,-----
44.06220936,-123.0097296,3329397,WalkBike,small_green,-----,-----,-----
44.06005064,-123.0131628,3329397,WalkBike,small_green,-----,-----,-----
44.06196265,-122.9939367,3329397,Congestion,small_purple,-----,-----,-----
44.06227104,-123.0035498,3329397,Congestion,small_purple,-----,-----,-----
44.06208601,-123.0060388,3329397,Congestion,small_purple,-----,-----,-----
44.07004178,-123.0153086,3329398,Transit,small_yellow,3 to 5 times per week,Work,-----
44.07050429,-123.0274751,3329398,Transit,small_yellow,3 to 5 times per week,Work,-----
44.06319618,-123.0263378,3329398,Roadway,small_red,New road needed,-----,This road is damaged
44.06218536,-123.028042,3329398,Transit,small_yellow,-----,-----,-----
44.05495024,-123.0229463,3329398,WalkBike,small_green,-----,-----,Add a bike lane
44.05609138,-123.0167235,3329398,Safety,small_blue,Speed limit too high,-----,-----
44.06167344,-122.9982485,3329398,WalkBike,small_green,-----,-----,Bike underpass
44.05917546,-123.0001153,3329398,WalkBike,small_green,-----,-----,Bike lane
44.07099763,-123.0190851,3329449,WalkBike,small_green,-----,-----,-----
44.07448174,-123.0292775,3329449,Transit,small_yellow,1 to 2 times per week,School,No transit comes this way!
44.07449275,-123.0199587,3329449,Other,measle_brown,-----,-----,Why isn't there a walkway here
44.06468738,-122.9835022,3329449,Congestion,small_purple,-----,-----,-----
44.06641423,-122.9719579,3329449,Congestion,small_purple,-----,-----,-----
44.06814103,-122.9700696,3329449,Congestion,small_purple,-----,-----,-----
44.0712443,-123.0183985,3329505,Transit,small_yellow,More than 5 times per week,School,-----
44.0551257,-123.0222774,3329505,Safety,small_blue,Needs additional signage,-----,-----
44.08398679,-122.9829669,3329505,Other,measle_brown,-----,-----,Why aren't we developing over here?
44.0698616,-123.0097888,3329505,Transit,small_yellow,1 to 2 times per week,School,Add a bus line!
44.06516977,-123.0118324,3329692,Roadway,small_red,Damaged roadway,-----,crumbled road
44.06495391,-123.0156948,3329692,Transit,small_yellow,I dont take the bus,School,-----
44.06609486,-123.0065967,3329692,WalkBike,small_green,-----,-----,I bike along this route to go home
44.06664991,-123.0011036,3329692,Safety,small_blue,Needs additional signage,-----,I cannot see in the dark
44.0697026,-123.0044081,3329692,Congestion,small_purple,-----,-----,This street is always full of parked cars
44.06769833,-122.9958894,3329692,Other,measle_brown,-----,-----,Please advice on how to cross the street
44.06467638,-123.0189134,3329745,Roadway,small_red,New road needed,-----,crumbled road
44.0673283,-123.0185487,3329745,Transit,small_yellow,1 to 2 times per week,Appointments,Needs a new bus stop
44.06649573,-123.0195572,3329745,Roadway,small_red,Other,-----,There are always safety cones here
44.06467638,-123.0207159,3329745,Roadway,small_red,New road needed,-----,Road needs to be repaved!!!!
44.06541646,-123.0167677,3329745,Roadway,small_red,New road needed,-----,Farm vehicles disrupt road traffic and need a separate route
44.06405963,-123.014579,3329745,Roadway,small_red,Other,-----,crumbled road
44.06661908,-123.0245783,3329745,Roadway,small_red,Damaged roadway,-----,crumbled road
44.06711245,-123.0124761,3329745,WalkBike,small_green,-----,-----,Needs pedestrian lights
44.06745164,-123.0152227,3329745,Safety,small_blue,-----,-----,-----
44.06535479,-123.0100514,3329745,Safety,small_blue,Speed limit too high,-----,need to adjust speed limit here
44.06532395,-123.011811,3329745,Safety,small_blue,Needs additional signage,-----,please add pedestrian crossing signage
44.06754415,-123.0064895,3329745,Congestion,small_purple,-----,-----,traffic here is especially bad during rush hours
44.06729747,-122.996855,3329745,Other,measle_brown,-----,-----,it would be great if we can reduce the speed here as there are people who do not care about speed limits
44.06853088,-122.9987218,3329745,Congestion,small_purple,-----,-----,-----
44.06816086,-123.0017902,3329785,Congestion,small_purple,-----,-----,This is a common congestion point
44.06877756,-122.9979922,3329785,Congestion,small_purple,-----,-----,it would be nice to have more regulated traffic rules here as it is always congested
44.0710593,-123.0033352,3329785,Congestion,small_purple,-----,-----,there are a lot of parked cars
44.06902424,-123.0063822,3329785,WalkBike,small_green,-----,-----,This area needs a bike lane
44.06797585,-123.0041935,3329785,WalkBike,small_green,-----,-----,Please add a pedestrian walkway here
44.06572781,-123.0087983,3329785,Transit,small_yellow,More than 5 times per week,Appointments,bus stops infrequently or not according to schedule
44.06689958,-123.0126914,3329785,Transit,small_yellow,1 to 2 times per week,Work,The bus stop is always crowded and I can never get on a bus on time
44.06730045,-123.0191073,3329785,Roadway,small_red,Damaged roadway,-----,-----
44.06360005,-123.016983,3329785,Safety,small_blue,Speed limit too high,-----,-----
44.06492605,-123.0142364,3329785,Other,measle_brown,-----,-----,There's a choke point here that needs to be addressed. There are too many hazards that makes the road hard to turn in to
44.06837969,-123.0106315,3329785,Safety,small_blue,Speed limit too high,-----,Need to add speed limit signs
44.06510809,-123.0028631,3329788,Other,measle_brown,-----,-----,Need to block this part of the road.
44.06902424,-123.0077984,3329788,Other,measle_brown,-----,-----,This is supposed to be a private road but motorists still enter
44.06837671,-123.0115535,3329788,WalkBike,small_green,-----,-----,I walk here to go to work and there are unpaved sections of crosswalk that need to be fixed!!!!
44.06464554,-123.0139996,3329788,Transit,small_yellow,How often to do take the bus,Appointments,-----
44.06871589,-123.0031421,3329788,Safety,small_blue,Speed limit too high,-----,May need to put barriers to slow cars down
44.06658824,-122.9988505,3329788,Congestion,small_purple,-----,-----,rumble strips are causing congestion.. cars driving too slow
44.06862339,-122.9951383,3329788,Other,measle_brown,-----,-----,This is where I live and there are too many cyclists getting into accidents here. Need to add lights maybe or block off cyclists from entering this area as a shortcut.Private residents only
44.06597152,-123.0020477,3329809,Congestion,small_purple,-----,-----,The street is too tight and needs to be expanded
44.06523144,-123.0208446,3329809,Transit,small_yellow,More than 5 times per week,Other,-----
44.06427549,-123.0152442,3329809,Congestion,small_purple,-----,-----,-----
44.06362791,-123.0191924,3329809,Safety,small_blue,Other,-----,Need to add lighted crosswalk
44.06609486,-123.0144288,3329809,Safety,small_blue,Needs additional signage,-----,Please another speed limit sign here
44.06680409,-123.0064251,3329809,Congestion,small_purple,-----,-----,Choke point here needs to be addressed
44.06813002,-122.9952027,3329809,Other,measle_brown,-----,-----,potholes
44.06973344,-122.9987432,3329809,Other,measle_brown,-----,-----,-----
44.06924008,-123.0030562,3329809,WalkBike,small_green,-----,-----,-----
