{
  "licenseType": "Unknown",
  "dc:description": "This is demo Map Marker data exported directly from the MetroQuest Data Center into Google Maps, with immediate sharability. You can click on individual points to see what marker type was dropped, answers to any questions, and comments.",
  "exportable": true,
  "dc:title": "MetroQuest Map Marker Data Example - Google Maps",
  "dc:modified": "2018-11-30T16:02:36Z",
  "dc:identifier": "1WbkSz76Xmr8IOpMfWakEzG_un_rTXu8qcqnzb6gv",
  "tableSchema": {"columns": [
    {
      "datatype": "location",
      "name": "col0",
      "validateData": false,
      "title": "Latitude",
      "latitudeLongitudeColumns": {
        "latitudeColumn": "col0",
        "longitudeColumn": "col1"
      }
    },
    {
      "datatype": "double",
      "name": "col1",
      "validateData": false,
      "title": "Longitude",
      "latitudeLongitudeColumns": {
        "latitudeColumn": "col0",
        "longitudeColumn": "col1"
      }
    },
    {
      "datatype": "double",
      "name": "col2",
      "validateData": false,
      "title": "VisitId"
    },
    {
      "datatype": "string",
      "name": "col3",
      "validateData": false,
      "title": "MarkerType"
    },
    {
      "datatype": "string",
      "name": "col4",
      "validateData": false,
      "title": "MarkerIcon"
    },
    {
      "datatype": "string",
      "name": "col5",
      "validateData": false,
      "title": "Response1"
    },
    {
      "datatype": "string",
      "name": "col6",
      "validateData": false,
      "title": "Response2"
    },
    {
      "datatype": "string",
      "name": "col7",
      "validateData": false,
      "title": "Comment"
    }
  ]}
}