{
  "licenseType": "Unknown",
  "dc:description": "Imported at Fri Feb 26 07:25:10 PST 2016 from 20-21 Μαρτίου Πείραμα Ερατοσθένη (Απαντήσεις).",
  "exportable": true,
  "dc:title": "20-21 Μαρτίου Πείραμα Ερατοσθένη (Απαντήσεις)",
  "dc:modified": "2017-03-12T15:21:58Z",
  "dc:identifier": "1g8n2wXvFE0l0r7vSeR5rYqSTtlZ1JEqT1jZLlkw0",
  "tableSchema": {"columns": [
    {
      "datatype": "date",
      "name": "col0",
      "validateData": false,
      "title": "Χρονική σήμανση"
    },
    {
      "datatype": "string",
      "name": "col1",
      "validateData": false,
      "title": "ΚΑΤΗΓΟΡΙΑ ΣΧΟΛΕΙΟΥ"
    },
    {
      "datatype": "string",
      "name": "col2",
      "validateData": false,
      "title": "ΟΝΟΜΑ ΣΧΟΛΕΙΟΥ"
    },
    {
      "datatype": "string",
      "formatPattern": "<img src='%s' height='60'/>",
      "name": "col3",
      "validateData": false,
      "title": "ΕΚΦΕ ΠΟΥ ΥΠΟΣΤΗΡΙΖΕΙ ΤΟ ΣΧΟΛΕΙΟ ΣΑΣ"
    },
    {
      "datatype": "string",
      "name": "col4",
      "validateData": false,
      "title": "ΟΝΟΜΑΤΕΠΩΝΥΜΟ Α' ΕΚΠΑΙΔΕΥΤΙΚΟΥ"
    },
    {
      "datatype": "string",
      "name": "col5",
      "validateData": false,
      "title": "E-mail Α' ΕΚΠΑΙΔΕΥΤΙΚΟΥ"
    },
    {
      "datatype": "string",
      "name": "col6",
      "validateData": false,
      "title": "ΟΝΟΜΑΤΕΠΩΝΥΜΟ Β' ΕΚΠΑΙΔΕΥΤΙΚΟΥ"
    },
    {
      "datatype": "string",
      "name": "col7",
      "validateData": false,
      "title": "E-mail Β' ΕΚΠΑΙΔΕΥΤΙΚΟΥ"
    },
    {
      "datatype": "string",
      "name": "col8",
      "validateData": false,
      "title": "ΟΝΟΜΑΤΕΠΩΝΥΜΟ Γ' ΕΚΠΑΙΔΕΥΤΙΚΟΥ"
    },
    {
      "datatype": "string",
      "name": "col9",
      "validateData": false,
      "title": "E-mail Γ' ΕΚΠΑΙΔΕΥΤΙΚΟΥ"
    },
    {
      "datatype": "location",
      "name": "col10",
      "validateData": false,
      "title": "ΓΕΩΓΡΑΦΙΚΟ ΠΛΑΤΟΣ",
      "latitudeLongitudeColumns": {
        "latitudeColumn": "col10",
        "longitudeColumn": "col11"
      }
    },
    {
      "datatype": "double",
      "name": "col11",
      "validateData": false,
      "title": "ΓΕΩΓΡΑΦΙΚΟ ΜΗΚΟΣ"
    },
    {
      "datatype": "double",
      "name": "col12",
      "validateData": false,
      "title": "ΑΡΙΘΜΟΣ ΜΑΘΗΤΩΝ ΠΟΥ ΣΥΜΜΕΤΕΙΧΑΝ"
    },
    {
      "datatype": "string",
      "name": "col13",
      "validateData": false,
      "title": "ΗΜΕΡΟΜΗΝΙΑ ΠΡΑΓΜΑΤΟΠΟΙΗΣΗΣ ΤΗΣ ΜΕΤΡΗΣΗΣ"
    },
    {
      "datatype": "string",
      "name": "col14",
      "validateData": false,
      "title": "ΥΨΟΣ ΑΝΤΙΚΕΙΜΕΝΟΥ (cm)"
    },
    {
      "datatype": "string",
      "name": "col15",
      "validateData": false,
      "title": "ΜΗΚΟΣ ΣΚΙΑΣ (cm)"
    },
    {
      "datatype": "string",
      "name": "col16",
      "validateData": false,
      "title": "ΑΚΤΙΝΑ ΤΗΣ ΓΗΣ ΠΟΥ ΥΠΟΛΟΓΙΣΑΤΕ (km)"
    }
  ]}
}