{
  "licenseType": "Unknown",
  "dc:description": "This map tracks agencies authorized to fly drones in the United States. It summarizes records provided by the Federal Aviation Administration (FAA) to the Electronic Frontier Foundation in response to EFF's Freedom of Information Act request. ",
  "exportable": true,
  "dc:title": "EFF Map of Domestic Drone Flights",
  "attribution": "Electronic Frontier Foundation",
  "attributionLink": "https://www.eff.org/foia/faa-drone-authorizations",
  "dc:modified": "2013-02-08T18:24:03Z",
  "dc:identifier": "1WuTyH62PmUF97oxo6IreT1BL_aw9HJN5pocwmwg",
  "tableSchema": {"columns": [
    {
      "datatype": "string",
      "name": "col0",
      "validateData": false,
      "title": "Governmental Body/Entity"
    },
    {
      "datatype": "string",
      "name": "col1",
      "validateData": false,
      "title": "Type of Drone"
    },
    {
      "datatype": "location",
      "name": "col2",
      "validateData": false,
      "title": "General Location of Drone Activity"
    },
    {
      "datatype": "string",
      "name": "col3",
      "validateData": false,
      "title": "Stated objective/purpose of COA"
    },
    {
      "datatype": "string",
      "name": "col4",
      "validateData": false,
      "title": "Summary of Authorized Operations"
    },
    {
      "datatype": "date",
      "name": "col5",
      "validateData": false,
      "title": "Effective Dates"
    },
    {
      "datatype": "string",
      "name": "col6",
      "validateData": false,
      "title": "Comments"
    },
    {
      "datatype": "string",
      "name": "col7",
      "validateData": false,
      "title": "Status"
    },
    {
      "datatype": "string",
      "name": "col8",
      "validateData": false,
      "title": "Link to Records"
    }
  ]}
}