Name,OS Grid Ref,Latitude,Longitude,SMR,County Area,Parish,Townland,Dedication,Cure,Feast day,Access,URL,Image,Offerings,Usage,Blessed fish,Tree,Water,Stones
"St Peakaun's well, church & cell",S00554 28466,52.40815955,-7.99259253,TS075-023005,Tipperary,Ardane,Toureen,St Peakaun,Burns,1 August,Public,https://holywellsofcork.com/2018/06/13/diversions-in-tipperary-part-1/,https://i0.wp.com/holywellsofcork.com/wp-content/uploads/2018/06/IMG_0339-Edit.jpg,None,Occasional,trout,whitethorn,clean,bullaun
St Moling's,S72904 38122,52.49006266,-6.9274349,CW026-011011,Carlow,St Mullins,St Mullins,St Moling,Eyes,17 June,Public,https://holywellsofcork.com/2018/07/15/st-moling-wading-against-the-flow/,https://i2.wp.com/holywellsofcork.com/wp-content/uploads/2018/07/IMG_0254.jpg,rosaries,Regular,trout,now gone,clean,carved
St Berrihert's Well ,R 94939 28612,52.40944824,-8.07509103,TS074-011,Tipperary,Bansha,Ardane,St Berrihert,Burns,18 February,Permissable,https://holywellsofcork.com/2018/06/17/diversions-in-tipperary-part-2/,https://i2.wp.com/holywellsofcork.com/wp-content/uploads/2018/06/IMG_0386-Edit.jpg,statues,Regular,None,rag,,crosses
St Declan's WEll,X 19813 77312,51.94809821,-7.71257173,W AO40-011002,Waterford,Ardmore,Dysert,St Declan,Eyes,24 July,Public,https://holywellsofcork.com/2017/07/01/st-declans-well-ardmore/,https://holywellsofcork.files.wordpress.com/2017/06/img_8827-edit-tif.jpg,rosaries,Regular,,,clean,crosses
St Peter's Well,W80984 95549,52.11201719,-8.27828688,CO035-069,,Castlelyons,Corrin,St Peter,General,June 29,Not found,https://holywellsofcork.com/2018/10/15/motorway-madness-9-possible-wells-off-the-m8/,https://i2.wp.com/holywellsofcork.com/wp-content/uploads/2018/10/IMG_0155.jpg,,Not found,,,,
St Colmcille's Well,S 63345 37894,52.48921443,-7.06820189,KK032-017011,Kilkenny,Inistioge,Inistioge,St Colmcille,Feet,9 June,Public,https://holywellsofcork.com/2018/07/23/two-prophets-st-colmcille-st-moling/,https://i1.wp.com/holywellsofcork.com/wp-content/uploads/2018/07/IMG_0157.jpg,coins,Regular,trout,,clean,carved
St Moling's Well,S60172 31344,52.43071592,-7.11609617,KK036-040,Kilkenny,Kilkenny West,Mullenakill,St Moling,Feet,20 August,Public,https://holywellsofcork.com/2018/07/23/two-prophets-st-colmcille-st-moling/,https://i1.wp.com/holywellsofcork.com/wp-content/uploads/2018/07/IMG_0224-Edit.jpg,statues,Regular,,None,clean,carved
"St Connall's Well, Tobar Conail",W05786 31668,51.530367,-9.358363539,CO141-103,West Cork,Aughadown,Glebe,St Connall,General,,Permissable,https://holywellsofcork.com/2016/04/08/roaringwater-wells/,https://i0.wp.com/holywellsofcork.com/wp-content/uploads/2016/04/img_3442.jpg,,,,blackthorn,scummy,
Lady's Well,Q75708 28285,52.392423982,-9.82652615,KE014-062,North Kerry,Ballyheigue,Dirtane,BVM,Eyes,8 September,Public,https://holywellsofcork.com/2019/09/15/cream-pies-crubeens-pattern-day-in-ballyheigue/,"https://i2.wp.com/holywellsofcork.com/wp-content/uploads/2019/09/IMG_4857.jpg
",rosaries,Regular,trout,,clean,
"St Macadaw, St Erc",Q70037 31926,52.42380955,-9.91119454,KE013-026,North Kerry,Ballyheigue,Glenderry,St Erc,General,,Not found,https://holywellsofcork.com/2019/10/12/st-macadaws-well-yet-to-be-discovered/,"https://i2.wp.com/holywellsofcork.com/wp-content/uploads/2019/10/IMG_4844.jpg
",,,,,,
St Dahalin's Well,Q 73508 31927,52.4246359,-9.86019914,KE014-002,North Kerry,Ballyheigue,Glandahalin East,St Dahalin,Eyes,4 June,Public,https://holywellsofcork.com/2019/10/20/the-holy-girl-the-wayward-boys/,https://i2.wp.com/holywellsofcork.com/wp-content/uploads/2019/10/IMG_4821-Edit.jpg,rosaries,Regular,trout,,clean,
Abbey Well,W 63482 59647,51.70759734,-8.52899713,CO112-033001,West Cork,Kinsale,Abbeylands,BVM,General,15 August,Public,https://holywellsofcork.com/2016/11/03/two-kinsale-wells/,https://holywellsofcork.files.wordpress.com/2016/10/img_0019-edit-tif.jpg,,Occasional,,,clean,
Abbey's Well,W 46844 94337,52.09883327,-8.77617916,CO041-031002,North Cork,Kilshannig,Kilgobnet,St Gobnait,Lameness,11 February ,Public,https://holywellsofcork.com/2017/09/09/meandering-south-of-mallow/,https://holywellsofcork.files.wordpress.com/2017/09/20170817-img_0868170817-2.jpg,coins,Regular,eel,None,dry,crosses
All saints' Well,W 63331 574599,51.92230753,-8.53310188,CO074-001,North Cork,Grenagh,Killeen Lower,All Saints,Arthritis,1 November,Permissable,https://holywellsofcork.com/2017/05/25/a-bit-of-blarney/,https://holywellsofcork.files.wordpress.com/2017/05/img_7696-edit-2-tif.jpg,statues,Regular,,,clean,carved
Altar,V 85977 30220,51.51370622,-9.64323392,None,West Cork,Kilmoe,Toormore,None,General,None,Private,https://holywellsofcork.com/2016/02/16/four-rather-obscure-wells-on-the-mizen/,https://holywellsofcork.files.wordpress.com/2016/02/20160215-img_1151160215.jpg,,Abandoned,,,,
An Inse Mhór,W 12303 77507,51.94327166,-9.27602233,CO057-009,West Cork,Ballyvourney,An Inse Mhór,None,Cattle,None,Public,https://holywellsofcork.com/2018/07/08/old-friends-revisited/,https://i0.wp.com/holywellsofcork.com/wp-content/uploads/2018/07/IMG_0216.jpg,,Abandoned,,,clean,
Ania's Well,W 53464 95500,52.10994535,-8.67996652,CO032-117,North Cork,Kilshannig,Dromore,St Anne,Warts,26 July,Not found,https://holywellsofcork.com/2017/09/09/meandering-south-of-mallow/,,,Not found,,,,
Bishop's Head,V 98073 33468,51.54520247,-9.46999035,CO140-050002,West Cork,Schull,Stouke,None,Warts,24th June,Public,https://holywellsofcork.com/2017/07/23/a-clutch-of-bullauns/,https://holywellsofcork.files.wordpress.com/2017/07/img_9423-edit-tif.jpg,coins,Occasional,,,scummy,bullaun
Blessed Well,V 88083 35285,51.55962918,-9.61451662,CO139-082,West Cork,Schull,Cashelfean,None,Eyes,None,Private,https://holywellsofcork.com/2017/10/02/close-encounters-of-the-bovine-kind/,https://holywellsofcork.files.wordpress.com/2017/10/img_2100.jpg,,Abandoned,,,scummy,
"Blessed Well, Tobar Beannaithe",V85950 48874,51.68128388,-9.64967407,CO0117-012,West Cork,Kilcaskan,Roosk,None,General,None,Public,https://holywellsofcork.com/2017/03/19/found-lost-unknown-three-beara-wells/,https://holywellsofcork.files.wordpress.com/2017/03/img_4876.jpg,coins,Abandoned,,,scummy,bullaun
"Blessed Well, Tobar Beannaithe, ",V 85184 49008,51.68233494,-9.66079502,CO0117-011,West Cork,Kilcaskan,Trafrask East,None,General,None,Public,https://holywellsofcork.com/2017/03/19/found-lost-unknown-three-beara-wells/,https://holywellsofcork.files.wordpress.com/2017/03/img_4893.jpg,,Abandoned,,,scummy,bullaun
"Blessed Well, Tobarain Beannaithe",V 56906 42323,51.61580108,-10.06666128,CO127-048,West Cork,Kilnamanagh,Killough East,None,Eyes,None,Permissable,https://holywellsofcork.com/2017/05/21/four-curious-wells-enroute-to-allihies/,https://holywellsofcork.files.wordpress.com/2017/05/img_7499.jpg,,Abandoned,,,scummy,
"Blind Well, Tobar Caoch",W 49552 94281,52.09864831,-8.73688095,CO024-186001,North Cork,Kilshannig,Skarragh,None,Eyes,None,Not found,https://holywellsofcork.com/2017/09/09/meandering-south-of-mallow/,"https://holywellsofcork.files.wordpress.com/2017/09/img_0839.jpg
",,Not found,,,,
Castlenalact Well,W48798 59878,51.78942205,-8.7476062,CO096-050,West Cork,Templemartin,Castlenalact,,General,,Not found,https://holywellsofcork.com/2018/04/06/a-clonakilty-ramble-part-2/,https://i0.wp.com/holywellsofcork.com/wp-content/uploads/2018/04/IMG_0074.jpg,,Not found,,,,
Clasharusheena,W 32043 43709,51.64238485,-8.97719619,CO121-079002,West Cork,Clonakilty,Clashrusheena,None,General,None,Public,https://holywellsofcork.com/2016/08/10/close-encounters-around-clonakilty/,https://holywellsofcork.files.wordpress.com/2016/08/img_8843-edit-tif.jpg,,Abandoned,,,scummy,
Cornaveigh Holy Well,X 05376 81154,51.98295171,-7.92247975,CO056-011,East Cork,Ardagh,Cornaveigh,None,General,None,Private,https://holywellsofcork.com/2018/02/12/explorations-around-killeagh/,https://i2.wp.com/holywellsofcork.com/wp-content/uploads/2018/02/IMG_5450.jpg?,None,Abandoned,,whitethorn,clean,none
"Cuddy's Well, Cloc Mo Cuda",V95039,52.0607302,-9.53109168,KE066-065002,South Kerry,Killarney,Knockreer,St Mochuda,General,16 May,Public,https://holywellsofcork.com/2018/06/02/a-trip-across-the-border-2-killarney-wells/,https://i2.wp.com/holywellsofcork.com/wp-content/uploads/2018/06/IMG_0076-Edit.jpg,None,Occasional,,beech,scummy,bullaun
"Dark Well, Tobar Dorcha",W 61667 68798,51.87061543,-8.55724988,CO085-044,West Cork,Ballincollig,Ballinveiltig,None,General,None,Not found,https://holywellsofcork.com/2017/05/14/well-hunting-off-the-n22/,,,Not found,,,,
"Donal's Little Well, Tobairín Donál",W 76835 92927,52.08829552,-8.33867618,CO044-044,North Cork,Rathcormac,Rathcormac Mountain,BVM,Lameness,15 August,Permissable,https://holywellsofcork.com/2018/10/07/tobairin-donail-rathcormack-mountain/,https://i1.wp.com/holywellsofcork.com/wp-content/uploads/2018/10/IMG_0058.jpg,statues,Regular,None,rag,clean,crosses
"Eye Well, Tobar na Súl",W 13394 46936,51.66877532,-9.25252814,CO119-069,West Cork,Dromdaleague,Dromdaleague,None,Eyes,None,Public,https://holywellsofcork.com/2016/08/01/two-wells-on-the-way-home-from-the-airport/,https://holywellsofcork.files.wordpress.com/2016/02/img_1753.jpg,,Abandoned,,,scummy,
"Eye Well, Tobar na Súl",W 51337 544621,51.7410627,-8.69073316,CO123-058,West Cork,Rathclarin,Farranagark,None,Eyes,None,Public,https://holywellsofcork.com/2016/02/25/four-very-different-wells-around-timoleague/,https://holywellsofcork.files.wordpress.com/2016/02/img_1753.jpg,,Abandoned,,,clean,
"Eye Well, Tobarín na Súl",W 092 292,51.50875026,-9.30854755,CO150-008001,West Cork,Tullagh,Pookeen,None,Eyes,None,Public,https://holywellsofcork.com/2016/02/09/two-magical-wells-at-lough-hyne/,https://holywellsofcork.files.wordpress.com/2016/02/img_6018.jpg,rosaries,Regular,,rag,clean,
"Eye Well, Tobernasog",W 52884 51263,51.71192692,-8.68174511,CO110-053,West Cork,Ballinadee,Ratharoon East,,Eyes,,,https://holywellsofcork.com/2018/11/04/three-gentlemen-a-yeti-a-medicinal-draught/,https://i1.wp.com/holywellsofcork.com/wp-content/uploads/2018/10/IMG_0025-1.jpg,,Abandoned,,,,
Fainin Well,W 99871 77707,51.952001,-8.00260405,CO066-037,East Cork,Killeagh,Aghadoe,None,Warts,None,Public,https://holywellsofcork.com/2018/02/12/explorations-around-killeagh/,https://i2.wp.com/holywellsofcork.com/wp-content/uploads/2018/02/IMG_5339.jpg,coins,Occasional,None,None,clean,bullaun
Francis Well,W 667 721,51.90061235,-8.48450669,CO074-028001,Cork City,Cathedral,North Mall,St Francis,Consumption,4th October ,Public,https://holywellsofcork.com/2016/02/06/four-cork-city-wells/,https://holywellsofcork.files.wordpress.com/2016/02/img_0794.jpg,,Inactive,,,dry,
"Friday's Well, Tobar na hAoine",W 42236 98852,52.1390074,-8.84440276,CO031-056,North Cork,Clonmeen,Curraghrour West,None,General,Good Friday,,https://holywellsofcork.files.wordpress.com/2017/12/img_3746-lr-1.jpg?w=625&h=417,,,Not found,,,,
Gouladoo,V 834 417,51.61631469,-9.68414323,CO129-002,West Cork,KIlcrohane,Gooladoo,None,Prayers re marriage,None,Public,https://holywellsofcork.com/2016/03/02/gooladoo-holy-well-sheeps-head/,https://holywellsofcork.files.wordpress.com/2016/03/img_1896.jpg,statues,Occasional,,,clean,
"Hind Stone, Tullylease",R 35383 18657,52.31620546,-8.94826367,CO006-006001,North Cork,Tullylease,Gortnagark,None,Headaches,8 February,Public,https://holywellsofcork.com/2016/06/27/a-trio-of-wells-in-tullylease/,https://holywellsofcork.files.wordpress.com/2016/06/img_4773.jpg,None,Inactive,None,None,scummy,bullaun
Holy Well,W 39041 52281,51.7297319,-8.86193532,CO109-014,West Cork,Murragh,Killowen,None,Warts,None,Public,https://holywellsofcork.com/2016/12/09/an-arboreal-theme/,https://holywellsofcork.files.wordpress.com/2016/12/img_1404.jpg,statues,Occasional,None,None,clean,bullaun
Holy Well,W 35816 74596,51.92034266,-8.93361018,CO071-009,North Cork,Macroom,Kill,None,General,None,,https://holywellsofcork.com/2018/02/18/two-remote-wells-ne-of-macroom/,https://i1.wp.com/holywellsofcork.com/wp-content/uploads/2018/02/IMG_5026.jpg,None,Abandoned,None,None,clean,bullaun
Holy Well,R 39082 603592,52.18076322,-8.891296,CO023-082,North Cork,Kanturk,Greenane,None,General,,Not found,https://holywellsofcork.com/2018/08/28/cattle-castles-and-cranat-exploring-around-ballyclogh/,https://i1.wp.com/holywellsofcork.com/wp-content/uploads/2018/08/IMG_0074.jpg,,Not found,,,,
Holy Well,W73822 57551,51.7702398,-8.37993854,CO099-041,West Cork,Kilpatrick,Kilpatrick,"St Patrick, St Finnian",General,,Private,https://holywellsofcork.com/2019/01/13/wild-out-east/,https://i2.wp.com/holywellsofcork.com/wp-content/uploads/2019/01/IMG_0104-Edit.jpg?resize=768%2C1024&ssl=1,None,Abandoned,eel,,clean,
Holy Well,W76860 57326,51.76835156,-8.33591517,CO099-052,West Cork,Kilpatrick,Gortigrenane,None,General,None,Not found,https://holywellsofcork.com/2019/01/13/wild-out-east/,https://i1.wp.com/holywellsofcork.com/wp-content/uploads/2019/01/IMG_0114-e1547391912327.jpg?resize=768%2C1024&ssl=1,,Not found,,,,
Holy Well Augheris,W 15139 69665,51.87326959,-9.23286827,CO069-084,West Cork,Inchigeelagh,Eachros,None,General,None,Permissable,https://holywellsofcork.com/2018/04/29/in-the-footsteps-of-o-sullivan-bere/,https://i1.wp.com/holywellsofcork.com/wp-content/uploads/2018/04/IMG_0006-2.jpg,None,Abandoned,,,,
Holy Well Ballinbrittig,W 79901 75648,51.93313113,-8.29293174,CO064-086,East Cork,Carrigtwohill,Ballingbrittig,None,General,None,Not found,https://holywellsofcork.com/2018/10/15/motorway-madness-9-possible-wells-off-the-m8/,https://i1.wp.com/holywellsofcork.com/wp-content/uploads/2018/10/IMG_0001-Edit.jpg,,Not found,,,,
"Holy Well, Moneycusker",W 30876 66821,51.84988428,-9.00384168,CO082 021003,West Cork,Kilmichael,Moneycusker,None,General,None,Public,https://holywellsofcork.com/2016/11/18/roving-around-kilmichael/,https://holywellsofcork.files.wordpress.com/2016/11/img_0378.jpg,None,Abandoned,None,None,dry,none
Holy well,W 60627 73429,51.91216061,-8.57288044,CO073-077,North Cork,Currykippane,Balycannon,None,General,None,Public,https://holywellsofcork.com/2017/05/25/a-bit-of-blarney/,https://holywellsofcork.files.wordpress.com/2017/05/img_7674.jpg,statues,Occasional,None,None,clean,none
Holy well,W 09138 34471,51.55610222,-9.31079915,CO141-074,West Cork,Aghadown,Mohanagh,None,General,None,Private,https://holywellsofcork.com/2016/11/25/some-thoughts-on-ballauns/,https://holywellsofcork.files.wordpress.com/2016/11/20161122-img_1198161122-2.jpg,None,Inactive,None,None,clean,bullaun
Holy well,V 61213 44430,51.63580458,-10.00535446,CO114-033,West Cork,Kilnamanagh,Knockroe West,None,General,None,Public,https://holywellsofcork.com/2017/05/21/four-curious-wells-enroute-to-allihies/,https://holywellsofcork.files.wordpress.com/2017/05/img_7553.jpg,,Abandoned,,,clean,
"Holy well, nr Midleton",W 92434 75676,51.93369477,-8.11072074,CO066-029,East Cork,Inchinbackey,Bilberry,None,General,None,Public,https://holywellsofcork.com/2016/10/,https://holywellsofcork.files.wordpress.com/2016/10/img_1671.jpg,,Abandoned,,,dry,
Holy wells,V 66433 45450,51.64622993,-9.93038971,CO115-160,West Cork,Kilaconenagh,Currandonohoe,None,General,None,Public,https://holywellsofcork.com/2017/05/21/four-curious-wells-enroute-to-allihies/,https://holywellsofcork.files.wordpress.com/2017/05/img_7436.jpg,,Abandoned,,,scummy,bullaun
Inghne Bhuidhe’s holy well,W 34331 97148,52.12281321,-8.95951472,CO031-034,North Cork,Dromtarriff,Dromtarriff,Inghne Bhuidhe,Eyes,6th May,Permissable,https://holywellsofcork.com/2016/05/06/three-sisters-two-wells/,https://holywellsofcork.files.wordpress.com/2016/05/img_4842.jpg,statues,Regular,None,rag,clean,none
Innisfoyle Holy Well,V 89003 004001,51.79270869,-9.60948996,KE110-004001,South Kerry,Bonane,Innisfoyle,None,General,None,Public,https://holywellsofcork.com/2017/11/10/inse-an-tsagairt/,https://holywellsofcork.files.wordpress.com/2017/11/img_3373-edit-tif.jpg,,Occasional,,,clean,bullaun
Island holy well,W 60394 92369,52.08235084,-8.57845645,CO042-060,North Cork,Mourne Abbey,Island,None,Eyes,None,Permissable,https://holywellsofcork.com/2018/09/04/chalk-cheese-two-very-different-wells-near-burnfort/,https://i0.wp.com/holywellsofcork.com/wp-content/uploads/2018/08/Island-holy-well.jpg,None,Abandoned,None,None,clean,none
Killeagh Holy Well,X 00734 576999,51.94508795,-7.98932358,CO066-040,East Cork,Killeagh,Killeagh,None,General,None,Permissable,https://holywellsofcork.com/2017/06/22/way-out-east-a-clutch-of-wells-around-youghal/,https://holywellsofcork.files.wordpress.com/2017/06/img_6862.jpg,None,Abandoned,None,None,scummy,none
Killowen Holy Well,W 30355 92133,52.07726551,-9.01653627,CO039-172,North Cork,Millstreet,Killowen,None,Eyes,None,Not found,https://holywellsofcork.com/2017/12/10/kilmacow-holy-well-near-kanturk/,,,Not found,,,,
Kilmacow Holy Well,R 37421 10133,52.23984952,-8.91680145,CO015-047,North Cork,Kanturk,Curraheen,St Mochuda,Eyes,Good Friday,Permissable,https://holywellsofcork.com/2017/12/10/kilmacow-holy-well-near-kanturk/,https://holywellsofcork.files.wordpress.com/2017/12/img_3823-lr-1.jpg,statues,Regular,,rag,clean,
Kilmore Holy Well,V 95637 49582,51.68953428,-9.5094924,CO118-086,West Cork,Kilmocomoge,Kilmore,None,General,None,Private,https://holywellsofcork.com/2017/03/13/island-wells-1-whiddy-island/,https://holywellsofcork.files.wordpress.com/2017/03/img_4642.jpg,None,Abandoned,None,None,dry,none
Lady's Well,W 51098 73911,51.91573599,-8.71141568,CO072-028002,West Cork,Inniscara,Magooly,BVM,General,None,Permissable,https://holywellsofcork.com/2017/07/27/en-route-to-doneraile-1-dripsey/,https://holywellsofcork.files.wordpress.com/2017/07/img_9628-001.jpg,None,Abandoned,None,None,dry,none
Lady's Well,R 60420 07391,52.2173431,-8.57982893,None,North Cork,Doneraile,Desmesne,BVM,General,Unknown,Public,https://holywellsofcork.com/2017/08/07/some-curious-wells-near-doneraile/,https://holywellsofcork.files.wordpress.com/2017/07/img_9839.jpg,,Inactive,,,clean,
Lady's Well,R 54508 08754,52.22913289,-8.66650918,CO017-055,North  Cork,Buttevant,Waterhouse,BVM,Eyes,1 May,Permissable,https://holywellsofcork.com/2018/08/12/an-elusive-lady/,https://i0.wp.com/holywellsofcork.com/wp-content/uploads/2018/08/ladys-well-butt-2.jpeg,rosaries,Occasional,,elm,scummy,none
Lady's Well,R 46878 08668,52.22767781,-8.77830909,CO016-178,North Cork,Buttevant,Templemary,BVM,General,1 May,Public,https://holywellsofcork.com/2017/08/13/the-three-marys/,https://holywellsofcork.files.wordpress.com/2017/08/img_9824-001-edit-tif.jpg,statues,Regular,None,now gone,clean,carved
Lady's Well,R 54666 19494,52.3256573,-8.66563772,CO008-003,North Cork,Charleville,Castleharrison,BVM,Eyes,8 December,Public,https://holywellsofcork.com/2017/08/13/the-three-marys/,"https://holywellsofcork.files.wordpress.com/2017/08/img_9768.jpg?
",rosaries,Regular,None,now gone,clean,none
Lady's Well,W 56329 98591,52.13795191,-8.63854527,CO033-007003,North Cork,Mallow,Spaglen,BVM,Consumption,15  August,Private,https://holywellsofcork.com/2017/08/20/the-rakes-of-mallow/,https://holywellsofcork.files.wordpress.com/2017/08/img_0696.jpg,None,Inactive,None,None,scummy,none
Lady's Well,W 675 721,51.90065959,-8.47288461,CO074-062,Cork City,,Cork City,BVM,General,1 May ,Public,https://holywellsofcork.com/2016/02/06/four-cork-city-wells/,https://holywellsofcork.files.wordpress.com/2016/02/img_0784.jpg,None,Abandoned,None,None,clean,none
Lady's Well,W 54012 61000,51.79995802,-8.6673158 ,CO097-007,West Cork,Knockavilla,Lissaniksy,BVM,General ,15 August,Permissable,https://holywellsofcork.com/2016/12/09/an-arboreal-theme/,https://holywellsofcork.files.wordpress.com/2016/12/img_1446.jpg?,None,Abandoned,,,,
Lady's Well,W 71100 80976,51.98062358,-8.42132525,CO063-029,East Cork,Templeusque,Coolgreen,BVM,General,15 August,Permissable,https://holywellsofcork.com/2017/05/08/exploring-around-the-m8/,https://holywellsofcork.files.wordpress.com/2017/05/img_7048.jpg,None,Occasional,None,None,dry,crosses
Lady's Well,R 44680 13129,52.2675492,-8.81104209,CO016-006,North Cork,Buttevant,Rockspring,BVM,Eyes,1 May,Public,https://holywellsofcork.com/2017/08/13/the-three-marys/,https://holywellsofcork.files.wordpress.com/2017/08/img_9812-edit-tif.jpg,statues,Regular,eel,now gone,clean,crosses
Lady's Well,W 70476 83091,51.99960192,-8.3992941,CO052-006,East Cork,Dunbulloge,Ballybrack,BVM,General,15th August,Public,https://holywellsofcork.com/2017/05/08/exploring-around-the-m8/,https://holywellsofcork.files.wordpress.com/2017/05/img_7081.jpg,rosaries,Occasional,,,clean,crosses
Lady's Well,W 66239 82427,51.99339181,-8.49221294,CO052-022,East Cork,Kilcorney,Laharan,BVM,General ,15  August,Permissable,https://holywellsofcork.com/2018/10/02/causing-havoc-in-carrignavar/,https://i0.wp.com/holywellsofcork.com/wp-content/uploads/2018/09/IMG_0023.jpg,,Occasional,,,dry,carved
Lady's Well,W 70239 63856,51.82672414,-8.43238269,CO086-023,West Cork,Killanully,Kilnahone,BVM,General,15 August,Private,https://holywellsofcork.com/2017/01/02/on-the-r631-towards-carrigaline/,https://holywellsofcork.files.wordpress.com/2016/12/img_2483.jpg,,Abandoned,,,clean,none
"Lady's Well, Baltimore",W 06171 27767,51.49537961,-9.35178182,CO150-022,West Cork,Tullagh,Rathmore,BVM,General,15 August,Public,https://holywellsofcork.com/2016/04/08/roaringwater-wells/,https://holywellsofcork.files.wordpress.com/2016/04/img_3484.jpg,,Abandoned,,,,
"Lady's Well, Dunowen",W 36159 32547,51.5425168,-8.92091682,CO144-040,West Cork,Ardfield,Dunowen,BVM,General,15th August,Public,https://holywellsofcork.com/2016/04/06/a-clutch-of-wells-around-castlefreke/,https://holywellsofcork.files.wordpress.com/2016/04/20160403-img_3284160403.jpg,statues,Regular,trout,None,clean,imprint
"Lady’s Well, Beach, Sheep’s Head Peninsula",V 97003,51.67001372,-9.49000405,CO118-020,West Cork,Kilmocomoge,Beach,BVM,General,15 August,Public,https://holywellsofcork.com/2016/02/19/ladys-well-sheeps-head/,https://holywellsofcork.files.wordpress.com/2016/02/img_1337.jpg,statues,Regular,eel,None,clean,bullaun
"Lady’s Well, Kilbrogan",W 48778 55671,51.75161358,-8.74243018,CO11-021003,West Cork,Kilbrogan,Kilbrogan,BVM,General,None,Public,https://holywellsofcork.com/2016/09/06/a-forgotten-quartet-off-the-r586/,https://holywellsofcork.files.wordpress.com/2016/09/img_0272-edit-tif.jpg,,Abandoned,,,scummy,
"Lady’s Well, Timoleague",W 4632 43230,51.6395806,-8.77610564,CO136-008,West Cork,Timoleague,Lettercollum,BVM,General,15 August,Public,https://holywellsofcork.com/2016/02/25/four-very-different-wells-around-timoleague/,https://holywellsofcork.files.wordpress.com/2016/02/img_1647.jpg,statues,Regular,None,None,clean,none
"Lady’s Well, Tobairin Mhuire, Kealkil",W 03283 555279,51.7443146,-9.40100993,CO105-013004,West Cork,Kilmocomoge,Lisheen,BVM,General,15 August,Public,https://holywellsofcork.com/2016/03/08/tobairin-mhuire-kealkil/,https://holywellsofcork.files.wordpress.com/2016/03/img_65341.jpg,statues,Regular,None,None,clean,none
"Lady’s Well, Tobar Mhuire, Kilbarry",W 40403 66284,51.84615687,-8.86551254,CO083-060002,West Cork,Kilmurry,Ballymichael,BVM,General,8 September,Private,https://holywellsofcork.com/2016/07/21/on-the-trail-of-st-finbarr/,https://holywellsofcork.files.wordpress.com/2016/07/img_8158.jpg,None,Inactive,None,None,dry,
"Lady’s Well, Tobar Mhuire, nr Midleton",W 83677 77497,51.94987182,-8.23812249,CO065-048,East Cork,Ballycurrany,Ballycurrany West,BVM,Ague,15 August,Private,https://holywellsofcork.com/2016/10/21/ladys-well-ballycurrany/,https://holywellsofcork.files.wordpress.com/2016/10/20161005-img_1477161005.jpg,statues,Inactive,None,beech,dry,carved
"Lady’s Well, Tobar na Baintighearana, Creagh",W 06171 27767,51.49537961,-9.35178182,CO150-005004,West Cork,Creagh,Creagh,BVM,General,15th August,Private,https://holywellsofcork.com/2016/04/08/roaringwater-wells/,https://holywellsofcork.files.wordpress.com/2016/04/img_3452.jpg,,Abandoned,,,,
"Lady’s Well,Tobar Mhuire, Cloyne",W 88527 64679,51.83479606,-8.16715657,CO088-044002,East Cork,Titeskin,Titeskin,BVM,Lameness,15 August,Public,https://holywellsofcork.com/2016/10/08/our-ladys-well-near-cloyne/,https://holywellsofcork.files.wordpress.com/2016/10/img_1402.jpg,statues,Regular,eel,ash,clean,carved
"Little Well of the Road, Tobereenvohir, Callaros Oughter",V 79435 27968,51.49211707,-9.73665766,CO14-024003,West Cork,Kilmoe,Callaros Oughter,None,General,None,Public,https://holywellsofcork.com/2016/02/16/four-rather-obscure-wells-on-the-mizen/,https://holywellsofcork.files.wordpress.com/2016/02/20160215-img_1227160215.jpg,coins,Occasional,None,None,clean,none
Mitchelstown well,R 79296 136277,52.27441607,-8.3040873,CO010-046,North Cork,Mitchelstown,Mitchelstown,None,General,None,Public,https://holywellsofcork.com/2017/03/05/a-motley-quintet/,https://holywellsofcork.files.wordpress.com/2017/02/img_3185-edit-tif.jpg,,Abandoned,,,,
Murragh Well,W 39078 55285,51.74717462,-8.88280905,CO109-014,West Cork,Templemartin,Murragh,None,General,None,Not found,,,,Not found,,,,
Peggy's Well,W 77227 98808,52.14116252,-8.33335122,CO035-067,North Cork,Fermoy,Creggolylpry North,None,General,,Private,https://holywellsofcork.com/2018/10/15/motorway-madness-9-possible-wells-off-the-m8/,https://i0.wp.com/holywellsofcork.com/wp-content/uploads/2018/10/IMG_0107.jpg,,Not found,,,,
Priest's Well,R 77808 15188,52.2883582,-8.32594036,CO010-041,North Cork,Mitchelstown,Gortroe,None,General,None,Public,https://holywellsofcork.com/2017/03/05/a-motley-quintet/,https://holywellsofcork.files.wordpress.com/2017/02/img_3216.jpg,,Abandoned,,,,
Red Well,W 36328 576497,51.93693435,-8.92598478,CO060-107,North Cork,Ahabulloge,Derryroe,None,Rheumatism,None,Public,https://holywellsofcork.com/2018/01/21/the-red-well/,https://i1.wp.com/holywellsofcork.com/wp-content/uploads/2018/01/IMG_5004-Edit_tn.jpg,statues,Regular,frog,None,clean,crosses
Reenavanny Holy Well,V 97498 51276,51.7050949,-9.48348756,None,West Cork,Kilmocomoge,Reenavanny,None,General,None,Public,https://holywellsofcork.com/2017/03/13/island-wells-1-whiddy-island/,https://holywellsofcork.files.wordpress.com/2017/03/img_4658.jpg,,Not found,,,,
Seafield Holy Well,X 09051 576765,51.94291223,-7.86909653,CO067-023,East Cork,Youghal,Knocknacally,None,General,None,Public,https://holywellsofcork.com/2017/06/22/way-out-east-a-clutch-of-wells-around-youghal/,https://holywellsofcork.files.wordpress.com/2017/06/img_6867.jpg,,Inactive,,,dry,crosses
Skeagh,W 06080 37919,51.58658231,-9.35579828,None,West Cork,Skull,Skeagh,None,General,None,Private,https://holywellsofcork.com/2016/04/08/roaringwater-wells/,https://holywellsofcork.files.wordpress.com/2016/04/img_3391.jpg,,Abandoned,,,dry,
"Skour Well, Tobar na Sceabhrach",W 09200 29400,51.51054734,-9.308599,CO150-008,West Cork,Tullagh,Pookeen,St Ina,General,1 May ,Public,https://holywellsofcork.com/2016/02/09/two-magical-wells-at-lough-hyne/,https://holywellsofcork.files.wordpress.com/2016/02/img_0628.jpg,statues,Regular,None,rag,clean,none
"Slanan Well, St Ita's Well",W 26674 76434,52.04025514,-9.06933835,CO048-018003,North Cork,Drishane,Kilmeedy East,St Ita,General,15 January,Public,https://holywellsofcork.com/2017/11/30/st-ita-st-finnian-more-exploring-around-millstreet/,,statues,Occasional,,elm,clean,bullaun
Spa Bathing Well,W58261 544776,51.65387755,-8.60321993,None,West Cork,Templetrine,Garrettstown,None,,None,Public,https://holywellsofcork.com/2018/05/27/not-a-holy-well/,https://i2.wp.com/holywellsofcork.com/wp-content/uploads/2018/05/IMG_0182-Edit.jpg,None,Abandoned,,,,
St Abbán's Well Tobar Abán,W 208 764,51.93461692,-9.15223221,CO058-039004,West Cork,Ballyvourney,Glebe,St Abbán,General,16 March,Public,https://holywellsofcork.com/2016/02/13/tobar-abban-ballyvourney/,https://holywellsofcork.files.wordpress.com/2016/02/img_5751.jpg,rosaries,Occasional,None,rag,clean,none
St Baoithin's Well,R42813 14342,52.27825658,-8.83859199,CO006-095,North Cork,Knocktemple,Kockaneda,St Baoithin,Eyes,22 May,Private,https://holywellsofcork.com/2018/08/20/trees-saints-cats-cake/,https://i0.wp.com/holywellsofcork.com/wp-content/uploads/2018/08/IMG_0006-Edit.jpg,None,Occasional,None,,clean,none
"St Barrahane’s Well, Castlehaven",W 17380 29944,51.51669072,-9.19093053,CO151-014001,West Cork,Castlehaven,Castlehaven,St Barrahane,Stomach,3 December,Public,https://holywellsofcork.com/2016/04/18/st-barrahane-st-bridget/,https://holywellsofcork.files.wordpress.com/2016/04/img_3951.jpg,rosaries,Occasional,None,rag,clean,none
St Bartholomew's Well,W 46382 81176,51.98058498,-8.78107754,CO061-021,North Cork,Donoughmore,Kilmartin Lower,St Bartholomew,General,24 August,Public,https://holywellsofcork.com/2017/07/27/en-route-to-doneraile-1-dripsey/,https://holywellsofcork.files.wordpress.com/2017/07/img_9642-edit-tif.jpg,,Abandoned,,,dry,crosses
St Bartholomew's Well,W 40824 71235,51.8906884,-8.8602519,CO071-122,West Cork,Kilmurry,Bawnatemple,St Bartholomew,Ague,24 August,Not found,https://holywellsofcork.com/2017/11/03/thwarted/,https://holywellsofcork.files.wordpress.com/2017/10/img_3158.jpg,,Not found,,,,
"St Bartholomew’s Well, Bantry",W 03207 52661,51.71855121,-9.40131367,CO105-028,West Cork,Kilmocomoge,Gortroe,St Bartholomew,General,24 August,Private,https://holywellsofcork.com/2016/04/10/st-bartholomews-well-gortroe/,https://holywellsofcork.files.wordpress.com/2016/04/img_3615.jpg,,Abandoned,trout,,clean,
"St Bartholomew’s Well, Tobar Phartalain",W 82306 87908,52.04339276,-8.25860045,CO044-046,East Cork,Aghern,Garryantaggart,St Bartholomew,Eyes,24 August,Public,https://holywellsofcork.com/2016/10/28/a-saintly-quartet-around-midleton/,https://holywellsofcork.files.wordpress.com/2016/10/img_1588-edit-2-tif.jpg,rosaries,Regular,,,clean,
St Bernard's Well,W 7722798898,52.14116252,-8.33335122,CO035-023,North Cork,Fermoy,Duntahane,St Bernard,General,20 August,Public,https://holywellsofcork.com/2017/02/06/en-route-to-mitchelstown/,https://holywellsofcork.files.wordpress.com/2017/02/img_2993-edit-tif.jpg,None,Inactive,,ash,clean,
St Berrihert's Well,W 35188 71806,51.89519663,-8.94221106,CO071-052,West Cork,Macroom,Sleveen East,St Berrihert/BVM,General,8 September,Public,https://holywellsofcork.com/2016/11/18/roving-around-kilmichael/,https://holywellsofcork.files.wordpress.com/2016/11/img_0383-edit-tif.jpg,rosaries,Regular,,,clean,
St Berrihert's Well ,R 35883 18737,52.31698289,-8.94094804,CO006-006002,North Cork,Tullylease,Gortnagark,St Berrihert,General,18 February,Public,https://holywellsofcork.com/2016/06/27/a-trio-of-wells-in-tullylease/,https://holywellsofcork.files.wordpress.com/2016/06/img_47511.jpg,rosaries,Regular,,,clean,crosses
St Branit's Holy Well,R 66573 06910,52.2134324,-8.48975386,CO026-005002,North Cork,Wallstown,Doonanwanly,St Branit,Lameness,None,Public,https://holywellsofcork.com/2017/08/07/some-curious-wells-near-doneraile/,https://holywellsofcork.files.wordpress.com/2017/08/img_9872-edit-tif.jpg,,Abandoned,,now gone,clean,
St Brendan's Well,W 72575 597529,52.1289508,-8.40055183,CO)34-047,North Cork,Fermoy,Castleblagh,St Brendan,Eyes,16 May,Public,https://holywellsofcork.com/2018/10/15/motorway-madness-9-possible-wells-off-the-m8/,https://i0.wp.com/holywellsofcork.com/wp-content/uploads/2018/10/IMG_0102.jpg,None,Inactive,frog,None,clean,crosses
St Brendan's Well,Q39712 03350,52.1591854,-10.34302447,KE042-141010," Dingle Peninsula, Kerry",Kilcolman,Mam an Óraigh,St Brendan,General,16 May,Not found,https://holywellsofcork.com/2019/08/30/water-into-wine-three-wells-dedicated-to-st-brendan/,https://i0.wp.com/holywellsofcork.com/wp-content/uploads/2019/08/IMG_2083.jpg,,,,,,ogham
St Brendan's Well,Q35052 03935,52.16306748,-10.41134116,KE042-087," Dingle Peninsula, Kerry",Ballyferriter,Baile an Fheirtéaraigh,St Brendan,,16 May,,https://holywellsofcork.com/2019/08/30/water-into-wine-three-wells-dedicated-to-st-brendan/,https://i2.wp.com/holywellsofcork.com/wp-content/uploads/2019/08/st-brendans-well-ballyferriter.jpg,,Not found,,,,
"St Brendan's Well, Tobar Bréanainn",Q 46027 11624,52.23527855,-10.25457441,KE034-047004,"Dingle Peninsula, Kerry",Corkaguiney,Baile an Chnocáin,St Brendan,General,Last sunday in July,Public,https://holywellsofcork.com/2019/08/05/a-mountain-well-for-lughnasa/,https://i2.wp.com/holywellsofcork.com/wp-content/uploads/2019/08/2602554243625782918.jpg,,Occasional,,,clean,crosses
"St Brendan's Well, Tobar Bréanainn",Q 40182 06129,52.18427146,-10.33746898,KE042 026010,"Dingle Peninsula, Kerry",Kilmalkedar,Cill Maoilchéadair,St Brendan,General,16 May,Private,https://holywellsofcork.com/2019/08/21/two-wells-a-whole-lot-more-at-cill-mhaoilcheadair/,https://i2.wp.com/holywellsofcork.com/wp-content/uploads/2019/08/IMG_20190713_141033359.jpg,statues,Occasional,,,clean,
"St Brendan's Well, Tobar Olla Brenainn",V34992 75761,51.91006388,-10.39863183,KEO78-005001,"Iveragh Peninsula & Valentia, Kerry",Valentia,Coarha Beg,St Brendan,General,16 May,Public,https://holywellsofcork.com/2019/02/24/two-wells-on-valentia-island/,https://i0.wp.com/holywellsofcork.com/wp-content/uploads/2019/02/IMG_0210.jpg?resize=768%2C576&ssl=1,statues,Regular,,,scummy,crosses
St Brendan;s WEll,Q35287 00289,52.13039702,-10.40613896,KE052-036,"Dingle Peninsula, Kerry",Ventry,Cill ura thiar,St Brendan,Eyes,20 June,Public,https://holywellsofcork.com/2019/08/30/water-into-wine-three-wells-dedicated-to-st-brendan/,https://i1.wp.com/holywellsofcork.com/wp-content/uploads/2019/08/IMG_3061.jpg?resize=768%2C576&ssl=1,,Inactive,trout,,scummy,bullaun
St Brendan’s Well,V 87599 28167,51.49558664,-9.61922543,CO148-002,West Cork,Schull,Castlepoint,St Brendan,Cattle,16 May,Private,https://holywellsofcork.com/2016/03/26/st-brendans-well-castlepoint/,https://holywellsofcork.files.wordpress.com/2016/03/img_2479.jpg,,Abandoned,,,scummy,
St Bridget's Well,W 94474 85264,52.01988494,-8.08121195,CO045-021001,East Cork,Templeboden,Ballyrobert,St Bridget,General,1 February,Private,https://holywellsofcork.com/2018/02/12/explorations-around-killeagh/,https://i1.wp.com/holywellsofcork.com/wp-content/uploads/2018/02/IMG_5433.jpg,None,Abandoned,None,None,scummy,none
St Bridget's Well,W 7331457353,51.76843634,-8.38728215,CO099-092,West Cork,Tracton,Tubbrid,St Bridget,General,1 February,Not found,https://holywellsofcork.com/2017/01/08/a-bit-of-a-sows-ear/,https://holywellsofcork.files.wordpress.com/2017/01/img_2663.jpg?,,Not found,,,,
St Bridget's Well,W 79917 60330,51.79546728,-8.29180731,CO099-027,West Cork,Templebreedy,Knocknagore,St Bridget,General,I February,Not found,https://holywellsofcork.com/2017/01/08/a-bit-of-a-sows-ear/,https://holywellsofcork.files.wordpress.com/2017/01/st-bridgets-well-crosshaven.jpg,,Not found,,,,
St Bridget's Well,W73302 57340,51.76831893,-8.38745497,CO099-092,West Cork,Kilpatrick,Tubbrid,St Bridget,General,i February,Not found,https://holywellsofcork.com/2019/01/13/wild-out-east/,https://i0.wp.com/holywellsofcork.com/wp-content/uploads/2019/01/IMG_0100.jpg?resize=768%2C576&ssl=1,,Not found,,,,
"St Bridget's Well, Toberbreeda",Q404431 602498,52.15124291,-10.33187942,KE043-208,"Dingle Peninsula, Kerry",Dingle,An Baile Riabhach,St Bridget,,1 February,Not found,https://holywellsofcork.com/2019/07/21/tobar-manachain-agus-an-madra/,https://i1.wp.com/holywellsofcork.com/wp-content/uploads/2019/07/IMG_3196-Edit.jpg,,Not found,,,,
St Bridget’s Well,W 098 281,51.49896233,-9.29962686,CO150-03004,West Cork,Tullagh,Glannafeen,St Bridget,Cattle,1 February,Private,https://holywellsofcork.com/2016/02/01/st-bridgets-well-lough-hyne/,https://holywellsofcork.files.wordpress.com/2016/01/img_0522-edit-psd.jpg,coins,Occasional,,,clean,imprint
St Bridget’s Well,W 21581 31793,51.53390449,-9.13083568,CO142-088,West Cork,Myross,Ardra,St Bridget,General,1 February,Public,https://holywellsofcork.com/2016/04/18/st-barrahane-st-bridget/,https://holywellsofcork.files.wordpress.com/2016/04/img_3998.jpg,statues,Occasional,,,scummy,
St Bridget’s Well,W 49410 555682,51.75101498,-8.73326879,CO11-021003,West Cork,Kilbrogan,Kilbrogan,St Bridget,Eyes,1February,Public,https://holywellsofcork.com/2016/09/06/a-forgotten-quartet-off-the-r586/,https://holywellsofcork.files.wordpress.com/2016/09/img_0272-edit-tif.jpg,,Abandoned,,,clean,
St Bridget’s Well,R 50401 11036,52.24928605,-8.72694232,CO016-120,North Cork,Churchtown,Mountbridget,St Bridget,General,1 February,Public,https://holywellsofcork.com/2016/07/10/st-bridgets-well-churchtown/,https://holywellsofcork.files.wordpress.com/2016/07/img_47841.jpg,rosaries,Regular,,now gone,clean,carved
"St Bridget’s Well, Britway",W 88061 88258,52.04669221,-8.17473797,CO045-087,East Cork,Britway,Britway,St Bridget,General,1 February,Public,https://holywellsofcork.com/2016/10/,https://holywellsofcork.files.wordpress.com/2016/10/20161005-img_1639161005.jpg,rosaries,Regular,,beech,clean,
"St Bridget’s Well, Castlemagner",R 44409 01937,52.16695171,-8.81317306,CO024-110002,North Cork,Castlemagner,Knockardsharriv,St Bridget,Infertility,1 February,Private,https://holywellsofcork.com/2016/03/16/st-brigets-well-castlemagner/,https://holywellsofcork.files.wordpress.com/2016/03/img_4896.jpg,None,Occasional,,,clean,carved
"St Bridget’s Well, Crookstown",W 37637 63290,51.81895029,-8.9051045,CO083-089,West Cork,Kilmurry,Knocknaneirk,St Bridget,General,1 February,Private,https://holywellsofcork.com/2016/07/21/on-the-trail-of-st-finbarr/,https://holywellsofcork.files.wordpress.com/2016/07/img_8200.jpg,,Abandoned,,,dry,
"St Bridget’s Well, Toberbreedy",W 26489 34170,51.55592488,-9.0606147,CO143-057,West Cork,Ross,Tralong,St Bridget,General,1 February,Private,https://holywellsofcork.com/2016/08/13/in-the-footsteps-of-st-fachtna/,https://holywellsofcork.files.wordpress.com/2016/08/img_8701-edit-tif.jpg,,Abandoned,,,clean,
St Brioneach's Well,W 34876 43098,51.63718595,-8.94136388,CO135-006002,West Cork,Kilgarrif,Kilbree,St Brioneach,Warts,None,Private,https://holywellsofcork.com/2018/04/02/a-final-ramble-around-clonakilty-bandon-part-1/,https://i0.wp.com/holywellsofcork.com/wp-content/uploads/2018/04/IMG_0025-Edit.jpg?,None,Abandoned,None,,dry,bullaun
"St Brone’s Well, Toberairin Broin, Kilbrown",V 79960 29660,51.50743372,-9.72967101,CO147-006001,West Cork,Kilmoe,Kilbrown,St Brone,General,None,Private,https://holywellsofcork.com/2016/02/16/four-rather-obscure-wells-on-the-mizen/,https://holywellsofcork.files.wordpress.com/2016/02/img_1241.jpg,,Abandoned,,,scummy,
St Buonia,V 40298 69835,51.8584014,-10.31885101,KE088-027004,"Iveragh Peninsula & Valentia, Kerry",Ballinskelligs,Killbuonia,St Buonia,General,29 September,Permissable,https://holywellsofcork.com/2019/09/28/an-epic-pilgrimage-for-michaelmas/,https://i1.wp.com/holywellsofcork.com/wp-content/uploads/2019/09/IMG_4592-2.jpg,,Occasional,,,clean,carved
St Catherine's Holy Well,W 85257 98567,52.13926965,-8.21605399,CO036-049,North Cork,Clondulane,Clondulane South,St Catherine,General,25 November,Public,https://holywellsofcork.com/2018/10/15/motorway-madness-9-possible-wells-off-the-m8/,https://i0.wp.com/holywellsofcork.com/wp-content/uploads/2018/10/IMG_0121-Edit.jpg,None,Abandoned,,,dry,
St Catherine's Well,R 75356 09142,52.23394923,-8.36143081,CO019-152,North Cork,Fermoy,Ballydeloughy,St Catherine,General,25 November,Public,https://holywellsofcork.com/2017/09/01/st-gregory-st-catherine-two-secretive-wells-in-north-cork/,https://holywellsofcork.files.wordpress.com/2017/08/img_0790.jpg,None,Abandoned,,sycamore,clean,
"St Colman’s Well, near Cloyne",W 89207 69798,51.88054547,-8.15745145,CO076-048001,East Cork,Kilcatharine,Bawnard East,St Colmán,General,24 November,Private,https://holywellsofcork.com/2016/10/14/s-colmans-well-near-cloyne/,https://holywellsofcork.files.wordpress.com/2016/10/img_1458-edit-tif.jpg,statues,Occasional,,ash,dry,crosses
St Coneela's Well,R 59809 07718,52.22023372,-8.58880796,CO017-100,North Cork,Doneraile,Horseclose,St Coneela,General,None,Not found,https://holywellsofcork.com/2017/08/07/some-curious-wells-near-doneraile/,https://i1.wp.com/holywellsofcork.files.wordpress.com/2017/08/img_9716-001.jpg,,Abandoned,,,,
St Corán's Well,X 09583 76690,51.94222921,-7.86137533,CO067-049,East Cork,Youghal,Seafield,St Corán,General,9 February,Public,https://holywellsofcork.com/2017/06/22/way-out-east-a-clutch-of-wells-around-youghal/,https://holywellsofcork.files.wordpress.com/2017/06/img_6882-edit-edit-tif.jpg?,rosaries,Occasional,,whitethorn,clean,crosses
St Cranat's Well,W50581 99952,52.14970142,-8.72269024,CO032-045,North Cork,Ballyclogh,Kilcranathan,St Cranat,General,9 March,,https://holywellsofcork.com/2018/08/28/cattle-castles-and-cranat-exploring-around-ballyclogh/,https://i0.wp.com/holywellsofcork.com/wp-content/uploads/2018/08/IMG_0119-Edit.jpg,None,Abandoned,None,None,clean,none
St Cranat's Well,R 64095 02319,52.17202004,-8.52552626,CO026-076,North Cork,Cleanor,Garranachole,St Cranat,Eyes,9 March,Not found,https://holywellsofcork.com/2017/03/05/a-motley-quintet/,https://holywellsofcork.files.wordpress.com/2017/02/img_3151-edit-tif.jpg?,,Not found,,,,
St Cuain,W 76474 79259,51.96545248,-8.34300856,CO064-025,East Cork,Glounthaune,Kilquane,St Cuain,General,10 July,Public,https://holywellsofcork.com/2017/05/08/exploring-around-the-m8/,https://holywellsofcork.files.wordpress.com/2017/05/img_7006.jpg,coins,Regular,,,scummy,crosses
St Cummins Well,W 28706 36428,51.57650026,-9.02911284,CO143 023004,West Cork,Ross,English Island,St Cummin,General,Garland Sunday,Public,https://holywellsofcork.com/2016/08/13/in-the-footsteps-of-st-fachtna/,https://holywellsofcork.files.wordpress.com/2016/08/img_8632.jpg,None,Inactive,,,scummy,
St Dalbach's Well,W 8613195138,52.10847616,-8.2031547,CO036-019005,North Cork,Coole,Coole Upper,St Dalbach,Eyes,2 October,Public,https://holywellsofcork.com/2017/02/06/en-route-to-mitchelstown/,https://holywellsofcork.files.wordpress.com/2017/02/img_2927-edit-tif.jpg,statues,Regular,,,clean,crosses
St Declan's Well,R 53602 14604,52.2816272,-8.68056832,CO007-121,North Cork,Imphrick,Imphrick,St Declan,Eyes,24th July,Public,https://holywellsofcork.com/2017/08/26/st-declan-st-leonard-a-poor-child/,"https://holywellsofcork.files.wordpress.com/2017/08/img_9735-edit-tif.jpg
",rosaries,Occasional,None,None,clean,none
St Dominic's Well,R 75792 04225,52.18978185,-8.35469742,CO027-041004,North Cork,Glanworth,Boherash,St Dominic,Eyes,8 August,Public,https://holywellsofcork.com/2017/02/28/st-dominics-holy-well-glanworth/,https://holywellsofcork.files.wordpress.com/2017/02/img_3161-edit-tif1.jpg,None,Abandoned,trout,,scummy,
St Fachtna's Well,W 28862 37111,51.58265754,-9.02700123,CO143-020,West Cork,Myross,Ardagh East,St Fachtna,General,13 August,Public,https://holywellsofcork.com/2016/08/13/in-the-footsteps-of-st-fachtna/,https://holywellsofcork.files.wordpress.com/2016/08/img_3298.jpg,None,Inactive,trout,,clean,
St Fachtna’s Well,V 97782 31883,51.53090676,-9.47372778,CO140-046001,West Cork,Schull,Ballycummisk,St Fachtna,General,13 August,Public,https://holywellsofcork.com/2016/08/24/st-fachtnas-well-rossbrin/,https://holywellsofcork.files.wordpress.com/2016/08/img_9036.jpg,rosaries,Occasional,,,clean,
St Fachtna’s Well,W 30748 36736,51.57952254,-8.99972313,CO143-030,West Cork,Ross,Burgatia,St Fachtna,General,13 August,Public,https://holywellsofcork.com/2016/08/13/in-the-footsteps-of-st-fachtna/,https://holywellsofcork.files.wordpress.com/2016/08/img_8673.jpg,,Occasional,trout,,clean,
St Fanahan's Well,R 81965 12007,52.25995203,-8.26485176,CO019-030001,North Cork,Mitchesltown,Brigown,St Fanahan,General,25 November,Private,https://holywellsofcork.com/2017/02/12/fionnchu-the-white-hound/,https://holywellsofcork.files.wordpress.com/2017/02/img_3046.jpg,None,Regular,eel,,clean,crosses
"St Fanahan's Well, Tobar Naomh Fionnchú",R 82774,52.26321314,-8.25302234,CO019-032,North Cork,Mitchelstown,Ballynamona,St Fanahan,Flesh wounds,25 November,Public,https://holywellsofcork.com/2017/02/12/fionnchu-the-white-hound/,https://holywellsofcork.files.wordpress.com/2017/02/img_3019-edit-tif.jpg,coins,Regular,eel,None,clean,none
"St Finbarr’s Well, Tobernadihy",W 21821 52196,51.71727574,-9.13192853,CO107-046004,West Cork,Fanlobbus,Kilbarry,St Finbarr,General,25 September,Public,https://holywellsofcork.com/2016/07/21/on-the-trail-of-st-finbarr/,https://holywellsofcork.files.wordpress.com/2016/07/img_8100.jpg,,Inactive,,,dry,
"St Finbarr’s Well, nr Dunmanway",W 18209 52451,51.7190521,-9.18424033,CO107- S029,West Cork,Fanlobbus,Derryduff,St Finbarr,General,25 September,Public,https://holywellsofcork.com/2016/09/21/on-the-road-to-derryduff/,https://holywellsofcork.files.wordpress.com/2016/09/img_0943.jpg,,Abandoned,,,scummy,
"St Finian's Well, Kenmare",V92249 70297,51.87499781,-9.56529581,KE093-035003,South Kerry,,Kenmare Old,St Finian the Leper,Eyes,16 March,Public,https://holywellsofcork.com/2017/04/22/beara-wells-2-a-trip-into-kerry/,https://holywellsofcork.files.wordpress.com/2017/04/20170322-img_5270170322.jpg,statues,Regular,,rag,clean,crosses
St Finián,V 38887 68530,51.84627487,-10.33871028,KE096-007,"Iveragh Peninsula & Valentia, Kerry",Ballinskelligs,Ráth Ciaráin,St Finián,General,16 March; 29 September,Public,https://holywellsofcork.com/2019/09/28/an-epic-pilgrimage-for-michaelmas/,https://i1.wp.com/holywellsofcork.com/wp-content/uploads/2019/09/IMG_0110-Edit.jpg,coins,Occasional,,,scummy,crosses
St Finnian's Well,W 18496 95831,52.10887179,-9.19034573,CO029-033003,North Cork,Knocknagree,Nohaval Upper,St Finnian,Eyes,13 December,Permissable,https://holywellsofcork.com/2017/11/30/st-ita-st-finnian-more-exploring-around-millstreet/,,None,Occasional,trout,None,clean,crosses
St Finnian’s Well,V 67659 47737,51.66706307,-9.91355669,CO115-015002,West Cork,Killaconenagh,Foildarrig,St Finnian,Cattle,12 December,Public,https://holywellsofcork.com/2016/05/13/two-beara-wells/,https://holywellsofcork.files.wordpress.com/2016/05/img_5066.jpg,rosaries,Occasional,,,dry,crosses
"St Flainn's Well, Tobar Fláinn",Q52742 16574,52.2815672,-10.15852372,KE026002,"Dingle Peninsula, Kerry",,Murugán,St Flainn,General,29 July,Permissable,https://holywellsofcork.com/2019/08/11/tobar-flainn-on-the-edge-of-the-world/,https://i2.wp.com/holywellsofcork.com/wp-content/uploads/2019/08/St-Flainn-2-1.jpg,,Occasional,,,clean,
St Fursey,V48361 82747,51.97660356,-10.20759578,KEO69-012,"Iveragh Peninsula & Valentia, Kerry",Killinane,Killurly West,St Fursey,Eyes,16 January,,https://holywellsofcork.com/2019/02/10/st-fursey-the-holy-mountain/,https://i1.wp.com/holywellsofcork.com/wp-content/uploads/2019/02/St-Fursey.jpg?resize=768%2C1024&ssl=1,coins,Regular,,,clean,
St Fursey's Well,W 40501 98831,52.13863462,-8.8697367,CO031-053005,North Cork,Clonmeen,Clonmeen North,St Fursey,Eyes,16 January,,https://holywellsofcork.com/2017/12/03/fursey-friday-sunday/,"https://holywellsofcork.files.wordpress.com/2017/12/img_3746-lr-1.jpg
",None,Abandoned,trout,,scummy,
St Gobnait's Stone,W 30912 75111,51.92532708,-8.88725406,CO070-039001,West  Cork,Clondrohid,Glebe,St Gobnait,Warts,11 February,Public,https://holywellsofcork.com/2018/04/29/in-the-footsteps-of-o-sullivan-bere/,https://i2.wp.com/holywellsofcork.com/wp-content/uploads/2018/04/IMG_0078-2.jpg,None,Regular,None,None,scummy,bullaun
St Gobnait's Well,W 27146 576980,51.94014943,-9.05959818,CO059-065004,West Cork,Clondrohid,Kilgobnait,St Gobnait,General,11 February,Private,https://holywellsofcork.com/2016/02/12/three-wells-dedicated-to-st-gobnait-ballyvourney/,https://holywellsofcork.files.wordpress.com/2016/02/20160211-img_1040160211.jpg,statues,Occasional,,,scummy,bullaun
St Gobnait's Well (final station),W 19815 576816,51.93766777,-9.16616021,CO058-034009,West Cork,Muskerry West,Glebe,St Gobnait,General,11 February,Public,https://holywellsofcork.com/2016/02/12/three-wells-dedicated-to-st-gobnait-ballyvourney/,https://holywellsofcork.files.wordpress.com/2016/02/img_0940.jpg,rosaries,Regular,,rag,clean,
"St Gobnait's Well, Tobar Ghobnatan",Q 31084 01106,52.13646479,-10.46786226,KE052-005,"Dingle Peninsula, Kerry",Corkaguiney,Ceathrú an Fgeirtéaraigh,St Gobnait,toothache,11 February,Public,https://holywellsofcork.com/2019/06/23/thinking-out-gobnait/,https://i1.wp.com/holywellsofcork.com/wp-content/uploads/2019/06/IMG_2052-2.jpg,coins,,,,clean,carved
St Gobnait’s well  (first station),W I9720 76829,51.93831451,-9.16802408,CO058-034011,West Cork,Ballyvourney,Glebe,St Gobnait,General,11 February,Public,https://holywellsofcork.com/2016/02/12/three-wells-dedicated-to-st-gobnait-ballyvourney/,https://holywellsofcork.files.wordpress.com/2016/02/img_09831.jpg,rosaries,Regular,,,clean,
St Gregory's Well,R 75356 09142,52.25088894,-8.4643462,CO018-118,North Cork,Farahy,Ballyshonock,St Gregory,Eyes,3 September,Private,https://holywellsofcork.com/2017/09/01/st-gregory-st-catherine-two-secretive-wells-in-north-cork/,https://holywellsofcork.files.wordpress.com/2017/08/img_0758.jpg,None,Abandoned,,,clean,
St Huluman,W 50988 94281,52.09877736,-8.71592806,CO041-064002,North Cork,Kilshannig,Kilcolman,St Huluman,General,None,Private,https://holywellsofcork.com/2017/09/09/meandering-south-of-mallow/,https://holywellsofcork.files.wordpress.com/2017/09/img_0839.jpg,None,Abandoned,,,scummy,
St James Well,W 41460 79664,51.96650724,-8.85244721,CO060-198,North Cork,Aghabullogue,Oughtihery,St James,Rheumatism,25 July,Permissable,https://holywellsofcork.com/2018/02/18/two-remote-wells-ne-of-macroom/,https://i1.wp.com/holywellsofcork.com/wp-content/uploads/2018/02/IMG_5043.jpg,None,Abandoned,None,None,,bullaun
"St James Well, Ardfield",W 36759 35058,51.56514955,-8.91272087,CO144-013004,West Cork,Ardfield,Balteenbrack,St James,General,25 July,Public,https://holywellsofcork.com/2016/04/06/a-clutch-of-wells-around-castlefreke/,https://holywellsofcork.files.wordpress.com/2016/04/img_3247.jpg,statues,Occasional,,,clean,crosses
St John's Well,V 70318 49452,51.68308655,-9.8757819,CO115-102002,West Cork,Kilaconenagh,Rodeen,St John,Eyes,23/24 June,Public,https://holywellsofcork.com/2017/06/06/st-johns-wells-castletownbere/,https://holywellsofcork.files.wordpress.com/2017/06/img_8097.jpg,,Regular,,,clean,crosses
St John's Well,W 69418 89652,52.05850123,-8.4465852,CO043-014002,East Cork,Glenville,Doonpeter,St John,General,23 June,Public,https://holywellsofcork.com/2017/05/08/exploring-around-the-m8/,https://holywellsofcork.files.wordpress.com/2017/05/img_7134.jpg,coins,Regular,,,clean,bullaun
St John's Well,V 70269 49449,51.68304828,-9.87648902,CO115-102001,West Cork,Kilaconenagh,Rodeen,St John,Eyes,23/24 June,Public,https://holywellsofcork.com/2017/06/06/st-johns-wells-castletownbere/,https://holywellsofcork.files.wordpress.com/2017/06/img_8111-edit-tif.jpg,,Occasional,,,clean,crosses
St John's Well,W79399 77207,51.94712346,-8.30032353,CO064-079,East Cork,Carrigtwohill,Ballinbrittig,St John,General,24 June,Not found,https://holywellsofcork.com/2018/10/15/motorway-madness-9-possible-wells-off-the-m8/,https://i0.wp.com/holywellsofcork.com/wp-content/uploads/2018/10/IMG_0175.jpg,,Not found,,,,
"St John's Well, Tobairín na bhFaithni",W 33013 84760,52.01134587,-8.97632118,CO048-058,North Cork,,Knocknagappull,St John,Warts,24 June,Public,https://holywellsofcork.com/2018/01/15/only-fools-horses/,https://holywellsofcork.files.wordpress.com/2018/01/img_4956.jpg,statues,Occasional,None,None,clean,none
"St John's Well, Tobar Eoin Basti",W 56427 90822,52.06814779,-8.63611971,CO042-071,North Cork,Mourne Abbey ,Garrynagearagh,St John the Baptist,General,24 June,Public,https://holywellsofcork.com/2018/09/17/an-unexpected-pleasuretobar-eoin-basti/,https://i1.wp.com/holywellsofcork.com/wp-content/uploads/2018/09/IMG_0235-Edit.jpg,rosaries,Regular,None,rag,clean,crosses
"St John's Well, Toberolan",W 61548 89470,52.05637813,-8.56129869,CO042-081,North Cork,Mourne Abbey,Tooreen North ,St John,General,23 June,Public,https://holywellsofcork.com/2018/09/04/chalk-cheese-two-very-different-wells-near-burnfort/,https://i0.wp.com/holywellsofcork.com/wp-content/uploads/2018/09/IMG_0227-Edit.jpg,statues,Regular,trout,rag,clean,crosses
St John’s Well,W 84435 83048,51.99978031,-8.22735051,CO054-104002,East Cork,Templeboden,Templebodan,St John the Baptist,General,29 August,Private,https://holywellsofcork.com/2016/10/28/a-saintly-quartet-around-midleton/,https://holywellsofcork.files.wordpress.com/2016/10/img_1548.jpg,other,Regular,,,clean,imprint
St John’s Well,W 09117 65987,51.83927361,-9.31930741,CO080-012002,West Cork,Clonmeen,Doire na coise,St John,General,24 June,Public,https://holywellsofcork.com/2016/09/,https://holywellsofcork.files.wordpress.com/2016/09/img_1175-edit-tif.jpg,,Abandoned,,,clean,
St John’s Well,W 32910 86938,52.03089976,-8.97825176,None,North Cork,Kilcorney,Kilcorney,St John,Warts,24 June,Public,https://holywellsofcork.com/2016/05/09/st-johns-well-mushera/,https://holywellsofcork.files.wordpress.com/2016/05/img_4620.jpg,rosaries,Regular,,whitethorn,clean,
"St John’s Well, Tobar Eoin Óg",W 72073 56330,51.75918194,-8.40517612,CO086-056,West Cork,Liscleary,Carrigaline,St John,General,23 June,Public,https://holywellsofcork.com/2016/06/24/tobar-eoin-og-st-johns-well-carrigaline/,https://holywellsofcork.files.wordpress.com/2016/06/img_7445.jpg,coins,Regular,,,clean,crosses
"St Kieran’s Well,Tobar Ciarán, Oiléan Cléire",V 95383 21812,51.43998252,-9.50530489,CO153-018002,West Cork,Clear-Island,Baile Iarthach Thuaidh,St Ciarán,General,5 March,Public,https://holywellsofcork.com/2016/04/27/tobar-ciaran-oilean-cleire/,https://holywellsofcork.files.wordpress.com/2016/04/img_4297.jpg,rosaries,Regular,,,clean,imprint
St Lachteen's  well,W 48377 82182,51.98981605,-8.75220484,CO050-167,North Cork,Donoghmore,Ballykerwick,St Lachteen,General,19 March,Private,https://holywellsofcork.com/2017/07/30/well-shifting-around-donoughmore/,https://holywellsofcork.files.wordpress.com/2017/07/img_9654-edit-tif.jpg,,Abandoned,,beech,dry,
St Lachteen's  well,W 48549 83062,51.99774165,-8.74983285,CO050-097,North Cork,Donoughmore,Knockyrouke,St Lachteen,General,19 March,Not found,https://holywellsofcork.com/2017/07/30/well-shifting-around-donoughmore/,https://i1.wp.com/holywellsofcork.files.wordpress.com/2017/07/img_9674-001.jpg,,Not found,,,,
St Lachteen's Well,W 21959 72539,51.90008804,-9.13451035 ,CO069-030001,West Cork,Kilnamatrya,Cloheena,St Lachteen,Eyes,19 March,Public,https://holywellsofcork.com/2016/12/02/on-the-trail-of-st-lachteen/,https://holywellsofcork.files.wordpress.com/2016/11/img_1271-edit-tif.jpg,None,Regular,,,clean,crosses
St Lachteen's Well,W 26347 71729,51.8934068,-9.07060043,CO070-070,West Cork,Kilnamatrya,Ballyvoge,St Lachteen,General,19t March,Public,https://holywellsofcork.com/2016/12/02/on-the-trail-of-st-lachteen/,https://holywellsofcork.files.wordpress.com/2016/11/img_1282.jpg,,Abandoned,,,dry,
St Lachteen's Well,W 22441 73313,51.96670311,-9.12709904 ,CO069-080,West Cork,Kilnamatrya,Cloheena,St Lachteen,General,19 March,Not found,https://holywellsofcork.com/2016/12/02/on-the-trail-of-st-lachteen/,https://holywellsofcork.files.wordpress.com/2016/11/img_1249.jpg,,Not found,,,,
St Lachteen's well,W 55060 83500,52.00224387,-8.6550944,CO051-089,North Cork,Grenagh,Garryadean,St Lachteen,Eyes,19 March,Public,https://holywellsofcork.com/2017/07/30/well-shifting-around-donoughmore/,https://holywellsofcork.files.wordpress.com/2017/07/img_9682-001.jpg,rosaries,Regular,,whitethorn,clean,crosses
"St Laitiarian’s Well, Cullen",W 23278 96458,52.11519049,-9.12070584,CO029-076003,North Cork,Cullen (Duhallow),Mullaghroe North,St Laitiarian,General,25 July,Public,https://holywellsofcork.com/2016/05/06/three-sisters-two-wells/,https://holywellsofcork.files.wordpress.com/2016/05/img_4655.jpg,None,Occasional,,,clean,
St Laurence’s Well ,W 92035 83435,52.00341964,-8.11670266,CO054-097,East Cork,Clonmult,Garrylaurence,St Laurence,General,14 November,Public,https://holywellsofcork.com/2016/10/28/a-saintly-quartet-around-midleton/,https://holywellsofcork.files.wordpress.com/2016/10/img_1664.jpg,coins,Occasional,,,scummy,crosses
St Leonard's Well,R 47432 21759,52.34536121,-8.77207957,CO002-083,North Cork,Shandrum,Newtown South,St Leonard,Eyes,6 November,Private,https://holywellsofcork.com/2017/08/26/st-declan-st-leonard-a-poor-child/,"https://holywellsofcork.files.wordpress.com/2017/08/img_9789-001.jpg?
",None,Abandoned,,,clean,
"St Manchan's Well, Tobar Manacháin",Q 40540 02627,52.15291305,-10.33062205,KE043-141,"Dingle Peninsula, Kerry",Daingean Uí Chúis/Dingle. ,An Baile Riabhach,St Manchán,toothache,Easter Sunday,,https://holywellsofcork.com/2019/07/21/tobar-manachain-agus-an-madra/,https://i1.wp.com/holywellsofcork.com/wp-content/uploads/2019/07/IMG_2134.jpg,None,Occasional,trout,,clean,ogham
St Maolín,V 95773 21187,51.43443503,-9.49951462,None,West Cork,Cape Clear Island,Coinlin,St Maolín,General,None,Not found,https://holywellsofcork.com/2016/04/27/tobar-ciaran-oilean-cleire/,https://holywellsofcork.files.wordpress.com/2016/04/well-7-1.jpg,None,Not found,,,,
St Mary's Well,W 79970 60297,51.7951726,"-8.29103721
",CO099-028,West Cork,Templebreedy,Crosshaven,BVM,General,15 August,Public,https://holywellsofcork.com/2017/01/08/a-bit-of-a-sows-ear/,https://holywellsofcork.files.wordpress.com/2017/01/20170104-img_2678170104.jpg,None,Inactive,,,clean,
St Mary's Well,V96517 90548,52.05756926,-9.52255632,KE066-109,South Kerry,Killarney,Killarney,BVM,Eyes,15 August,Public,https://holywellsofcork.com/2018/06/02/a-trip-across-the-border-2-killarney-wells/,https://i2.wp.com/holywellsofcork.com/wp-content/uploads/2018/05/IMG_0165-1.jpg,None,Occasional,trout,None,clean,imprint
St Mary's Well & Sunday's Well,W 52832 71898,51.89779569,-8.68594185,CO072-048002,West Cork,Churchtown,Walshestown,"BVM, King of Sunday",Ailments of the head,15th August,Public,https://holywellsofcork.com/2017/05/14/well-hunting-off-the-n22/,https://holywellsofcork.files.wordpress.com/2017/05/img_6828-edit-tif.jpg,rosaries,Occasional,eel,,scummy,crosses
"St Mary’s Well, Tullylease",R 35708 18153,52.311715,-8.94340233,CO006-006004,North Cork,Tullylease,Poulavare,BVM,Sore limbs,18th February,Public,https://holywellsofcork.com/2016/06/27/a-trio-of-wells-in-tullylease/,https://holywellsofcork.files.wordpress.com/2016/06/img_4729.jpg,rosaries,Regular,,,clean,crosses
St Michael's Well,V 70341 43791,51.63224213,-9.87335297,CO128-029,West Cork,Killaconenagh,Ballynakilla,St Michael,Eyes,29th September,Public,https://holywellsofcork.com/2017/06/01/island-wells-3-bere-island-an-toilean-mor/,https://holywellsofcork.files.wordpress.com/2017/06/img_8013.jpg,statues,Regular,None,None,clean,crosses
St Michael's Well,W 29781 67905,51.85948827,-9.01994963,CO082-017,West Cork,Kilmichael,Cooldaniel,St Michael,General,28th September,Public,https://holywellsofcork.com/2016/11/18/roving-around-kilmichael/,https://holywellsofcork.files.wordpress.com/2016/11/img_0330.jpg,statues,Regular,,,dry,crosses
St Michael's Well,V 55992 41993,51.61260408,-10.07971241,CO127-046,West Cork,Allihies,Cloghfune,St Michael,General,29th September,Public,https://holywellsofcork.com/2017/05/21/four-curious-wells-enroute-to-allihies/,https://holywellsofcork.files.wordpress.com/2017/05/img_7533.jpg,,Occasional,,,dry,crosses
"Well of the Altar, Tobernahaltora",Q 68032 06599,52.19585639,-9.93072596,KE045-013004,"Dingle Peninsula, Kerry",Annascaul,Maumnahaltora,,,,Not found,,,,,,,,
Well of the Blessed Cross,V46835 79301,51.9452417,-10.22824102,KEO79-038,"Iveragh Peninsula & Valentia, Kerry",Cahersiveen,Cahersiveen,Blessed Cross,General,14 September,Public,https://holywellsofcork.com/2019/02/10/st-fursey-the-holy-mountain/,https://i2.wp.com/holywellsofcork.com/wp-content/uploads/2019/02/IMG_0259-2.jpg?resize=768%2C1024&ssl=1,,Abandoned,,,clean,
"Well of the Mad, Tobar na nGealt",Q 67159 08320,52.21110418,-9.94415995,KE036-057,"Dingle Peninsula, Kerry",Annascaul,Scrallaghbeg,,Insanity,,,https://holywellsofcork.com/2019/07/06/trekking-through-glens/,https://i1.wp.com/holywellsofcork.com/wp-content/uploads/2019/06/IMG_2290-2-Edit.jpg,statues,Regular,,,clean,
"Well of the Mad, Tobar na nGealt",Q 67631 07454,52.20307197,-9.93643856,KE036-071,"Dingle Peninsula, Kerry",Annascaul,Donoore South,,Insanity,,,https://holywellsofcork.com/2019/07/06/trekking-through-glens/,"https://i1.wp.com/holywellsofcork.com/wp-content/uploads/2019/06/IMG_2334-2-Edit.jpg
",,Abandoned,,,clean,
"St Michael's Well, Tobar Mhichil
",Q89802 28400,52.3964734,-9.61962487,KE015-084,North Kerry,Lixnaw,Ballynageragh ,St Michael,Eyes,29 September,Public,https://holywellsofcork.com/2019/05/02/tobar-mhichil-st-michaels-well-lixnaw/,https://i2.wp.com/holywellsofcork.com/wp-content/uploads/2019/04/IMG_1098-2.jpg,statues,Regular,trout,now gone,clean,crosses
St Mologa ,R 76348 17683,52.31074439,-8.3475043,None,North Cork,Mitchelstown,Labbamologa Middle,St Mologa,General,20th January,Not found,https://holywellsofcork.com/2017/02/20/in-search-of-st-mologa/,https://holywellsofcork.files.wordpress.com/2017/02/img_3224.jpg?,,Not found,,,,
St Mologa's Well,R 73324 11676,52.25662167,-8.39137459,CO019-002003,North Cork,Aghacross,Aghacross,St Mologa,Headaches,20 January,Public,https://holywellsofcork.com/2017/02/20/in-search-of-st-mologa/,https://holywellsofcork.files.wordpress.com/2017/02/img_3065-edit-tif.jpg,,Inactive,trout,,scummy,
St Mughain's Well/Well of the Smith,W 02672 24994,51.46987244,-9.40138524,C)149-020,North Cork,Tullagh,Kilmoon,St Mughain/Mona,General,15th December? Visited on May Day and St John's Eve,Public,https://holywellsofcork.com/2017/09/23/island-wells-4-inis-earcain-sherkin-island/,https://holywellsofcork.files.wordpress.com/2017/09/mums-well-pics-4.jpg,None,Abandoned,,,clean,
St Nicholas Well,R 64095 02319,52.15188117,-8.5121082,CO026-076,North Cork,Monanimy,Monanimy Lower,St Nicholas,General,None,Public,https://holywellsofcork.com/2017/03/05/a-motley-quintet/,https://holywellsofcork.files.wordpress.com/2017/02/img_3139-edit-tif.jpg,,Abandoned,,,clean,
"St Olan’s Well, Aghabulloge",W 44268 78432,51.95572113,-8.81139853,CO061-089002,North Cork,Aghabulloge,Dromatimore,St Olan,Eyes,5th September,Public,https://holywellsofcork.com/2016/06/13/st-olans-well-aghabulloge/,https://holywellsofcork.files.wordpress.com/2016/06/img_4927.jpg,statues,Regular,eel,whitethorn,dry,ogham
St Patrick's Well,R 68307 02093,52.17024682,-8.46394485,CO026-086001,North Cork,Castletownroche,Castlewidenham,St Patrick,General,17th March,Private,https://holywellsofcork.com/2017/01/25/st-patricks-holy-well-castle-blackwater/,https://holywellsofcork.files.wordpress.com/2017/01/img_3097-edit-tif.jpg,None,Abandoned,None,None,scummy,
St Patrick's Well,W 73824 57558,51.7703028,-8.3799101,CO099-041,West Cork,Kilpatrick,Kilpatrick,St Patrick,General,17tth March,Not found,https://holywellsofcork.com/2017/01/08/a-bit-of-a-sows-ear/,https://holywellsofcork.files.wordpress.com/2017/01/img_2675-edit-edit-tif.jpg?,,Not found,,,,
"St Patrick’s Well, Tobar Patrick, Kinneigh",W 32935 5700,51.76188376,-8.97206711,CO094-102,West Cork,Kinneigh,Ballyvelone East,St Patrick,General,17th March,Public,https://holywellsofcork.com/2016/03/18/toabr-patrick-kinneigh/,https://holywellsofcork.files.wordpress.com/2016/03/img_2421.jpg,None,Regular,,,clean,bullaun
St Paul's Well,W 68736 63923,51.82724415,-8.45418807,CO086-044,West Cork,Killanully,Killanully,St Paul,General,29 June,Private,https://holywellsofcork.com/2017/01/02/on-the-r631-towards-carrigaline/,https://holywellsofcork.com/2017/01/02/on-the-r631-towards-carrigaline/20161230-img_2485161230-3/,,Abandoned,,,clean,crosses
St Peter & St Paul's Holy Well,W 13849 32830,51.54209586,-9.24249041,None,West Cork,Creagh,Gortnaclohy,St Peter & St Paul,General,29 June,Private,https://holywellsofcork.com/2017/01/22/st-peter-st-pauls-holy-well-near-skibbereen/,https://holywellsofcork.files.wordpress.com/2017/01/img_2895-edit-2-tif.jpg,,Abandoned,eel,rag,scummy,
St Peter's Well,V 99793 73864,51.90844884,-9.45682197,KE094-001001,South Kerry,Kilgarvan,Kilpadder,St Peter,General,29 June,Permissable,https://holywellsofcork.com/2018/05/19/a-trip-across-the-border-1-kenmare/,https://i2.wp.com/holywellsofcork.com/wp-content/uploads/2018/05/IMG_0036.jpg,None,Abandoned,None,None,clean,crosses
St Peter's Well,W 56323 98532,52.13742113,-8.63862533,CO033-007004,North Cork,Mallow,Spaglen,St Peter,Consumption,29th June,Private,https://holywellsofcork.com/2017/08/20/the-rakes-of-mallow/,https://holywellsofcork.files.wordpress.com/2017/08/img_0708.jpg,,Abandoned,,,,
St Ruadhán's Well,W 32723 38342,51.5941377,-8.97154448,CO134-086,West Cork,Kilgarrif,Garranecore,St Ruadhán,General,15 April,Public,https://holywellsofcork.com/2018/04/02/a-final-ramble-around-clonakilty-bandon-part-1/,https://i2.wp.com/holywellsofcork.com/wp-content/uploads/2018/04/IMG_0001-Edit.jpg,None,Abandoned,None,,clean,none
St Ruadhán's Well,W 63427 46443,51.66983065,-8.52935226,CO125-029,West Cork,Kilroan,Courtaparteen,St Ruadhán,Eyes,15th April,Public,https://holywellsofcork.com/2016/11/11/ballinspittle/,https://holywellsofcork.files.wordpress.com/2016/11/20161020-img_0073161020.jpg,statues,Occasional,,,clean,crosses
St Ruadhán's Well,W 3416 46440,51.66980297,-8.52951096,CO125-028,West Cork,Kilroan,Courtaparteen,St Ruadhán,Eyes,15th April,Public,https://holywellsofcork.com/2016/11/11/ballinspittle/,https://holywellsofcork.files.wordpress.com/2016/11/img_0092-edit-tif.jpg,,Abandoned,,,dry,
"St Senan's Well, Tobershenane",Q95875 27378,52.38848068,-9.53012581,KE016-058,North Kerry,Kilshenane,Kilshenane,St Senan,Eyes,8 March,,https://holywellsofcork.com/2019/05/12/st-senans-well-tobershenane-near-listowel/,https://i1.wp.com/holywellsofcork.com/wp-content/uploads/2019/05/IMG_1159.jpg,rosaries,Occasional,trout,,scummy,imprint
St Sinnade,R 47422 21754,52.34531888,-8.77222876,CO017-055,North Cork,Newtownshandrum,Newtown South,St Sinnade,Eyes,None,Private,https://holywellsofcork.com/2018/08/20/trees-saints-cats-cake/,https://i0.wp.com/holywellsofcork.com/wp-content/uploads/2018/08/IMG_0049-Edit.jpg,None,Abandoned,,None,clean,none
St Stephen's Well,W76688 84983,52.01689839,-8.34027815,CO053-046,North Cork,"Ardnageehy, Watergrasshill",Tinageragh,St Stephen,General,26 December,Not found,https://holywellsofcork.com/2018/10/02/causing-havoc-in-carrignavar/,https://i1.wp.com/holywellsofcork.com/wp-content/uploads/2018/09/IMG_0008-Edit.jpg,,Not found,,,,
St Valentine's Well,W75199 81377,51.98442727,-8.36170488,CO064-015,North Cork,Killaspugmullane,Trantstown,St Valentine,General,14 February,Not found,https://holywellsofcork.com/2018/10/15/motorway-madness-9-possible-wells-off-the-m8/,https://i1.wp.com/holywellsofcork.com/wp-content/uploads/2018/10/IMG_0173.jpg,,Not found,,,,
"Stone of the Mad, Cloch na nGealt",Q 67083 028263,52.21057391,-9.94524874,KE036-058,"Dingle Peninsula, Kerry",Annascaul,Foilatrisnig,,,,Public,https://holywellsofcork.com/2019/07/06/trekking-through-glens/,https://i2.wp.com/holywellsofcork.com/wp-content/uploads/2019/06/IMG_2286-2-Edit.jpg,,Occasional,,,,bullaun
Sunday's Well,W 39310 94029,52.09535547,-8.88627372,CO040-017,North Cork,Clonmeen,Fermoyle,King of Sunday,Eyes,Good Friday,Public,https://holywellsofcork.com/2017/12/03/fursey-friday-sunday/,https://holywellsofcork.files.wordpress.com/2017/12/img_3785-lr-1.jpg,statues,Regular,frog,rag,clean,crosses
Sunday's Well,W27224 68518,51.86466899,-9.05718684,CO082-006,West Cork,Inchigeelagh,Cloonshear Beg,St Finbarr,General,25 September,Permissable,https://holywellsofcork.com/2018/05/06/putting-things-off-for-later/,https://i1.wp.com/holywellsofcork.com/wp-content/uploads/2018/05/IMG_0119-Edit.jpg,statues,Regular,None,None,clean,none
Sunday's Well,W81450 95365,52.1103793,-8.27148199,CO035-051,North Cork,Castlelyons,Corrin,King of Sunday,General,None,Permissable,https://holywellsofcork.com/2018/10/15/motorway-madness-9-possible-wells-off-the-m8/,https://i1.wp.com/holywellsofcork.com/wp-content/uploads/2018/10/IMG_0144-Edit.jpg,None,Occasional,,None,dry,
Sunday's Well,W 58102 45833,51.66397529,-8.60624512,CO124-036,West Cork,Ringrone,Kilmore,King of Sunday,Eyes,None,Public,https://holywellsofcork.com/2016/11/11/ballinspittle/,https://holywellsofcork.files.wordpress.com/2016/11/20161020-img_0116161020-2.jpg,,Occasional,,,clean,
Sunday's Well,W 74249 64894,51.83625202,-8.37429895,CO087-017,West Cork,Liscleary,Raffeen,King of Sunday,General,Moveable,Public,https://holywellsofcork.com/2017/01/02/on-the-r631-towards-carrigaline/,https://holywellsofcork.files.wordpress.com/2016/12/img_2455-edit-tif.jpg,other,Occasional,,,clean,crosses
Sunday's Well,W 45207 70784,51.88709179,-8.79652521,CO072-060,West Cork,Aglish,Rooves Beg,King of Sunday,General,15 August,Public,https://holywellsofcork.com/2017/05/14/well-hunting-off-the-n22/,https://holywellsofcork.files.wordpress.com/2017/05/img_6782.jpg?,statues,Regular,,,clean,
Sunday's Well,W 51121 73908,51.91571106,-8.71108102,CO072-028001,West Cork,Inniscara,Agharinagh,King of Sunday,Lameness,None,Permissable,https://holywellsofcork.com/2017/07/27/en-route-to-doneraile-1-dripsey/,https://holywellsofcork.files.wordpress.com/2017/07/img_9598-edit-tif.jpg,statues,Regular,,,clean,crosses
Sunday's Well,W66233 82425,51.99337347,-8.49230011,CO052-022,North Cork,Carrignavar,Laharn,King of Sunday,Lameness,Not known,,https://holywellsofcork.com/2018/10/02/causing-havoc-in-carrignavar/,https://i0.wp.com/holywellsofcork.com/wp-content/uploads/2018/09/IMG_0023.jpg,None,Occasional,,None,dry,carved
Sunday's Well,W 65609 71713,51.89706816,-8.50031762,CO074-054002,Cork City,City,City,King of Sunday,General,None,Not found,https://holywellsofcor.com/2016/02/06/four-cork-city-wells/,https://holywellsofcork.files.wordpress.com/2016/02/img_2011-edit-tif.jpg,,Abandoned,,,,
Sunday's Well,W 60790 68376,51.86676118,-8.56993666,CO085-031,West Cork,Ballincollig,Ballynora,King of Sunday,General,None,Not found,https://holywellsofcork.com/2017/05/14/well-hunting-off-the-n22/,,,Not found,,,,
Sunday's Well,W78112 68141,51.8655981,-8.3184687,CO087-007,East Cork,Clonmel,Ballyleary,None,General,Easter Sunday,Permissable,https://holywellsofcork.com/2019/01/13/wild-out-east/,https://i1.wp.com/holywellsofcork.com/wp-content/uploads/2019/01/IMG_0087-Edit.jpg?fit=625%2C833&ssl=1,None,Abandoned,,ash,clean,
Sundays Well,W 53901 61029,51.80020949,-8.66896435,CO097-005,West Cork,Knockavilla,Lissanisky,King of Sunday,General,Moveable,Public,https://holywellsofcork.com/2016/12/09/an-arboreal-theme/,https://holywellsofcork.files.wordpress.com/2016/12/img_1468.jpg,,Abandoned,,,scummy,
"Surfeit Well, Tobereenedenaght",W 54350 52265,51.72148624,-8.66130509,CO111-053,West Cork,Ballinadee,Rathdrought,,Stomach,,Permissable,https://holywellsofcork.com/2018/11/04/three-gentlemen-a-yeti-a-medicinal-draught/,https://i0.wp.com/holywellsofcork.com/wp-content/uploads/2018/10/IMG_0021-Edit-1.jpg,,Occasional,,ash,dry,
"The Well of the Women, Tobar na mBan",W 553698 579654,51.96702661,-8.67381969,CO062-084,North Cork,Matehy,Kilclogh,None,General,None,Public,https://holywellsofcork.com/2017/05/25/a-bit-of-blarney/,https://holywellsofcork.files.wordpress.com/2017/05/img_7743.jpg,,Abandoned,,,clean,
Tobairin,V 36514 49974,51.8585549,-10.37378993,KE087-052001,"Iveragh Peninsula & Valentia, Kerry",Ballinskelligs,Coomanaspig,"St John, 9 Bishops",General,29 September,Public,https://holywellsofcork.com/2019/09/28/an-epic-pilgrimage-for-michaelmas/,https://i0.wp.com/holywellsofcork.com/wp-content/uploads/2019/09/Coolnaspig-well.jpg,rosaries,Regular,,,clean,crosses
Tobar Bhrianach,W 666 721,51.90060636,-8.48595944,None,Cork City,,City,None,General,None,Not found,https://holywellsofcork.com/2016/02/06/four-cork-city-wells/,https://holywellsofcork.files.wordpress.com/2016/02/img_0797.jpg,,Not found,,,,
Tobar Luneen,W81277 67210,51.85734463,-8.27247397,CO087-013,East Cork,Clonmel,Ballywilliam,None,General,None,Private,https://holywellsofcork.com/2019/01/13/wild-out-east/,https://i2.wp.com/holywellsofcork.com/wp-content/uploads/2019/01/IMG_0050-Edit.jpg?fit=625%2C833&ssl=1,None,Inactive,,,clean,
Tobar a Sillee,W84582 67301,51.85826531,-8.22450313,CO)88-006,East Cork,Cobh,Walterstown,None,General,,Not found,https://holywellsofcork.com/2019/01/13/wild-out-east/,https://i2.wp.com/holywellsofcork.com/wp-content/uploads/2019/01/IMG_0066-Edit.jpg?resize=768%2C576&ssl=1,,Not found,,,,
Tobar an Ghrathaigh,V 80772 68225,51.85404814,-9.73114519,KEO92-030,South Kerry,Kenmare,Kilmore,None,Eyes,Good Friday,Public,https://holywellsofcork.com/2018/05/19/a-trip-across-the-border-1-kenmare/,https://i1.wp.com/holywellsofcork.com/wp-content/uploads/2018/05/IMG_0182.jpg,coins,Regular,None,rag,clean,bullaun
"Tobar na Bhile, St Crohane's Well",V 57871 60854,51.78248896,-10.0602809,KE106-032003,"Iveragh Peninsula & Valentia, Kerry",,Behaghane,St Crohane,General,30 July,Public,https://holywellsofcork.com/2019/04/20/tobar-an-bhile-a-lot-of-serendipity/,https://i0.wp.com/holywellsofcork.com/wp-content/uploads/2019/04/St-Crohane.jpg?resize=768%2C576&ssl=1,rosaries,Regular,,now gone,clean,carved
Tobar na Súl,W 50984 62999,51.8176632,-8.71152087,CO084-103,West Cork,Kilbonane,Rearour,,Eyes,,,https://holywellsofcork.com/2018/04/06/a-clonakilty-ramble-part-2/,https://i1.wp.com/holywellsofcork.com/wp-content/uploads/2018/04/IMG_0091.jpg,,Not found,,,,
Tobar na Súl,Q 52523 14379,52.26179266,-10.16077169,KE026-014,"Dingle Peninsula, Kerry",Corkaguiney,Baile Uí Bhuinn,,,,Not found,,,,,,,,
"Tobarsool, Eye Well",R 60175 06413,52.20853972,-8.5832982,CO025-103,North Cork,Doneraile,Knockacur,None,Eyes,None,Not found,https://holywellsofcork.com/2017/08/07/some-curious-wells-near-doneraile/,https://holywellsofcork.files.wordpress.com/2017/08/img_9725-001.jpg,,Not found,,,,
Tobereenkilgrania,W 94474 85264,52.01988494,-8.08121195,CO055-016001,East Cork,Ballynoe,Knockakeo,"BVM,",General,15 August,Public,https://holywellsofcork.com/2018/02/05/tobereenkilgrania/,https://i2.wp.com/holywellsofcork.com/wp-content/uploads/2018/02/IMG_5404-Edit.jpg,rosaries,Regular,None,now gone,clean,bullaun
Trinity Well,R 53726 22318,52.35095496,-8.67981249,CO003-004003,North Cork,Charleville,Rathgoggan South,Holy Trinity,Eyes,Trinity Sunday,Public,https://holywellsofcork.com/2017/08/26/st-declan-st-leonard-a-poor-child/,https://holywellsofcork.files.wordpress.com/2017/08/img_9782-001.jpg,,Abandoned,,,dry,
"Trinity Well, Castleventry",W 30146 42166,51.62824343,-9.00948684,CO134-025005,West Cork,Castleventry,Castleventry,Holy Trinity,Cattle,Trinity Sunday,Public,https://holywellsofcork.com/2016/08/10/close-encounters-around-clonakilty/,https://holywellsofcork.files.wordpress.com/2016/08/img_8780.jpg,other,Regular,,,clean,
"Trinity Well, Kinsale",W 65773 49460,51.69708981,-8.49573295,CO125-008003,West Cork,Ringcurran,Fortland,Holy Trinity,General,Moveable,Public,https://holywellsofcork.com/2016/11/03/two-kinsale-wells/,https://holywellsofcork.files.wordpress.com/2016/10/img_0037.jpg,,Occasional,,,clean,
"Trinity Well, Newmarket",R 29988 07651,52.21665333,-9.02507942,CO015-03400,North Cork,Kilcorney,Carrigduff,Holy Trinity,General,Trinity Sunday,Public,https://holywellsofcork.com/2016/05/16/trinity-well-newmarket/,https://holywellsofcork.files.wordpress.com/2016/05/img_4704.jpg,rosaries,Regular,trout,rag,clean,
"Trinity Well,Tobar na Trinoda",W 51509 45228,51.65800764,-8.70143553,CO123-059,West Cork,Rathclarin,Farrangark,Holy Trinity,General,Trinity Sunday,Public,https://holywellsofcork.com/2016/02/25/four-very-different-wells-around-timoleague/,https://holywellsofcork.files.wordpress.com/2016/02/img_1774.jpg,statues,Regular,,,clean,
Tubrid Well,V 49752 41124,51.60317072,-10.16936177,CO126-011002,West Cork,Kilnamanagh,Ballynacaallagh,None,General,None,Private,https://holywellsofcork.com/2017/07/11/island-wells-4-oilean-baoi-dursey-island/,https://holywellsofcork.files.wordpress.com/2017/07/img_9240-edit-tif.jpg,,Abandoned,,,scummy,imprint
"Tubrid Well, Tobar an Bo Finne, Millstreet",W 25995 90886,52.06549464,-9.07984214,CO039-042,"North Cork
",Drishane,Claraghatlea North,BVM,General,1 May ,Public,https://holywellsofcork.com/2016/05/02/two-wells-for-bealtine/,https://holywellsofcork.files.wordpress.com/2016/05/img_4555.jpg,statues,Regular,,,clean,crosses
Wart Well,W30829 98679,52.13614293,-9.01094795,CO030-057002,North Cork,Dromtariff,Drominagh South,None,Warts,None,,https://holywellsofcork.com/2018/07/08/old-friends-revisited/,,,Not found,,,,
Wart Well,W 06169 35443,51.56434687,-9.35385403,None,West Cork,Aghadown,Foherlagh,,Warts,,Private,https://holywellsofcork.com/2018/11/04/three-gentlemen-a-yeti-a-medicinal-draught/,https://i0.wp.com/holywellsofcork.com/wp-content/uploads/2018/10/IMG_0029-Edit.jpg,,Abandoned,,,scummy,bullaun
"Wart Well, Castlefreke",W 32502 36100,51.57401996,-8.97430233,CO143-091,West Cork,Rathbarry,Maulatrahane,None,Warts,None,Public,https://holywellsofcork.com/2016/04/06/a-clutch-of-wells-around-castlefreke/,https://holywellsofcork.files.wordpress.com/2016/04/img_3206.jpg,,Occasional,,,clean,bullaun
"Wart Well, Lissagriffin",V 76932 26487,51.47827327,-9.77216266,CO147-024003,West Cork,Kilmoe,Lissagriffin,None,Warts,None,Public,https://holywellsofcork.com/2016/02/16/four-rather-obscure-wells-on-the-mizen/,https://holywellsofcork.files.wordpress.com/2016/02/20160215-img_1210160215.jpg,,Abandoned,,,scummy,bullaun
"Wart Well, Timoleague Abbey",W 47229 43614,51.64311754,-8.76303459,CO123-050003,West Cork,Timoleague,Timoleague,None,Warts,None,Public,https://holywellsofcork.com/2016/02/25/four-very-different-wells-around-timoleague/,https://holywellsofcork.files.wordpress.com/2016/02/wart-well-timoleague.jpg,,Inactive,,,scummy,bullaun
"Wart Well, Tobareen na bhFaithne",W 13910 41847,51.62312826,-9.243827,CO133-001,West Cork,Kilmacabea,Tooreen,None,Warts,None,Public,https://holywellsofcork.com/2016/11/07/in-search-of-cats-around-toe-head/,https://holywellsofcork.files.wordpress.com/2016/11/img_0722.jpg,,Inactive,,,clean,bullaun
"Well of Christ's Staff, Bachall Iosa",R 44220 19865,52.32802882,-8.81889465,CO007-008,North Cork,Dromina,Farthingville East,Staff of Christ,Stomach,Good Friday,,https://holywellsofcork.com/2018/08/20/trees-saints-cats-cake/,https://i2.wp.com/holywellsofcork.com/wp-content/uploads/2018/08/IMG_0028-Edit.jpg,None,Abandoned,None,whitethorn,dry,none
"Well of the Ague,Tobernacrohy, Ballinhassig",W 63442 62688,51.81582393,-8.53084133,CO109-074,West Cork,Whitechurch,Tullig Mor,None,Ague,None,Public,https://holywellsofcork.com/2016/08/01/two-wells-on-the-way-home-from-the-airport/,https://holywellsofcork.files.wordpress.com/2016/08/img_8568-edit-tif.jpg,None,Occasional,,None,clean,none
"Well of the Alder Trees, Tobar na Fearna",W 48239 57519,51.768164747,-8.75051433,CO109-121002,West Cork,Kilbrogan,Michells,None,General,None,Permissable,https://holywellsofcork.com/2016/12/09/an-arboreal-theme/,https://holywellsofcork.files.wordpress.com/2016/12/20161127-img_1425161127-21.jpg,,Abandoned,,,dry,
"Well of the Blind, Tobar Caogh",R 45681 22500,52.35194091,-8.78468655,CO002-119,North  Cork,Shandrum,Cloonleagh North,None,Eyes,None,Private,https://holywellsofcork.com/2018/08/20/trees-saints-cats-cake/,https://i0.wp.com/holywellsofcork.com/wp-content/uploads/2018/08/IMG_0051-Edit.jpg,None,Abandoned,None,whitethorn,dry,none
Well of the Breast,W 56232 99011,52.14172648,-8.638691,CO033-00,North Cork,Mallow,Annabella,None,General,None,Not found,https://holywellsofcork.com/2017/08/20/the-rakes-of-mallow/,"https://holywellsofcork.files.wordpress.com/2017/08/img_0690.jpg
",,Not found,,,,
Well of the Brothers,R 38137 04005,52.18486681,-8.90520199,CO023-080001,North Cork,Kanturk,Curragh,None,General,None,Not found,https://holywellsofcork.com/2017/12/10/kilmacow-holy-well-near-kanturk/,https://holywellsofcork.files.wordpress.com/2017/12/img_3819.jpg,,Not found,,,,
Well of the Church,W 28960 64226,51.82632564,-9.03110914,CO082-067,West Cork,Kilmichael,Carrigboy,None,General,None,Public,https://holywellsofcork.com/2016/11/18/roving-around-kilmichael/,https://holywellsofcork.files.wordpress.com/2016/11/img_0323.jpg,,Abandoned,,,dry,
Well of the Church,W 38408 71498,51.89279046,-8.89539422,CO071-103,West Cork,Aghinagh,Caum,None,General,None,Not found,https://holywellsofcork.com/2017/11/03/thwarted/,https://holywellsofcork.files.wordpress.com/2017/10/img_3103.jpg,,Not found,,,,
"Well of the Church, Toberatemple, Adrigole",V 81875 51990,51.70843768,-9.70962444,CO103-003004,West Cork,Kilcaskan,Kilcaskan,None,Eyes,None,Public,http://_wp_link_placeholderhttps//holywellsofcork.com/2016/05/13/two-beara-wells/,https://holywellsofcork.files.wordpress.com/2016/05/img_5103.jpg,,Abandoned,,,scummy,bullaun
"Well of the Church, Tobernakilla, nr Ballineen",W 32069 54748,51.74154279,-8.98416827,CO108-019002,West Cork,Kinneigh,Dromidiclogh,None,General,None,Private,https://holywellsofcork.com/2016/09/06/a-forgotten-quartet-off-the-r586/,https://holywellsofcork.files.wordpress.com/2016/09/img_0235-edit-tif.jpg,,Abandoned,,,dry,
"Well of the Churches, Tobar na Cille, Templebryan",W 33047 42166,51.62859604,-8.96759971,CO122-075006,West Cork,Templebryan,Templebryan North,None,General,None,Private,https://holywellsofcork.com/2016/08/10/close-encounters-around-clonakilty/,https://holywellsofcork.files.wordpress.com/2016/08/img_8851-edit-tif.jpg,,Inactive,,,dry,
"Well of the Cold Spring, Tobernanore, Sheep’s Head",V 78567 53630,51.56894507,-9.75226054,CO138-007,West Cork,Kilcrohane,Letter East,None,Warts,None,Public,https://holywellsofcork.com/2016/03/07/tobernanore-sheeps-head/,https://holywellsofcork.files.wordpress.com/2016/03/img_9996.jpg,,Occasional,,,clean,
"Well of the Fasting, Toberan Aoine ",W 22316 76739,51.93787658,-9.13027188 ,CO058-046,West Cork,Ballyvourney,Ballymakeery,None,General,None,Public,https://holywellsofcork.com/2016/12/02/on-the-trail-of-st-lachteen/,https://holywellsofcork.files.wordpress.com/2016/11/img_1235.jpg,,Abandoned,,,clean,
"Well of the Flax, Tobar a’Linn, Dunbeacon",V 92196 37929,51.58418771,-9.55604516,CO130-029,West Cork,Schull,Dunbeacon,None,General,None,Private,https://holywellsofcork.com/2016/06/30/tobar-a-linn-dunbeacon/,https://holywellsofcork.files.wordpress.com/2016/06/img_3881.jpg,,Abandoned,,,clean,
Well of the Friars,W 31591 47527,51.67659594,-8.98967088,CO121-049001,West Cork,Rossmore,Glebe,None,General,None,Not found,,https://holywellsofcork.files.wordpress.com/2016/02/img_6585.jpg,,Not found,,,,
"Well of the Glen,  Tobernagleenagh",R50857 03039,52.17746602,-8.71910532,CO024-101,North Cork,Ballyclogh,Ballykitt,None,General,,Not found,https://holywellsofcork.com/2018/08/28/cattle-castles-and-cranat-exploring-around-ballyclogh/,https://i1.wp.com/holywellsofcork.com/wp-content/uploads/2018/08/IMG_0118-Edit.jpg,,Not found,,,,
"Well of the Glen,  Tubbercooragh a Glynna",R 49405 12362,52.17125128,-8.74022805,CO024-138,North Cork,Ballyclogh,Lisleagh,None,Eyes,None,Private,https://holywellsofcork.com/2018/08/28/cattle-castles-and-cranat-exploring-around-ballyclogh/,https://i1.wp.com/holywellsofcork.com/wp-content/uploads/2018/08/IMG_0091.jpg,None,Abandoned,None,whitethorn,clean,none
"Well of the Hood, Tobar a'Chaipin",W71524 98203,52.13546099,-8.41659762,CO034-041001,North Cork,Ballyhooly,Castleblagh,,General,,Not found,https://holywellsofcork.com/2018/10/15/motorway-madness-9-possible-wells-off-the-m8/,https://i1.wp.com/holywellsofcork.com/wp-content/uploads/2018/10/IMG_0085.jpg,,Not found,,,,
"Well of the Hood, Tobar n'Chailcin",W50918 62810,51.81595857,-8.7124513,CO084-102,West Cork,Kilbonane,Rearour,None,Eyes,None,,https://holywellsofcork.com/2018/04/06/a-clonakilty-ramble-part-2/,https://i2.wp.com/holywellsofcork.com/wp-content/uploads/2018/04/IMG_0081.jpg,None,Not found,None,None,,none
"Well of the Hurdle Passage, Tobar na gCliathrach",V 46401 40071,51.59280831,-10.21722395,,West  Cork,Kilnamanagh,Tilickifinna,None,General,None,Public,https://holywellsofcork.com/2017/07/11/island-wells-4-oilean-baoi-dursey-island/,https://holywellsofcork.files.wordpress.com/2017/07/img_9286-edit-tif1.jpg,,Abandoned,,,clean,
Well of the Infant,W 41198 73198,51.90837169,-8.85515399,CO071-064001,West Cork,Kilmurry,Cappanagraun,None,None/Unknown,None,,https://holywellsofcork.com/2017/11/03/thwarted/,https://holywellsofcork.files.wordpress.com/2017/10/img_3129-edit-tif.jpg,None,Inactive,None,None,clean,bullaun
Well of the Pains,W25475 71419,51.8905054,-9.08319767,CO070-067,West Cork,Kilnamartrya,Baile an Bhuaidh,None,Arthritis,None,Permissable,https://holywellsofcork.com/2018/05/06/putting-things-off-for-later/,"https://i2.wp.com/holywellsofcork.com/wp-content/uploads/2018/05/IMG_0094-Edit.jpg
",None,Abandoned,None,None,clean,none
"Well of the Penitential Station, Tiobraid Ulla, nr Goleen",V 78249 25870,51.47301532,-9.75300301,CO147-043001,West Cork,Kilmoe,Letter,St Brendan,General,16 May,Public,https://holywellsofcork.com/2016/09/01/two-incredibly-hard-to-find-wells-on-the-mizen/,https://holywellsofcork.files.wordpress.com/2016/09/20160828-img_0148160828.jpg,statues,Occasional,,,clean,
Well of the Place Abounding in Ants,W22658 77128,51.9414195,-9.12538757,CO058-047,West Cork,Ballyvourney,Bile Mhic Íre,None,Warts,None,Private,https://holywellsofcork.com/2018/05/06/putting-things-off-for-later/,https://i1.wp.com/holywellsofcork.com/wp-content/uploads/2018/05/IMG_0070-Edit.jpg,,Not found,,,,
"Well of the Poet, Tobar na-n-Duanairdhe, Sheep’s Head",V 83662 38345,51.58622829,-9.67925064,CO129-014,West Cork,Kilcrohane,Dromnea,None,Poetic muse,None,Public,https://holywellsofcork.com/2016/04/01/tobar-na-n-duanairdhe/,https://holywellsofcork.files.wordpress.com/2016/03/img_3001-copy-copy.jpg,,Occasional,,,clean,
"Well of the Poet? Tobernadunaree, Sheep’s Head",V 73171 33943,51.54442159,-9.82894827,None,West Cork,Kilcrohane,Tooreen,None,None/Unknown,None,Public,https://holywellsofcork.com/2016/02/22/toberknockaphuca-tobarnadunaree-sheeps-head/,https://holywellsofcork.files.wordpress.com/2016/02/img_0896.jpg,,Abandoned,,,clean,
"Well of the Pooka’s Hill, Toberknockaphuca, Sheep’s Head",V 77602 35208,51.55676391,-9.765549,CO138-003,West Cork,Kilcrohane,Laharandota,None,Eyes,None,Private,https://holywellsofcork.com/2016/02/22/toberknockaphuca-tobarnadunaree-sheeps-head/,https://holywellsofcork.files.wordpress.com/2016/02/img_0871.jpg,,Abandoned,,,clean,
"Well of the Quaking Bog, Tobar an Tinne",W27821 96654,52.11756307,-9.05444161,CO030-121,North Cork,Cullen,Cleanrath,None,General,May 1,Not found,https://holywellsofcork.com/2018/07/08/old-friends-revisited/,https://i2.wp.com/holywellsofcork.com/wp-content/uploads/2018/07/IMG_0182-1.jpg,,Not found,,,,
"Well of the Saints,Toberaneeve, Dunlough",V 73717 26703,51.4795052,-9.81849161,CO146-002,West Cork,Kilmoe,Dunlough,None,Insanity,None,Public,https://holywellsofcork.com/2016/09/01/two-incredibly-hard-to-find-wells-on-the-mizen/,https://holywellsofcork.files.wordpress.com/2016/08/img_0044.jpg,,Abandoned,,,dry,
St Brendan's Well,Q 50852 11587,52.23600416,-10.18397251,KE035-024,"Dingle Peninsula, Kerry",Corkaguiney,An Clochán,St Brendan,,last sunday in July,Not found,,,,Not found,,,,
Holy well,Q 4014 0616,52.18453907,-10.3380944,KE042-026011,"Dingle Peninsula, Kerry",Kilmalkedar,Cill Maoilchéadair,,General,,Public,https://holywellsofcork.com/2019/08/21/two-wells-a-whole-lot-more-at-cill-mhaoilcheadair/,https://i1.wp.com/holywellsofcork.com/wp-content/uploads/2019/08/IMG_20190713_144508806.jpg?,,Abandoned,,,dry,crosses
St Michael's Well,V 44173 66566,51.83013331,-10.26118187,KE097-029,"Iveragh Peninsula & Valentia, Kerry",Ballinskelligs,Dungeagan,St Michael,Headaches,29 September,Public,https://holywellsofcork.com/2019/09/28/an-epic-pilgrimage-for-michaelmas/,https://i1.wp.com/holywellsofcork.com/wp-content/uploads/2019/09/michael-3.jpg,,Regular,,,clean,crosses
St Michael's Well,V40689 99347,52.12352475,-10.3268823,KEO53-056,"Dingle Peninsula, Kerry",Ventry,Baile Mór Thiar,St Michael,,29 September ,,https://holywellsofcork.com/2018/09/26/a-brief-encounter/,https://i1.wp.com/holywellsofcork.com/wp-content/uploads/2018/09/IMG_0280.jpg?resize=768%2C576&ssl=1,,Occasional,,rag,clean,crosses
"Well of the Wethers, Tobar na Molt",Q 81894 620501,52.32340686,-9.73294714,KE0211-115002,North Kerry,Ardfert,Tubrid More,St Brendan,Lameness,16 May,Public,https://holywellsofcork.com/2018/11/20/saints-sheep-tobar-na-molt/,https://i2.wp.com/holywellsofcork.com/wp-content/uploads/2018/11/IMG_0059.jpg,statues,Regular,trout,rag,,carved
Lady's Well,V 90711 71017,51.88116551,-9.58783692,KE093-021,South Kerry,South Kerry,Gortamullin,BVM,General,15 August,Public,https://holywellsofcork.com/2017/04/22/beara-wells-2-a-trip-into-kerry/,https://i0.wp.com/holywellsofcork.files.wordpress.com/2017/04/20170322-img_5248170322.jpg,statues,Regular,None,None,clean,
St John’s Well,W 32118 85662,52.01933495,-8.98953537,CO048-083,North Cork,Kilcorney Cork,Mushera,St John,Warts,24 June,Public,https://holywellsofcork.com/2016/05/09/st-johns-well-mushera/,https://holywellsofcork.files.wordpress.com/2016/05/img_4596.jpg,statues,Regular,,,clean,crosses
St Michael's Well,W72645 86336,52.0288728,-8.39927418,CO052-006,North Cork,Carrignavar,Ballybrack,St Michael,General,29 September,Not found,https://holywellsofcork.com/2018/10/02/causing-havoc-in-carrignavar/,,,Not found,,,,
"St John's Well, Toberolan",W 61548 89470,52.05637813,-8.56129869,CO042-081,North Cork,Mourne Abbey,Tooreen North ,St John Cork,General,23 June,Public,https://holywellsofcork.com/2018/09/04/chalk-cheese-two-very-different-wells-near-burnfort/,https://i0.wp.com/holywellsofcork.com/wp-content/uploads/2018/09/IMG_0227-Edit.jpg,statues,Regular,trout,rag,clean,crosses
" Health Giving Well, Tobar Slanán ",W 09121 65928,51.83874414,-9.3192339,None,West Cork,Inchigeelagh,Doire na coise / Derreennacusha,None,General,June 24/Sept 25,Public,https://holywellsofcork.com/2016/09/30/gougane-sunday/,https://holywellsofcork.files.wordpress.com/2016/09/img_0370.jpg,None,Occasional,None,None,clean,none
"Well of the Baptism, Tobernabastia, nr Manch",W 26624 52982,51.7249874,-9.06261039,CO108-026,West Cork,Fanlobbus,Nedinagh East,None,General,None,Private,https://holywellsofcork.com/2016/09/06/a-forgotten-quartet-off-the-r586/,https://holywellsofcork.files.wordpress.com/2016/09/img_0199-edit-tif.jpg,,Inactive,,,clean,
"Well of the Little Loop, Tobar 'a Lúibín",W 00043 27710,51.4938174,-9.43997495,CO149-013,West Cork,Aghadown,Heir Island,None,Eyes,None,Private,https://holywellsofcork.com/2017/10/27/island-wells-5-heir-island-inis-ui-dhrisceoil/,https://holywellsofcork.files.wordpress.com/2017/10/img_2979.jpg,None,Abandoned,,,clean,
"Well of the Sand Hills, Tobernadihy",W 75646 65748,51.84398969,-8.35409272,CO087-025,West Cork,Monkstown,Ballyfouloo,None,General,None,Not found,https://holywellsofcork.com/2017/01/02/on-the-r631-towards-carrigaline/,https://holywellsofcork.files.wordpress.com/2016/12/img_2464.jpg,,Not found,,,,
"Well of the Silver, Tobar an Arigid, Baltimore",W 04576 26430,51.48309666,-9.37438393,CO150-036001,West Cork,Tullagh,Baltimore,None,General,None,Public,https://holywellsofcork.com/2016/04/27/tobar-ciaran-oilean-cleire/,https://holywellsofcork.files.wordpress.com/2016/04/img_42831.jpg,,Inactive,,,,
"Well of the Story Teller, Tobernatanhee, Tobar a’tSeanchaidhe",W 37728 70512,51.88386179,-8.90508008,CO071-143,West Cork,Aghinagh,Rosnascalp,None,General,,Permissable,https://holywellsofcork.com/2017/11/03/thwarted/,https://holywellsofcork.files.wordpress.com/2017/10/img_3078.jpg,None,Abandoned,None,None,clean,none
Well of the Sunny Milking Field,W 42652 48998,51.6910505035,-8.83003567,CO122-027,West Cork,Kilmoda,Tullymurrihy,None,Warts,None,Not found,https://holywellsofcork.com/2018/04/02/a-final-ramble-around-clonakilty-bandon-part-1/,https://i0.wp.com/holywellsofcork.com/wp-content/uploads/2018/04/IMG_0040.jpg?,None,Not found,None,,,
"Well of the Two Cats, Tobar na Chat",W 14470 28578 ,51.5043438,-9.23259481,CO151-027001,West Cork,Castlehaven,Bawnishall,None,None/Unknown,None,Public,https://holywellsofcork.com/2016/11/07/in-search-of-cats-around-toe-head/,https://holywellsofcork.files.wordpress.com/2016/11/img_0665.jpg,,Abandoned,,,clean,
"Well of the Vale of Ferns,Toberclashnaerina, Kilcoe",W 02047 33613,51.54720667,-9.41276869,CO140-031,West Cork,Kilcoe,Kilcoe,None,General,None,Permissable,https://holywellsofcork.com/2016/04/08/roaringwater-wells/,https://holywellsofcork.files.wordpress.com/2016/04/img_3411.jpg,,Abandoned,,,dry,
"Well of the White Fort, Tobar an Ratha Bhain",W 36166 70591,51.88439148,-8.92778144,CO071-128,West Cork,Aghinagh,Mashanaglass,None,Rheumatism,None,Not found,https://holywellsofcork.com/2017/11/03/thwarted/,https://holywellsofcork.files.wordpress.com/2017/10/img_3074.jpg,,Not found,,,,
"Well of the Yew Tree, Tobar an Iubhair",W 48784 55674,51.75164108,-8.74234375,CO096-043,West Cork,Kilbrogan,Roughgrove East,None,Eyes,15 August,Private,https://holywellsofcork.com/2016/12/09/an-arboreal-theme/,https://holywellsofcork.files.wordpress.com/2016/12/img_1411.jpg,,Not found,,,,
"St John the Baptist's Well, Tobar Eoin Baiste",V 55394 99060,52.12498687,-10.11221046,KE054-062001,"Dingle Peninsula, Kerry",Minard,Cill Mhuire,St John the Baptist,Ailments of the head,29 August,Public,https://holywellsofcork.com/2018/10/27/st-johns-well-minard/,https://i0.wp.com/holywellsofcork.com/wp-content/uploads/2018/10/IMG_0222.jpg,rosaries,Regular,trout,rag,clean,crosses
St Batt's Well,Q96445 38054,52.48449334,-9.52506426,KE01-016,North Kerry,Galey,Knockenagh South,St Bartholomew,Rheumatism,24 August,Public,https://holywellsofcork.com/2019/10/28/st-batts-well-an-abundance-of-cattle/,https://i1.wp.com/holywellsofcork.com/wp-content/uploads/2019/10/IMG_4938.jpg,statues,Regular,trout,rag,scummy,
St Lócán,Q74630 29125,52.39972308,-9.84266691,KE014-020001,North Kerry,Listowel,Knockane,St Lócán,,,,https://holywellsofcork.com/2019/10/28/st-batts-well-an-abundance-of-cattle,https://i2.wp.com/holywellsofcork.com/wp-content/uploads/2019/10/IMG_4835-2.jpg?resize=768%2C463&ssl=1,,Not found,,,,bullaun
St Lúireach's Well,Q79531 30730,52.4152393,-9.77127702,KE009-013,North Kerry,Listowel,Feeans,St Lúireach,General,17 February,Private,https://holywellsofcork.com/2019/10/28/st-batts-well-an-abundance-of-cattle/,https://i2.wp.com/holywellsofcork.com/wp-content/uploads/2019/10/IMG_4862.jpg,,Abandoned,,,,
St Flainn's Well,Q89946 23016,52.34813843,-9.61574441,KE022-023,North Kerry,Kilflynn,Cloonnafinneela,St Flainn,Eyes,30 April,Public,https://holywellsofcork.com/2019/11/03/signage-paths-no-cows-three-wells-in-north-kerry/,"https://i2.wp.com/holywellsofcork.com/wp-content/uploads/2019/10/IMG_4980.jpg
",rosaries,Regular,,,clean,
"Sunday's Well, Tobar Ri an Domhnaigh",Q86740 31954,52.42777308,-9.66579011,KE009-068,North Kerry,Rattoo,Lisnagoneeny,King of Sunday,General,May,Public,https://holywellsofcork.com/2019/11/03/signage-paths-no-cows-three-wells-in-north-kerry/,https://i0.wp.com/holywellsofcork.com/wp-content/uploads/2019/11/IMG_4865-Edit.jpg,statues,Regular,,,clean,
"Well of the Cross, Tobar na Croise",Q57943 01601,52.14846382,-10.0760849,KE044-115001,Dingle Peninsula,Annascaul,Ballinclare,,General,27 August,Private,https://holywellsofcork.com/2019/11/10/sun-bright-fionan-jugfuls-of-whiskey-a-raging-priest/,https://i2.wp.com/holywellsofcork.com/wp-content/uploads/2019/11/IMG_2936.jpg,,Abandoned,,,,crosses
"Mary's Well, Tobar Muire",V49381 98695,52.12010356,-10.1997846,KE053-090,Dingle Peninsula,Kinard,Cinn Aird Thiar,BVM,,15 August,Public,https://holywellsofcork.com/2019/11/10/sun-bright-fionan-jugfuls-of-whiskey-a-raging-priest/,"https://i0.wp.com/holywellsofcork.com/wp-content/uploads/2019/11/IMG_2969-2.jpg
",rosaries,Occasional,,,clean,crosses
"Well of the Slope, Tobar na Stéilleach",V49145 98663,52.11975181,-10.20321404,KE053-081001,Dingle Peninsula,Kinard,Cinn Aird Thiar,,,,,https://holywellsofcork.com/2019/11/10/sun-bright-fionan-jugfuls-of-whiskey-a-raging-priest/,https://i0.wp.com/holywellsofcork.com/wp-content/uploads/2019/11/IMG_2981-2.jpg,,Abandoned,,,,
"St Fionán's Well, Tobar Fionáin",V49393 98700,52.12015174,-10.19961171,KE053-083,Dingle Peninsula,Kinard,Cinn Aird Thoir,St Finián,,8 April,Public,https://holywellsofcork.com/2019/11/10/sun-bright-fionan-jugfuls-of-whiskey-a-raging-priest/,https://i2.wp.com/holywellsofcork.com/wp-content/uploads/2019/11/IMG_2972-2.jpg,,Abandoned,,,,crosses
"Knoppoge Well, St Bridget's Well,  Tobar Eilís",Q86769 37516,52.47773756,-9.66724977,KE009-013,North Kerry,Ballyduff,Knoppoge,St Bridget,General,,Public,https://holywellsofcork.com/2019/11/03/signage-paths-no-cows-three-wells-in-north-kerry/,https://i1.wp.com/holywellsofcork.com/wp-content/uploads/2019/10/IMG_4892-Edit.jpg,rosaries,Regular,trout,,clean,
"Maulinward, Durrus",V981 436,51.63623792,-9.47254432,None,West Cork,Kilmocomoge,Maulinward,St John the Baptist,General,23 June ,Public,https://holywellsofcork.com/2016/02/02/maulinward-holy-well/,https://holywellsofcork.files.wordpress.com/2016/01/img_0100-edit-edit-psd.jpg,,Abandoned,,,clean,
St Brittain's Well,W 52377 47271,51.67644201,-8.68917186,        CO123-068,West Cork,Kilbrittain,Kilbrittain,St Brittain?,General,None,Private,https://holywellsofcork.com/2018/04/06/a-clonakilty-ramble-part-2/,https://i1.wp.com/holywellsofcork.com/wp-content/uploads/2018/04/IMG_0047.jpg?,None,Abandoned,None,None,clean,none
"St Colman’s Well, Cullomane",W 03399 45458,51.6538666,-9.39654439,CO118-071001,West Cork,Caheragh,Cullonmane East,St Colmán,General,I May ,Private,https://holywellsofcork.com/2016/04/21/st-colmans-well-cullomane-east/,https://holywellsofcork.files.wordpress.com/2016/04/img_4142.jpg,,Abandoned,,,,
"St Finan's Well, Tobar Fhionáin",V39980 77017,51.92279924,-10.32679359,KEO79-058002,"Iveragh Peninsula & Valentia, Kerry",Valentia ,Glanleam,St Fionán,Rheumatism,7 April,Permissable,https://holywellsofcork.com/2019/02/24/two-wells-on-valentia-island/,https://i0.wp.com/holywellsofcork.com/wp-content/uploads/2019/02/IMG_0154.jpg?resize=768%2C1024&ssl=1,coins,Occasional,,,clean,crosses
