{
  "licenseType": "Creative Commons",
  "dc:description": "Wells recorded to date by Amanda Clarke",
  "exportable": true,
  "createdBy": "Peter Clarke",
  "dc:title": "Holy wells of Cork",
  "attribution": "Holy Wells of Cork",
  "attributionLink": "https://holywellsofcork.com/",
  "dc:modified": "2019-11-14T12:44:49Z",
  "dc:identifier": "1ghbPJ6JBGcFmhQkd2wXHW9yfj6zcpuSvslpBduYn",
  "tableSchema": {"columns": [
    {
      "datatype": "string",
      "name": "col0",
      "validateData": false,
      "title": "Name"
    },
    {
      "datatype": "string",
      "name": "col1",
      "validateData": false,
      "title": "OS Grid Ref"
    },
    {
      "datatype": "location",
      "name": "col2",
      "validateData": false,
      "title": "Latitude",
      "latitudeLongitudeColumns": {
        "latitudeColumn": "col2",
        "longitudeColumn": "col3"
      }
    },
    {
      "datatype": "double",
      "name": "col3",
      "validateData": false,
      "title": "Longitude",
      "latitudeLongitudeColumns": {
        "latitudeColumn": "col2",
        "longitudeColumn": "col3"
      }
    },
    {
      "datatype": "string",
      "name": "col4",
      "validateData": false,
      "title": "SMR"
    },
    {
      "datatype": "string",
      "name": "col5",
      "validateData": false,
      "title": "County Area"
    },
    {
      "datatype": "string",
      "name": "col6",
      "validateData": false,
      "title": "Parish"
    },
    {
      "datatype": "string",
      "name": "col7",
      "validateData": false,
      "title": "Townland"
    },
    {
      "datatype": "string",
      "name": "col8",
      "validateData": false,
      "title": "Dedication"
    },
    {
      "datatype": "string",
      "name": "col9",
      "validateData": false,
      "title": "Cure",
      "validValues": "None/Unknown,Ague,Ailments of the head,Arthritis,Blindness, bones, Burns, Lameness,Flesh wounds,Cattle,Consumption,Eyes,Feet,General,Headaches,Infertility,Insanity,Poetic muse,Prayers re marriage,Rheumatism, Sore limbs,Stomach, toothache, Warts"
    },
    {
      "datatype": "string",
      "name": "col10",
      "validateData": false,
      "title": "Feast day"
    },
    {
      "datatype": "string",
      "name": "col11",
      "validateData": false,
      "title": "Access",
      "validValues": "Public,Private,Permissable,Not found"
    },
    {
      "datatype": "string",
      "formatPattern": "<a href='%1$s'>%1$s<\/a>",
      "name": "col12",
      "validateData": false,
      "title": "URL"
    },
    {
      "datatype": "string",
      "formatPattern": "<a href='%1$s'>%1$s<\/a>",
      "name": "col13",
      "validateData": false,
      "title": "Image"
    },
    {
      "datatype": "string",
      "name": "col14",
      "validateData": false,
      "title": "Offerings",
      "validValues": "None,statues,coins,rosaries,other"
    },
    {
      "datatype": "string",
      "name": "col15",
      "validateData": false,
      "title": "Usage",
      "validValues": "Regular, Occasional, Inactive, Abandoned, Not found,"
    },
    {
      "datatype": "string",
      "name": "col16",
      "validateData": false,
      "title": "Notes"
    },
    {
      "datatype": "string",
      "name": "col17",
      "validateData": false,
      "title": "Blessed fish",
      "validValues": "None,eel,trout,salmon,frog"
    },
    {
      "datatype": "string",
      "name": "col18",
      "validateData": false,
      "title": "Tree",
      "validValues": "None,rag, ash, beech, elm, whitethorn, blackthorn, sycamore, now gone, oak, alder, elder,yew, holly"
    },
    {
      "datatype": "string",
      "name": "col19",
      "validateData": false,
      "title": "Water",
      "validValues": "clean,scummy,dry"
    },
    {
      "datatype": "string",
      "name": "col20",
      "validateData": false,
      "title": "Stones",
      "validValues": "bullaun,carved,ogham,imprint, crosses, none"
    }
  ]}
}