Name,Certificate,Location,Latitude,Longitude,Country,Pension Reason,Pension,Commencement,Unit,Service Detail,Death Location (or battle mortally wounded)
"Nastaas, Gurine",100851,Bergen,60.391263,5.322054,Norway,Widow,USD 8.00,1869,82 Illinois Infantry,"Widow of Knut Nastaas. DoD, Dalton, GA, 16 February 1865","Dalton, GA"
"Wilson, Olu",2516,Kristianstad (Mjällby),56.04666,14.683118,Sweden,Widow,USD 8.00,1879,USS Pensacola,Widow of George Wilson. DoD contracted in service during 1870s,To be established
"Lind, Casja",160327,Elmstad (Halmstad?),56.674375,12.857788,Sweden,Widow,USD 8.00,1872,3 Minnesota Infantry,"Widow of Olaus Lind. Died Redwing, MN, 15 October 1862","Redwing, MN"
"Mejster, Maria C",160981,Sandzo Sjarp (Unknown- DEFAULT Stockholm),59.329323,18.068581,Sweden,Mother,USD 8.00,1873,36 Massachusetts Infantry,"Mother of Oscar Lind, alias Ocar Sagar. DoD, Falmouth, VA, 30 November 1862","Falmouth, VA"
"Herman, Anna G",113612,Stockholm (Delsbo? Hälsingland),61.799132,16.553382,Sweden,Widow,USD 8.00,None,103 New York Infantry,Widow of Frederick Herman.,To be established
"Burg (Berg), Carvin",143119,Stockholm (Delsbo? Hälsingland),61.797091,16.565033,Sweden,Widow,USD 8.00,1870,59 Massachusetts Infantry,"Widow of Erik Berg alias Charles Petterson. DoD Readville, MA, 24 October 1864","Readville, MA"
"Scherqvist, Gustava","182,373",Stockholm,59.328334,18.067592,Sweden,Widow,USD 8.00,1878,7 Minnesota Infantry,"Widow of Adolph Scherqvist. Died Paducah, KY, 29 June 1864","Paducah, KY"
"Talin, Hedwig E",63454,Stockholm,59.327325,18.068583,Sweden,Widow,USD 8.00,1866,1 Louisiana Infantry,"Widow of Talen Ludwig. KIA Port Hudson, LA, 14 June 1863","Port Hudson, LA"
"Molin, Julia M",106359,Stockholm,59.329326,18.067584,Sweden,Widow,USD 8.00,1868,2 Minnesota Infantry,"Widow of Charles Gustaf Molin. DoD Corinth, MS, 18 May 1862","Corinth, MS"
"Rasmussen, Thrine M",56787,Unknown (DEFAULT Copenhagen),55.676097,12.568337,Denmark,Widow,USD 8.00,1865,54 New York Infantry,"Widow of Niels Rasmussen. KIA? Second Bull Run, VA, 30 August 1862","Second Bull Run, VA"
"Bauer, Margaret",95511,"Alsace ('Robertsan' near Strasbourg, Robertsau)",48.61105,7.798468,"Alsace, Germany",Widow,USD 8.00,1867,58 Ohio Infantry,"Widow of John Bauer. Died on Explosion of Steamer Sultana, TN, 27 April 1865","Sultana, TN"
"Kusay, Frederica A",152367,Strasbourg,48.573405,7.752111,"Alsace, Germany",Dependent Mother,USD 8.00,1871,1 Louisiana Infantry,Mother of George Kusay (Krisay),To be established
"Trumpf, Mary E",60662,Westhoffen,48.60343,7.442142,"Alsace, Germany",Widow,USD 8.00,None,4 New York Infantry,"Widow of John Michael Trumpf. KIA Battle of Fredericksburg, VA, 13 December 1862","Fredericksburg, VA"
"Brunner, Barbara",79870,Karsruhe (VIllingen),48.059402,8.464087,"Baden, Germany",Widow,USD 8.00,None,2 Delaware Infantry,"Widow of Jacob Brunner. DoD Harper's Ferry, VA, 8 November 1862","Harper's Ferry, VA"
"Rappenecher, Theresia",177268,Freiburg,47.999008,7.842104,"Baden, Germany",Widow,USD 8.00,1877,2 Missouri Light Artillery,Widow of George Rappenecher,To be established
"Wagner, Matilda",186600,Freiburg,47.998009,7.843105,"Baden, Germany",Widow,USD 29.00,1880,24 Illinois Infantry,Widow of William Wagner (Surgeon and author of regimental history). ,To be established
"Dorman, Barbara",5575,Gamshurst,48.656464,8.022139,"Baden, Germany",Widow,USD 8.00,1863,7 New York Infantry,"Widow of Peter Dorman. KIA Malvern Hill, VA, 1 July 1862","Malvern Hill, VA"
"Leaman, Mary",57504,Kork,48.566997,7.871844,"Baden, Germany",Widow,USD 8.00,None,28 Ohio Infantry,"Widow of Charles Leaman (Seaman). DoW received at Princeton, VA, 1 June 1862","Princeton, WV"
"Hoffman, Margaretta",171012,Mannheim,49.487459,8.466039,"Baden, Germany",Widow,USD 8.00,1875,5 United States Infantry,"Widow of Philip Hoffman. DoD Fort Leavenworth, KA, 21 July 1873","Fort Leavenworth, KA"
"Germer, Agatha",53455,Riegel,48.155907,7.747446,"Baden, Germany",Widow,USD 8.00,None,119 New York Infantry,"Widow of Joseph Germer. KIA Gettysburg, PA, 1 July 1863","Gettysburg, PA"
"Mall, Eva",171975,Sollinghrear (Solingen?),51.170207,7.083141,"Baden, Germany",Dependent Mother,USD 8.00,1876,36 Illinois Infantry,Mother of Christopher Mall. DoW (Missionary Ridge?) 16 December 1863,"Missionary Ridge, TN"
"Roth, Maria U",130843,Tehenheim (Ichenheim),48.433234,7.809705,"Baden, Germany",Widow,USD 8.00,None,181 Ohio Infantry,"Widow of David Roth. DoD Murfreesboro, TN, 31 December 1864","Murfressboro, TN"
"Bernard, Lina",109197,Bamberg,49.898814,10.902764,"Bavaria, Germany",Dependent Mother,USD 8.00,1868,39 New York Infantry,"Mother of Frederick Bernard. DoD Andersonville, GA, c. January 1865","Andersonville, GA"
"Reheis, Caroline",124111,Bavaria (DEFAULT Munich),48.135125,11.581981,"Bavaria, Germany",Dependent Mother,USD 8.00,1869,20 New York Infantry,"Mother of Joseph Reheis. DoD New York, NY, 15 October 1862","New York, NY"
"Erchlugen, Catharine (Eichberger?)",171154,Deideshein (Deidesheim),49.40858,8.184656,"Bavaria, Germany",Widow,USD 8.00,1875,16 New York Cavalry,"Widow of Andreas Eichberger? Captured March 1865, No further record",To be established
"Ingelkofer, Katharine",181530,Deideshein (Deidesheim),49.40959,8.184757,"Bavaria, Germany",Widow,USD 8.00,1878,2 Illinois Light Artillery,Widow of John Ingelkofer.,To be established
"Schmitt, Henrietta",176301,Durkheim (Bad Dürkheim),49.459837,8.165423,"Bavaria, Germany",Dependent Mother,USD 8.00,1877,73 Pennsylvania Infantry,"Mother of Martin Schmitt. DoW received at Chancellorsville, VA, 8 June 1864","Chancellorsville, VA"
"Domberger, Barbara R.M. (Dornberger)",7336,Durkheim (Friedelsheim),49.447573,8.22156,"Bavaria, Germany",Widow,USD 8.00,None,2 Ohio Cavalry,"Mother of Leonhard Dornberger. DoD Fort Scott, KS, 5 August 1862","Fort Scott, KS"
"Croissant, Elizabetha",190465,Edenboler (Unknown- DEFAULT Munich),48.135026,11.581882,"Bavaria, Germany",Dependent Mother,USD 8.00,1880,6 United States Infantry,Mother of Charles Croissant.,To be established
"Tuhrer, Maria Anne (Fuhrer)",57564,Elleringhausen,51.33472,8.538984,"Bavaria, Germany",Widow,USD 8.00,None,15 Missouri Infantry,"Widow of Henry Fuhrer. KIA Stones River, TN, 31 December 1862","Stones River, TN"
"Mader, Catharine",159468,Gemar (Unknown- DEFAULT Munich),48.124127,11.581983,"Bavaria, Germany",Widow,USD 8.00,1872,1 Wisconsin Infantry/21 Wisconsin Infantry,"Widow of Charles Mader. DoD, Keokuk, IA, 18 October 1864","Keokuk, IA"
"Dreher, Margaretta",8673,Hochsperyer (Hochspeyer),49.442778,7.896667,"Bavaria, Germany",Widow,USD 30.00,None,20 Massachusetts Infantry,"Widow of Ferdinand Deher. DoW 30 April 1863 of wounds received at Fredericksburg, VA","Fredericksburg, VA"
"Kuntzmann, Johanna",197614,Kulmbach,50.103928,11.444818,"Bavaria, Germany",Dependent Mother,USD 8.00,1882,5 Iowa Cavalry,"Mother of Andrew Kuntzmann. KIA 5 May 1862, Lockridge Mill, TN","Lockridge Mill, TN"
"Koestle, Jacobine",196740,Kusel,49.534722,7.398056,"Bavaria, Germany",Dependent Mother,USD 8.00,1882,75 Pennsylvania Infantry,"Mother of Ludwig Koestle. Drowned in Shenandoah River, VA, 15 April 1862","Shenandoah River, VA"
"Stephan, Phillipene",77807,"Lindau (Kinden, Landshut?)",47.579782,9.678933,"Bavaria, Germany",Widow,USD 8.00,None,89 Ohio Infantry,"Widow of Henry Stephan. DoD 30 April 1863, Carthage, TN","Carthage, TN"
"Durke, Anna M",91767,Meekenheim (Meckenheim),50.625888,7.031951,"Bavaria, Germany",Widow,USD 8.00,1867,183 Ohio Infantry,Widow of Carl Wilhelm Durke (Durk).,To be established
"Kurtzwart, Elizabeth",20375,Munich,48.127128,11.580984,"Bavaria, Germany",Widow,USD 8.00,1864,100 New York Infantry,"Widow of John Kurtzwart. KIA (on picket), 28 August 1863, Morris Island, SC","Morris Island, SC"
"Besler, Georepa",38728,Munich (Burgberg),47.537685,10.285073,"Bavaria, Germany",Widow,USD 8.00,1869,58 Ohio Infantry,"Widow of Sebastian Besler. DoW 5 May 1862, St. Louis, MO","St. Louis, MO"
"Kruger, Bertha E.A.",148987,Neustodt (Neustadt),50.327216,11.119032,"Bavaria, Germany",Widow,USD 8.00,1871,18 New York Cavalry,"Widow of Frederick Kruger. Died of sunstroke, Marhsall, TX, 4 July 1865","Marshall, TX"
"Abe, Barbara",141282,Nuremberg,49.425409,11.079655,"Bavaria, Germany",Widow,USD 8.00,1870,3 Maryland Infantry,Widow of Hartman Abe. DoD late 1866 in MD,MD (DEFAULT Baltimore)
"Sternshom, Sarah M.J.",62800,Nuremberg (Oldenburg in Holstein),54.290469,10.889923,"Bavaria, Germany",Widow,USD 8.00,1866,2 Minnesota Infantry,"Widow of Frederick Henrich Sternshorn. KIA Mill Springs, KY, 19 January 1862","Mill Springs, KY"
"Julianna, Matheis",102627,Rodalben,49.239314,7.63544,"Bavaria, Germany",Widow,USD 8.00,1867,40 Missouri Infantry,"Widow of Peter Matheis (Mathis). DoD Eastport, MS, 30 January 1865","Eastport, MS"
"Freitag, Louisa",75059,Sachsen (Lachen),47.944974,10.241295,"Bavaria, Germany",Widow,USD 8.00,None,183 Ohio Infantry,"Widow of John Freitag. DoD on Hospital Steamer RR Wood, 5 April 1865",To be established
"Hoppe, Elizabeth J",146522,Schwartzenbach,50.21969,11.93861,"Bavaria, Germany",Widow,USD 17.00,1870,52 Illinois Infantry/17 US VRC,"Widow of Erich Hoppe. DoD contracted in service, Indianapolis IN, 31 December 1868","Indianapolis, IN"
"Kuhfuss, Christine M",966,Weckarhausen (Neckarhausen?),49.445292,8.609356,"Bavaria, Germany",Widow,USD 8.00,None,"Regular Service, Pre-War",Widow of John Kuhfuss. For service in 1850s,To be established
"Fiebich, Henrietta",84505,Berlin,52.520007,13.404954,"Brandenburg, Germany",Dependent Mother,USD 8.00,1866,6 Connecticut Infantry,"Mother of Gustavus Bardun. KIA Fort Wagner, SC, 15 July 1863","Fort Wagner, SC"
"Sternberg, Julia H.A.",78629,Berlin,52.521004,13.403955,"Brandenburg, Germany",Widow,USD 8.00,None,2 Maryland Infantry,"Wife of Theodore Sternberg, alias Antone Lehman.",To be established
"Binder, Dorothea W",162830,Berlin,52.523001,13.402956,"Brandenburg, Germany",Dependent Mother,USD 8.00,1873,14 New York Cavalry,"Mother of Paul Albert Binder (Bender). DoD while a POW, 24 March 1864",To be established
"Weisker, Adeline",19450,Berlin,52.51996,13.401953,"Brandenburg, Germany",Widow,USD 8.00,None,73 Pennsylvania Infantry,"Widow of Charles William Weisker. KIA 2 May 1863, Chancellorsville, VA","Chancellorsville, VA"
"Kuratt, Henrietta",95273,Berlin,52.51896,13.400952,"Brandenburg, Germany",Widow,USD 8.00,1867,2 Rhode Island Infantry,Widow of Joseph Kuratt (Kuralt). DoD 8 September 1862 following discharge,To be established
"Blumenthal, Jenette A.",17196,Berlin (12 Mauer Street),52.510766,13.387211,"Brandenburg, Germany",Widow,USD 8.00,1864,27 Pennsylvania Infantry,"Widow of Jacob Blumenthal. DoW received at Cross Keys, VA, 26 June 1862","Cross Keys, VA"
"Bethke, Fredreica A",107993,Berlin (34 Grenadier Street),52.526322,13.409707,"Brandenburg, Germany",Widow,USD 8.00,1869,7 Connecticut Infantry,"Widow of Charles Frederic William Bethke. KIA Bermuda Hundred, VA, 2 June 1864","Bermuda Hundred, VA"
"Gesky, Henrietta E.F.",95512,Berlin (24 Steinstrasse),52.526881,13.40538,"Brandenburg, Germany",Widow,USD 8.00,None,100 New York Infantry,"Widow of John Frederic Gesky. KIA 19 July 1863, Fort Wagner, SC","Fort Wagner, SC"
"Stahl, Margaretha",109567,Borheim (Bornheim?),50.759586,6.982141,"Brandenburg, Germany",Widow,USD 8.00,None,30 Ohio Infantry,"Widow of Jacob Stahl. Died 1 August 1863, Vicksburg, MS","Vicksburg, MS"
"Tchimanski, Fredericka (Schimanski)",9011,Brandenburg,52.412529,12.531644,"Brandenburg, Germany",Widow,USD 8.00,1867,46 New York Infantry,"Widow of Frederick Willhelm Schimanski. DoW in Covington, KY, 18 August 1863","Covington, KY"
"Von Hacke, Anna",63325,Charlottenburg (Potsdam),52.390569,13.064473,"Brandenburg, Germany",Widow,USD 20.00,None,52 New York Infantry,"Widow of Count Herman Von Hacke. Died a POW in Libby Prison, Richmond, VA, 25 June 1864","Libby, VA"
"Schulz, Alvina H",64978,Crossen (Krosno Odrzańskie),52.055037,15.09721,"Brandenburg, Germany",Widow,USD 8.00,None,7 New York Infantry,"Widow of Carl William Schulz. MWIA Malvern Hill, VA,  1 July 1862","Malvern Hill, VA"
"Schmitz, Christine J",40364,Elbenfeld (Elberfeld),51.249643,7.148624,"Brandenburg, Germany",Widow,USD 8.00,1865,23 Pennsylvania Infantry,"Widow of Charles Schmitz. KIA Cold Harbor, VA, 1 June 1864","Cold Harbor, VA"
"Heil, Louis B",146480,Frankfort (Frankfurt),50.110922,8.682127,"Brandenburg, Germany",Widow,USD 8.00,1870,79 New York Infantry,"Widow of Frank Heil. DoW following discharge, NY, 6 January 1870","New York, NY"
"Keppler, Magdalena",47529,Frankfort (Frankfurt),50.111923,8.683128,"Brandenburg, Germany",Widow,USD 8.00,None,175 New York Infantry,"Widow of William Jacques Keppler. Died of sunstroke 26 May 1864, Morganza, LA","Morganza, LA"
"Kinderwater, Frederica E. (Kindervater)",56855,Frankfort (Nordhausen),51.499079,10.791581,"Brandenburg, Germany",Widow,USD 8.00,None,68 New York Infantry,"Widow of David Christian Kindervater. DoW received at Gettysburg, PA, 4 July 1863","Gettysburg, PA"
"Rothermel, Marianna",94591,Frankfort (Darmstadt),49.872825,8.651193,"Brandenburg, Germany",Widow,USD 8.00,1867,46 New York Infantry,"Widow of George William Rothermel. DoD Alexandria, VA, 11 September 1862","Alexandria, VA"
"Lein, Maria Elizabeth",168578,Frankfort (Frankfurt),50.112924,8.683129,"Brandenburg, Germany",Widow,USD 8.00,1875,5 New York Heavy Artillery,"Widow of John Lein. DoD while a POW, Salisbury, NC, 7 December 1864","Salisbury, NC"
"Robinson, Martha R",174579,Frankfort (Frankfurt),50.113921,8.684126,"Brandenburg, Germany",Widow,USD 25.00,1876,33 Ohio Infantry,"Widow of Major Joshua V. Robinson. Died 23 March 1862, Portsmouth, OH","Portsmouth, OH"
"Tanim, Caroline",154778,Frankfort (Frankfurt),50.11492,8.685125,"Brandenburg, Germany",Widow,USD 8.00,None,52 Pennsylvania Infantry,"Widow of John Tanim (Tamm). Died Morris Island, SC, 26 June 1864","Morris Island, SC"
"Markscheffel, Eliza B",45237,"Frankfort (Mackenrode, Nordhausen)",51.305382,10.068102,"Brandenburg, Germany",Widow,USD 15.00,1865,46 New York Infantry,"Widow of Carl Theodore Markscheffel. KIA Cold Harbor, VA, 12 June 1864","Cold Harbor, VA"
"Wolf, Eva",1961,Frankfort (Frankfurt),50.11591,8.688124,"Brandenburg, Germany",Widow,USD 8.00,None,To be established,To be established,To be established
"Stocker, Maria S",114095,Frankfort (Electoral Hesse),50.1109,8.682123,"Brandenburg, Germany",Widow,USD 8.00,1868,28 Ohio Infantry,"Widow of Conrad Stocker. Accidentally drowned in Ohio River, 31 July 1861",Ohio River
"Soudrock, Maria (Sandrock)",43376,"Frankfort (Weißensee, Erfurt)",51.19551,11.06812,"Brandenburg, Germany",Widow,USD 8.00,1865,8 Michigan Infantry,"Widow of Frederick Sandrock. DoD New York, NY, 28 September 1862","New York, NY"
"Rehs, Christian",158827,Frankfort,50.1189,8.680123,"Brandenburg, Germany",Dependent Father,USD 8.00,1872,2 Maryland Infantry Potomac Home Brigade,Father of Daniel Rehs.,To be established
"Muth, Marianna",194889,Kirchhayn (Kirchen?),50.808419,7.882033,"Brandenburg, Germany",Dependent Mother,USD 12.00,1882,7 New York Infantry,"Mother of Franz M. Muth. DoW resulting from Fair Oaks, VA, 4 July 1862","Fair Oaks, VA"
"Kuhle, Anna D",86351,Nauen (also lived in Netherlands),52.606916,12.881489,"Brandenburg, Germany",Widow,USD 8.00,1866,41 New York Infantry,"Widow of Frederic S. Kuhle. DoD Hilton Head, SC, 3 August 1864","Hilton Head, SC"
"Kalk, Hannah T.W.",109565,"New Serwin (Unknown, DEFAULT Potsdam)",52.390568,13.064472,"Brandenburg, Germany",Widow,USD 8.00,None,5 Wisconsin Infantry,"Widow of John F Kalk. MWIA, The Wilderness, VA, 5 May 1864","Wilderness, VA"
"Von Aix, Anna M.",146324,Potsdam,52.390567,13.064471,"Brandenburg, Germany",Widow,USD 8.00,1870,To be established,To be established,To be established
"Tchiemeck, Johanna F.S.W. (Schiemeck)",135294,"Qirnhof Stettin (Grünhof, Stetten)(Niebuszewo-Bolinko)",53.445363,14.548966,"Brandenburg, Germany",Widow,USD 8.00,1869,11 New York Cavalry,"Widow of August Frederick Schiemeck.DoD 21 November 1864, New Orleans, LA","New Orleans, LA"
"Pritsch, Maria",34349,Wiesbaden (Brandau),50.081907,8.236793,"Brandenburg, Germany",Dependent Mother,USD 8.00,1864,13 New York Infantry,Mother of Nicholas Mertz. KIA Second Bull Run 30 August 1862,"Second Bull Run, VA"
"Joerg, Elizabeth",46091,Wiesbaden (Offstein),49.606031,8.237456,"Brandenburg, Germany",Widow,USD 8.00,1865,1 New York Light Artillery,"Widow of Hermann Joerg. DoW received at Fredericksburg at Washington D.C., 4 January 1863","Fredericksburg, VA"
"Beram, Francisca (Beran)",99628,"Wiesbaden (Lanzberg, Austria) (Unidentified DEFAULT Wiesbaden)",50.078218,8.239761,"Brandenburg, Germany",Widow,USD 8.00,1867,14 Wisconsin Infantry,"Widow of Frank Beran. DoD 30 January 185, Peoria, IL","Peoria, IL"
"Boerner, Caroline",184949,Wiesbaden,50.078219,8.239762,"Brandenburg, Germany",Widow,USD 8.00,1879,2 New Jersey Cavalry,Widow of William Boerner. Died following discharge?,To be established
"Koecher, Anna K (Boecher)",76613,Wiesbaden (Schmitten),50.26964,8.44229,"Brandenburg, Germany",Widow,USD 8.00,1866,14 Wisconsin Infantry,"Widow of Conrad Boecher. DoD Memphis, TN, 2 October 1863","Memphis, TN"
"Albert, Elizabeth",71236,Wiesbaden (Heppenheim),49.643017,8.667542,"Brandenburg, Germany",Widow,USD 8.00,1866,31 New York Infantry,"Widow of John Albert. KIA West Point, VA, 7 May 1862","West Point, VA"
"Hartman, Fredericke",27761,Wiesbaden (Ober Ostern),49.669967,8.849779,"Brandenburg, Germany",Widow,USD 8.00,None,57 Illinois Infantry,Widow of George Hartman. DoD 22 January 1863,To be established
"Boller, Christian",174355,Wiesbaden,50.07022,8.239763,"Brandenburg, Germany",Dependent Father,USD 8.00,1876,113 Illinois Infantry,"Father of Frederick Boller. Died Corinth, MS, 11 August 1863","Corinth, MS"
"Anderman, Maria",154,Neidenburg (Nidzica),53.360814,20.427487,"East Prussia, Germany",Widow,USD 8.00,1870,To be established,To be established,To be established
"Kultz, Hedewick D",49883,Bremen,53.078296,8.802694,"Hanover, Germany",Dependent Mother,USD 8.00,1880,1 Michigan Cavalry,Mother of Frederick Kamin.,To be established
"Heinsoth, Anna C E (Heimsoth)",51879,Bremen,53.077295,8.803693,"Hanover, Germany",Widow,USD 8.00,1865,27 Massachusetts Infantry,"Widow of John Frederick Heimsoth. DoD Andersonville, GA, 2 September 1864","Andersonville, GA"
"Goetze, Dora",36175,Bremen,53.076294,8.804692,"Hanover, Germany",Widow,USD 8.00,None,34 Massachusetts Infantry,"Widow of John H Goetze. DoW received at New Market, VA, 16 May 1864","New Market, VA"
"Mohlmann, Theuse",195209,Bremen,53.075293,8.805691,"Hanover, Germany",Widow,USD 8.00,1882,15 Missouri Infantry,Widow of Bennett Mohlmann.,To be established
"Richter, Julia",148897,Elbingerode,51.747113,10.804832,"Hanover, Germany",Widow,USD 8.00,1871,58 New York Infantry,"Widow of Franz Richter. DoD at Bridgeport, AL, 1 October 1864","Bridgeport, AL"
"Behrens, Henrietta",15324,Hamburg,53.551085,9.993682,"Hanover, Germany",Widow,USD 17.00,1864,163 New York Infantry,"Widow of Frederick Wilhelm Behrens. KIA Fredericksburg, VA, 13 December 1862","Fredericksburg, VA"
"Ahens, Maria E (Ahrens)",160504,Hamburg (husband from Oldenburg),53.552084,9.994681,"Hanover, Germany",Widow,USD 10.00,None,8 United States Infantry,"Widow of Charles Ahens. DoD Davids Island, NY, 16 October 1871","Davids Island, NY"
"Laughenrick, Margaret W. (Langhinrichs)",111466,Hamburg (Altona),53.57916,9.874556,"Hanover, Germany",Widow,USD 8.00,1868,20 Massachusetts Infantry,"Widow of August Wilhelm Langhinrichs. DoD as a POW, Salisbury, NC, 26 October 1864","Salisbury, NC"
"Muller, Anna",119780,Hamburg (Schloss Bothmer),53.959337,11.158955,"Hanover, Germany",Widow,USD 20.00,1868,41 New York Infantry,"Widow of August Johanes Paul Ulrich Muller. DoD Petersburg, VA, 26 August 1865","Petersburg, VA"
"Rowohl, Ernestine",88106,Hamburg,53.553084,9.994681,"Hanover, Germany",Dependent Mother,USD 8.00,None,8 Kansas Infantry,"Mother of Charles O Rowohl. KIA Chickamauga, GA, 19 September 1863","Chickamauga, GA"
"Lonntz, Johanna C.N. (Lorentz)",186080,Hamburg,53.554083,9.99268,"Hanover, Germany",Dependent Mother,USD 8.00,1879,7 United States Cavalry,"Mother of Gustav Lorentz. KIA Little Bighorn, MT, 25 June 1876","Little Bighorn, MT"
"Schlette, Fredericke",145452,Hanover,52.375892,9.73201,"Hanover, Germany",Widow,USD 8.00,1880,54 New York Infantry,"Wife of Conrad Schlette. DoD Washington D.C., 20 October 1862",Washington DC
"Fink, Johanna",155,Hanover,52.376891,9.733,"Hanover, Germany",Widow,USD 8.00,None,"Regular Service, Pre-War",To be established,To be established
"Lange, Caroline",41233,Hanover,52.37789,9.73499,"Hanover, Germany",Widow,USD 15.00,None,7 New York Infantry,"Widow of Stephen Lange. DoW in Libby Prison, Richmond, VA, 14 July 1862 of wounds received at Malvern Hill","Libby, VA"
"Luini, Maria S (Linne)",94244,Hanover (Munden),51.419285,9.655759,"Hanover, Germany",Widow,USD 8.00,None,39 New York Infantry,"Widow of August Heinrich Linne. DoD Andersonville, GA, 19 July 1864","Andersonville, GA"
"Hellegemeyer, Mary (Hellgemeyer)",181403,Hanover,52.37488,9.73098,"Hanover, Germany",Widow,USD 8.00,1878,15 Illinois Cavalry,"Widow of Frederick Hellgemeyer, alias William Hellgemeyer. Died Shady Grove, TN, 21 January 1863","Shady Grove, TN"
"Schmidt, Barbara",158764,Hechinger (Hechingen?),48.353889,8.961363,"Hanover, Germany",Widow,USD 8.00,1872,28 Ohio Infantry,"Widow of Lorenz Schmidt. Died 14 July 1864, Indianapolis, IN","Indianapolis, IN"
"Nellen, Caroline M (Neelen)",108820,Leer,53.235657,7.467902,"Hanover, Germany",Widow,USD 8.00,None,5 Wisconsin Infantry,"Widow of Bruno Eilers Neelen. KIA Spotsylvania Court House, VA, 10 May 1864","Spotsylvania, VA"
"Hennermann, Anna (Heuermann)",52014,Leha (Lehe),53.574584,8.598546,"Hanover, Germany",Widow,USD 8.00,1865,75 Pennsylvania Infantry,"Widow of Adolph Heuremann. KIA Cross Keys, VA, 9 June 1862","Cross Keys, VA"
"Rüggeln, Christine E (Buggeln)",158700,Leha (Lehe),53.573583,8.597545,"Hanover, Germany",Widow,USD 8.00,1873,99 New York Infantry,"Widow of John F. Rüggeln. DoD Beaufort, SC, 27 December 1864","Beaufort, SC"
"Schardelmann, Sophia",66225,Meinburg (Barrien),52.945004,8.834161,"Hanover, Germany",Widow,USD 8.00,None,28 Ohio Infantry,"Widow of Bernard Henry Schardelmann. DoW, Hillsboro, WV, 8 November 1863 of wounds received at Droop Mountain","Droop Mountain, WV"
"Sehang, Charlotte (Schang)",56504,Waebleuger (Unidentified DEFAULT Hanover),52.37587,9.73197,"Hanover, Germany",Widow,USD 8.00,1865,81 Pennsylvania Infantry,"Widow of Sebastian Anton Schang. DoD Salisbury, NC, 8 November 1864","Salisbury, NC"
"Alpers, Anna C",94371,Altona (Hamburg),53.57915,9.874555,"Holstein, Germany",Dependent Mother,USD 15.00,1867,5 New York Infantry,"Mother of Henry William Alpers. KIA Cold Harbor, VA, 2 June 1864","Cold Harbor, VA"
"Fedderson, Johanna L.D.",91757,Altona,53.57214,9.875554,"Holstein, Germany",Widow,USD 8.00,1867,47 New York Infantry,"Wife of Peter Henry Fedderson. DoD Beaufort, SC, 2 January 1864","Beaufort, SC"
"Moltz, Marianne (Motz)",26375,Altona (Hamburg),53.57813,9.878553,"Holstein, Germany",Widow,USD 8.00,1864,8 New York Infantry,"Wife of Ludwig Motz. KIA Cross Keys, VA, 8 June 1862","Cross Keys, VA"
"Danielson, Johanna",130643,"Budstedt (Bredstedt, Wester Langenhorn)",54.681761,8.933701,"Holstein, Germany",Widow,USD 8.00,1869,69 New York Infantry,"Wife of Ludwig Heinrich Danielson. DoW received at Skinners Farm, VA, 12 April 1865","Skinner's Farm, VA"
"Schwarz, Sophia",67081,Brunswick,52.268874,10.52677,"Holstein, Germany",Widow,USD 20.00,None,"Quartermaster Department (1st Division, 2nd Brigade, Western Dept, under Siegel)","Widow of August Schwarz. DoD 17 April 1862, St. Louis, MO","St. Louis, MO"
"Jacobine, Heldebrand",None,(Unknown DEFAULT Kiel),54.323293,10.122765,"Holstein, Germany",Widow,USD 8.00,None,"Regular Service, Pre-War?",To be established,To be established
"Hoest, Magdalene C (Horst)",148208,Schonberg,54.394705,10.372144,"Holstein, Germany",Widow,USD 8.00,1871,83 Pennsylvania Infantry,"Widow of George W Horst, alias John Bock. KIA Peeble's Farm, VA, 30 September 1864","Peeble's Farm/Poplar Grove Church, VA"
"Roth, Ann Maria",8184,Hechingen,48.353888,8.961362,"Hohenzollern, Germany",Widow,USD 8.00,1863,To be established,To be established,To be established
"Stroppel, Therese",91539,Sigmaringen,48.091292,9.228612,"Hohenzollern, Germany",Widow,USD 8.00,1867,27 Pennsylvania Infantry,"Widow of Anton Stroppel. Died of sunstroke, Front Royal, VA, 8 July 1862","Front Royal, VA"
"Hugger, Caroline",171730,Alstadt,51.22866,6.772651,"Luxemburg, Germany",Widow,USD 8.00,1876,8 Illinois Infantry,"Widow of Gabriel Hugger. KIA Fort Donelson, TN, 15 February 1862","Fort Donelson, TN"
"Gallus, Eliza",2361,Attenstaig (Altensteig),48.588379,8.606063,"Luxemburg, Germany",Widow,USD 15.00,None,98 Pennsylvania Infantry,"Widow of Christian Gallus. KIA Malvern Hill, VA, 1 July 1862","Malvern Hill, VA"
"Everling, Maria Caroline E.L.",175237,Echtemaca (Echternach),49.811413,6.417564,"Luxemburg, Germany",Widow,USD 8.00,1876,51 New York Infantry,"Widow of John A Everling. KIA Poplar Grove Church, VA, 30 September 1864","Peeble's Farm/Poplar Grove Church, VA"
"Von Nettelblacht, Theresa (Nettlebladt)",139551,Rosback (Rostock?),54.092441,12.099147,"Mecklenburgh, Germany",Widow,USD 8.00,None,3 New Jersey Cavalry,"Widow of George August Ehrhardt Von Nettelbladt alias George Von Ehrhardt. DoD Charleston, SC, 17 October 1864","Charleston, SC"
"Theil, Pauline",17381,Cassel (Kassel),51.312711,9.479746,"Province of Neider Hessen, Germany",Widow,USD 8.00,None,15 New York Heavy Artillery,"Widow of Emil Theil. KIA Fort Lyon, VA, 9 June 1863 by explosion of powder magazine","Fort Lyon, VA"
"Tammen, Helkelina",65879,Oldenburg,53.14345,8.214552,"Oldenburg, Germany",Widow,USD 8.00,None,7 New York Infantry,"Widow of Otto Tammen. DoD Alexandria, VA, 27 May 1865","Alexandria, VA"
"Tuvyek, Mania A.G. ",57633,Oldenburg,53.14444,8.215551,"Oldenburg, Germany",Widow,USD 8.00,None,To be established,To be established,To be established
"Strohlmann, Margetta L. (Strahlmann)",129102,Oldenburg,53.14543,8.21655,"Oldenburg, Germany",Widow,USD 8.00,1869,7 New York Infantry,"Widow of Hermann Strahlmann. DoD Washington D.C., 21st September 1864",Washington DC
"Seeppell, Maria D.C. (Seippel)",117499,Osnabruck,52.279911,8.047179,"Oldenburg, Germany",Widow,USD 8.00,1868,61 Ohio Infantry,"Widow of Charles Henry Seippel. Died if sunstroke, 8 May 1864, Dalton, GA","Dalton, GA"
"Schmid, Marianne",156306,Reichenbach (Unidentified DEFAULT Oldenburg),53.14942,8.21854,"Oldenburg, Germany",Widow,USD 8.00,1872,48 Ohio Infantry,"Widow of Andreas Schmid (Andrew Schmidt). DoD Camp Dennison, OH, 25 May 1862","Camp Dennison, OH"
"Simond, Ulrike J.W. (Simund)",141721,Griefswald,54.086546,13.392341,"Pomerania, Germany",Widow,USD 8.00,1870,15 New York Heavy Artillery,Widow of Gustavus Freidrich Simund. DoD Washington D.C. 22nd January 1865,Washington DC
"Karch, Franziska",139550,"Bohrbuck (Tusheim, Landau Co, Bavaria - Tusheim unidentified DEFAULT Landau an der Isar)",48.682848,12.692058,"Posen, Germany",Widow,USD 8.00,1870,183 Ohio Infanry,"Widow of Johann Joseph Harch. DoD Andersonville, GA, 20 March 1865","Andersonville, GA"
"Vogelsburg, Ann M.M.",3462,Comstatt (Unidentified DEFAULT Poznań),52.406374,16.925168,"Posen, Germany",Dependent Mother,USD 8.00,None,24 Illinois Infantry,"Mother of John G. Vogelsburg. KIA Chaplain Hills (Perryville), KY, 8 October 1862","Perryville, KY"
"Kaemmintz, Maria S.",27459,Connewitz (Leipzig),51.339695,12.373075,"Posen, Germany",Widow,USD 8.00,None,1 United States Sharpshooters,"Widow of Christian Moritz Kaemmintz. DoD Alexandria, VA, 18 October 1862","Alexandria, VA"
"Hauber, Barbara",57221,Dervangen (Rohlingen (Reutlingen) Wurtemburg),48.506939,9.203804,"Posen, Germany",Widow,USD 8.00,1865,55 Ohio Infantry,"Widow of Joseph Hauber. DoW received at Kennesaw Mountain, GA, 19 June 1864","Kennesaw Mountain, GA"
"Rendlen, Louisa",179556,Ellhofen,49.145968,9.32068,"Posen, Germany",Dependent Mother,USD 8.00,1878,To be established,To be established,To be established
"Schudewill, Elizabeth (Schiedewill)",156657,Esfleth (Elsfleth?),53.237875,8.456861,"Posen, Germany",Dependent Mother,USD 8.00,1872,12 Missouri Infantry,"Mother of Adolph Schiedewill. KIA 22 May 1863, Vicksburg, MS","Vicksburg, MS"
"Kamm, Anna Breiten (Breitenkamm)",110214,"Fehsenfeld (Leven) (Unidentified, Fesenfeld?)",53.077217,8.830561,"Posen, Germany",Widow,USD 8.00,1868,66 New York Infantry,"Widow of Henry Breitenkamm. DoD Andersonville, GA, 24 September 1864","Andersonville, GA"
"Peters, Johanna W.E.",11511,Ham an de Lippe (Hamm),51.673858,7.815982,"Posen, Germany",Widow,USD 8.00,None,To be established,To be established,To be established
"Rühms, Sophiah J.",126804,Hildesheim,52.154778,9.957965,"Posen, Germany",Dependent Mother,USD 8.00,1869,73 Pennsylvania Infantry,"Mother of August Rühms. DoD Andersonville, GA, 31 July 1864","Andersonville, GA"
"Wesselman, Anna",127441,Kinderhaus (Münster),51.994068,7.604168,"Posen, Germany",Widow,USD 8.00,1869,6 Ohio Infantry,"Widow of Theodore Wesselman. KIA Stones River, TN, 31 December 1862","Stones River, TN"
"Bender, Louisa",97564,Mattstall (Worth-sur-Sauer (Wörth am Rhein?)),49.051442,8.257338,"Posen, Germany",Widow,USD 8.00,1867,11 New Jersey Infantry,"Widow of Daniel Bender. KIA Chancellorsville, VA, 3 May 1863","Chancellorsville, VA"
"Enderle, Sandlin",None,Munchsnier (Münster?),51.960665,7.626135,"Posen, Germany",Dependent Father,USD 8.00,1869,To be established,To be established,To be established
"Jamssen, Engeline (Janssen)",2664,Ostfriesisiche (Neermoor),53.30593,7.441923,"Posen, Germany",Dependent Mother,USD 8.00,1880,USS Wyoming,"Mother of Johann Janssen alias John Johnson. Fell to his death from a mast, 11 February 1879",At sea
"Dunchaulte, Jula",189355,"Pohr. Lisa (Lissa, now Leszno)",51.841986,16.593754,"Posen, Germany",Widow,USD 12.00,1880,To be established,To be established,To be established
"Schwerin, Bertha",66022,Prussia (UNIDENTIFIED: Default Poznan),52.408375,16.928169,"Posen, Germany",Widow,USD 8.00,1866,103 New York Infantry,"Widow of Hermann Schwerin. DoW 20 September 1862 received at Antietam, MD","Antietam, MD"
"Koch, Mara E.",110212,Prussia (Aken) (Aachen),50.775346,6.083887,"Posen, Germany",Widow,USD 8.00,None,3 Missouri Infantry,"Widow of Gottfried Daniel Wilhelm Koch. DoW received at Resaca, GA, 3 June 1864","Resaca, GA"
"Loewe, Anna W.",139640,"None (Annweiler, Bavaria)",49.20626,7.972605,"Posen, Germany",Widow,USD 8.00,1870,7 New York Infantry,"Widow of John Nicholas Loewe. DoD Hart's Island, NY, 21 July 1865","Hart's Island, NY"
"Sebert, Charlotte F.",35585,Prussia (Dusseldorf),51.226741,6.773456,"Posen, Germany",Widow,USD 8.00,1866,4 Missouri Cavalry,"Widow of John C.L. Sebert. Accidentally shot himself at Fredericktown, MO, 22 October 1861","Fredericktown, MO"
"Schafer, Johanna E.",73374,Seignitz (Segnitz?),49.673908,10.14237,"Posen, Germany",Widow,USD 8.00,None,22 Michigan Infantry,"Widow of Gottleib Schafer. DoD Andersonville, GA, 14 June 1864","Andersonville, GA"
"Steinmetz, Minna",149072,"Zippnon (Zippnow, now Sypniewo)",53.367811,17.325596,"Posen, Germany",Dependent Mother,USD 8.00,1871,100 Illinois Infantry,"Mother of Justus Steinmetz. KIA Chickamauga, GA, 19 September 1863","Chickamauga, GA"
"Schoenheiber, Joanna Wilhelm Christiana (Schoenheiter)",186728,Lobenstein,50.452228,11.6393,"Reuss Schleitz, Germany",Dependent Father,USD 8.00,1880,6 Minnesota Infantry,"Father of August Schoenheiter. Died in Helena, AR, 10 August 1864","Helena, AR"
"Fleischmann, Sebella",109731,Bonn,50.73743,7.098207,"Rhenish Prussia, Germany",Widow,USD 20.00,1868,108 Ohio Infantry,"Widow of Franz Fleischmann. KIA Goldsboro, NC, 10 April 1865","Goldsboro, NC"
"Holzrichter, Emma",122049,Barmen,51.268752,7.18026,"Rhenish Prussia, Germany",Widow,USD 8.00,1868,41 New York Infantry,"Widow of Richard Holzrichter. DoW Harrisburg, PA, 16 November 1863 of wounds received at Gettysburg, PA, 2 July 1863","Gettysburg, PA"
"Rath, Amelia",108911,"Elberfeld (Förstchen, Leichlingen)",51.099808,6.998441,"Rhenish Prussia, Germany",Widow,USD 8.00,1868,3 New Jersey Cavalry,"Widow of Albert Rath. DoW received at Five Forks, VA on 1 April 1865","Five Forks, VA"
"Widman, Anna M.",99481,Meckarrems (Waiblingen),48.829352,9.318574,"Rhenish Prussia, Germany",Dependent Mother,USD 8.00,1867,3 Iowa Light Artillery,"Mother of John G. Widman. DoD Helena, AR, 15 August 1863","Helena, AR"
"Hackenberg, Theresa",123396,Nepperfurth (Wipperfürth?),51.118011,7.395542,"Rhenish Prussia, Germany",Widow,USD 8.00,1869,11 Pennsylvania Reserve Infantry,"Widow of Theodore Joseph Hachenburg. DoD Andersonville, GA, 8 November 1864","Andersonville, GA"
"Bramsleiner, Eleanora",52432,Oberwesel,50.1065,7.727255,"Rhenish Prussia, Germany",Widow,USD 8.00,1867,To be established,To be established,To be established
"Stahlman, Eliza",23951,Pfeddersheim,49.637277,8.273839,"Rhenish Prussia, Germany",Widow,USD 8.00,1864,1 New York Infantry,"Widow of Jacob Stahlman. KIA, Second Bull Run, VA, 30 August 1862","Second Bull Run, VA"
"Kuhnen, Anna M.",174147,Trier,49.749992,6.637143,"Rhenish Prussia, Germany",Dependent Mother,USD 8.00,1876,156 Illinois Infantry,"Mother of Johann B. Kuhnen. Died Memphis, TN, 7 September 1865","Memphis, TN"
"Rauft, Magdalena",71288,Bonn,50.73444,7.098308,"Rhine Province, Germany",Dependent Mother,USD 20.00,1866,12 Missouri Infantry,"Mother of Adam Rauft. KIA Resaca, GA, 15 May 1864","Resaca, GA"
"Krieger, Augusta (Kruger)",113498,Cologne,50.93308,6.983292,"Rhine Province, Germany",Widow,USD 8.00,1868,15 New York Heavy Artillery,Widow of Philip Krieger. Cause of death to be established,To be established
"Luster, Wilhelmina P",118581,Dusseldorf,51.226742,6.772457,"Rhine Province, Germany",Widow,USD 17.00,1868,106 Ohio Infantry,"Widow of John C. Luster. DoD Stevenson, AL, 27 November 1864","Stevenson, AL"
"Montag, Elizabeth",90872,Kirn [Coblentz] (Koblenz),50.356943,7.588996,"Rhine Province, Germany",Widow,USD 8.00,1867,39 New York Infantry,"Widow of John Montag. DoD Andersonville, GA, 18 july 1864","Andersonville, GA"
"Von Helmick, Leontine (Von Helmrich)",97694,Trier (Ludweiler),49.220477,6.806211,"Rhine Province, Germany",Widow,USD 30.00,None,4 Missouri Cavalry,"Widow of Gustav Von Helmrich. Lieutenant Colonel. DoD Baltimore, MD, 25 March 1865","Baltimore, MD"
"Hertel, Alwyne A (Alisine A)",577,Saxe Altenburg,50.99312,12.436657,"Saxe Altenburg, Germany",Widow,USD 8.00,1858,Old War,Widow of Francis Hertel.,To be established
"Perz, Theckla",91698,Gotha,50.946919,10.709288,"Saxe Gotha, Germany",Widow,USD 8.00,1867,13 United States Infantry,"Widow of William Perz. DoD 31 October 1863, Memphis, TN","Memphis, TN"
"Pokl, Christiana B (Pohl)",143970,"Leignitz (Rabishau, now Rębiszów)",50.951293,15.453375,"Saxe Gotha, Germany",Widow,USD 8.00,1870,14 Pennsylvania Cavalry,"Widow of Frederick W. Pohl. DoD 2 May 1865, Cumberland, MD","Cumberland, MD"
"Benedix, Wilhelmina",77081,Dobeln,51.122932,13.11672,"Saxony, Germany",Widow,USD 8.00,None,1 Kansas Infantry,"Widow of Charles Frederick Ernest Benedix. KIA Wilson's Creek, MO, 10 August 1861","Wilson's Creek, MO"
"Meerstein, Christiana",158051,Dresden,51.050409,13.737262,"Saxony, Germany",Widow,USD 8.00,1872,42 New York Infantry/59 New York Infantry,"Widow of Heinrick Meerstein. DoD 5 July 1864, VA",To be established
"Hermann, Charlotte P",27074,Dresden,51.051408,13.736261,"Saxony, Germany",Widow,USD 15.00,1874,9 Ohio Infantry,"Widow of Raimond Hermann. KIA Chickamauga, GA, 19 September 1863","Chickamauga, GA"
"Malkin, Marion",48549,Dresden,51.052407,13.73526,"Saxony, Germany",Widow,USD 8.00,None,13 Connecticut Infantry,"Widow of William Malkin. KIA Winchester, VA, 19 September 1864","Winchester, VA"
"Bean, Caroline",47767,Dresden,51.053406,13.734259,"Saxony, Germany",Widow,USD 20.00,None,75 United States Colored Troops,"Widow of James A Bean. DoD New Orleans, Louisiana, 25 May 1864","New Orleans, LA"
"Rentter, Elizabeth C (Rentler)",176959,Eibenstock,50.494986,12.599639,"Saxony, Germany",Dependent Mother,USD 8.00,1877,"Engineer Regiment of the West, Missouri Volunteers",Mother of Charles Rentler.,To be established
"Ackerman, Caroline H",112111,Eisteben (Eisleben),51.519517,11.557675,"Saxony, Germany",Widow,USD 8.00,1869,31 Iowa Infantry,"Widow of Charles F. Ackerman. DoD Young's Point, LA, 1 June 1863","Young's Point, LA"
"Portzsch, Fredericka (Poetzsch)",111389,Leipzig,51.339695,12.373075,"Saxony, Germany",Widow,USD 8.00,1869,54 New York Infantry,"Widow of August Poetzsch. KIA 2 May 1863, Chancellorsville, VA","Chancellorsville, VA"
"Stoetler, Wilhelmina",99552,Leipzig (Grimelshau),51.338696,12.377076,"Saxony, Germany",Widow,USD 8.00,1867,2 Michigan Infantry,"Widow of Theodore Johann Stoetler. DoW in Washington D.C.  on 1 July 1864 received at Petersburg, VA on 18 June 1864","Petersburg, VA"
"Reuter, Frederick W",123340,Volkmarsdorf (Eilsenburg),51.345461,12.408881,"Saxony, Germany",Dependent Father,USD 8.00,1869,29 Massachusetts Infantry,"Father of Mortiz Reuter. KIA 25 March 1865, Petersburg, VA","Petersburg, VA"
"Kramer, Jenke M",213,Hegen (Hagen),51.367078,7.463284,"Westphalia, Germany",Widow,USD 8.00,1858,To be established,To be established,To be established
"Steinhauser, Theresia",138041,Marsburg (Meersburg),47.695484,9.272091,"Westphalia, Germany",Dependent Mother,USD 8.00,1870,85 New York Infantry,"Mother of Hermann Steinhauser. DoW in 29 July 1864, received at Petersburg, VA","Petersburg, VA"
"Kinder, Annie",153123,"West Prussia (Unknown: DEFAULT Danzig, now Gdańsk)",54.352025,18.646638,"Westphalia, Germany",Widow,USD 8.00,1871,2 Wisconsin Cavalry/ 140 Battalion VRC,Widow of Frederic Kinder.,To be established
"Bentler, Anna B (Beutter)",91534,Balingem (Balingen),48.274821,8.84953,"Würtemberg, Germany",Widow,USD 8.00,1867,2 Michigan Cavalry,"Widow of John George Beutter. Drowned in West Harpeth River, TN, while on scout, 15 May 1863","West Harpeth, TN"
"Hummel, Christina",100981,Bosingen,48.239276,8.558286,"Würtemberg, Germany",Widow,USD 8.00,1867,5 United States Artillery,"Widow of Jacob Frederick Hummel. DoD while a POW in Salisbury, NC, 15 February 1865","Salisbury, NC"
"Müller, Frederica (Miller)",276,Erbach,49.658025,8.996182,"Würtemberg, Germany",Widow,USD 8.00,1858,Pre Civil War Service,To be established,To be established
"Kauffman, Fanny (Kaufman)",10247,Freudenthal,47.93528,13.39695,"Würtemberg, Germany",Not stated (Widow),USD 8.00,None,27 Pennsylvania Infantry,"Widow of Henry Kaufman. DoD Philadelphia, PA, 20 September 1861","Philadelphia, PA"
"Schmidt, Rose",106513,Kirchheim,48.647103,9.451964,"Würtemberg, Germany",Dependent Mother,USD 8.00,None,To be established,To be established,To be established
"Munch, Atoisia",99311,Ludwigsburg (Munderkingen),48.239731,9.647781,"Würtemberg, Germany",Widow,USD 8.00,None,47 Pennsylvania Infantry,"Widow of Martin Munch. DoD Key West, FL, 22 July 1862","Key West, FL"
"Wenzelberger, Frederica A",145324,Neokarthailtingen (Neckartailfingen),48.612475,9.265071,"Würtemberg, Germany",Widow,USD 8.00,1870,73 Pennsylvania Infantry,"Widow of Christian Henry Wenzelberger. Captured at Missionary Ridge, DoD as a POW, Andersonville, GA, 6 March 1864","Andersonville, GA"
"Mullen, Rosina (Muller)",25167,Plattenheardt,48.654366,9.196359,"Würtemberg, Germany",Dependent Mother,Not stated,None,13 New York Infantry,"Mother of Jacob F. Muller. KIA Fredericksburg, VA, 13 December 1862","Fredericksburg, VA"
"Keller, Anna B",398,Poppenmuller (Unidentified DEFAULT: Stuttgart),48.773846,9.184932,"Würtemberg, Germany",Widow,USD 8.00,None,To be established,To be established,To be established
"Haner, Catharine D (Haver)",1057,Rauflinger (Unidentified DEFAULT: Stuttgart),48.772847,9.186933,"Würtemberg, Germany",Widow,USD 8.00,None,31 New York Infantry,"Widow of Christian Haver. KIA West Point, VA, 7 May 1862","West Point, VA"
"Scheider, Catharine",4503,Rosenberg (Hohenburg),49.294894,11.798041,"Würtemberg, Germany",Widow,USD 8.00,1865,3 Maryland Infantry,"Widow of Jacob Schieder. DoD Washington DC, 29 August 1862",Washington DC
"Heller, Veronica (Hiller)",182700,Scheer,48.074397,9.296848,"Würtemberg, Germany",Dependent Mother,USD 8.00,1878,13 New York Infantry,"Mother of Joseph Hiller. KIA Bull Run, VA, 21 July 1861","Bull Run, VA"
"Kinzler, Maria (Kienzler)",123256,Schonaich (Schonach),48.142441,8.202757,"Würtemberg, Germany",Widow,USD 8.00,1869,7 New York Heavy Artillery,"Widow of Severin Kienzler. DoW in Washington DC 15 June 1864 received at Spotslyvania Court House, 19 May 1864","Spotsylvania, VA"
"Kapff, Caroline",180379,Stuttgart,48.777849,9.187935,"Würtemberg, Germany",Widow,USD 31.00,1878,7 New York Infantry,Widow of Edward Kapff. Colonel.,To be established
"Dieterle, Christina M",10[1152],Vochringen (Vöhringen),48.277833,10.078,"Würtemberg, Germany",Widow,USD 8.00,None,4 Missouri Infantry,Widow of John Dieterle.,To be established
"Virling, Caroline",120475,Wartenburg (Roigheim),49.364229,9.342743,"Würtemberg, Germany",Widow,USD 8.00,1868,32 Indiana Infantry,"Widow of Ludwig Verling. DoD 31 August 1865, Indianapolis, IN","Indianapolis, IN"
"Reitter, George",103875,Brecht,51.349653,4.637723,Belgium,Dependent Father,USD 8.00,1864,61 New York Infantry,"Father of George Reitter. KIA 10 May 1864 Spotsylvania Court House, VA","Spotsylvania, VA"
"Day, Sophia Jule",2557,Brussels,50.850346,4.351721,Belgium,Widow,USD 22.00,1880,United States Navy,"Widow of Edward M Day, Master, United States Navy. Died 1879.",To be established
"Harstuff, Sarah J",7365,Brussels,50.851347,4.352722,Belgium,Widow,USD 17.00,1875,To be established,To be established,To be established
"Molegan, Virginia F",152904,Brussels,50.852348,4.353723,Belgium,Widow,USD 8.00,1871,32 Massachusetts Infantry,Widow of Ludwig J. Molegan. Discharged for disability September 1865,To be established
"Troistorff, Christina F",148760,Brussels,50.853349,4.354724,Belgium,Widow,USD 8.00,1871,3 Missouri Infantry,Widow of Ferdinand Troistorff. Died disease Camp Sherman 1863?,To be established
"Van Overbrecke, Pauline",156314,Ghent,51.054342,3.717424,Belgium,Widow,USD 8.00,1872,9 Michigan Cavalry,"Widow of August Van Overbrecke. KIA Bean's Station, TN, 16 December 1863","Bean's Station, TN"
"Meyer, Anna B",57569,"Amsterdam (Wilchingen, Switzerland)",47.66738,8.46977,The Netherlands (Switzerland),Widow,USD 8.00,None,Independent New York Volunteers,"Widow of Nicolaus Meyer. Died of disease 26 October 1863, Beaufort, SC","Beaufort, SC"
"Mantel, Anna G",62797,Amsterdam,52.370216,4.895168,The Netherlands,Widow,USD 8.00,None,43 Illinois Infantry,"Widow of Anton Mantel. Died of disease on the Steamer Hannibal near Helena, AR, 25 July 1864","Helena, AR"
"Van Vonno, Cornelia",89981,Utrecht,52.090737,5.12142,The Netherlands,Widow,USD 8.00,1867,1 New York Engineers,"Widow of John Van Vonno. Died of disease, Point of Rocks, VA, 8 July 1864","Point of Rocks, VA"
"Miltiot, Marie C (Miliot)",71130,Bordeaux,44.837789,-0.57918,France,Widow,USD 8.00,None,5 New Hampshire Infantry,Widow of Peter Milliot. KIA Cold Harbor 3 June 1864,"Cold Harbor, VA"
"Darceutel, Hortense C",None,Castellon (Unidentified DEFAULT Marseille),43.296482,5.36978,France,Widow,USD 25.00,None,United States Navy,To be established,To be established
"Richards, Eugenia O (Richard)",109566,Havre (Grande Rue 58),49.49437,0.107929,France,Widow,USD 8.00,1868,80 New York Infantry,"Widow of Francois Richard. Died of disease Fort Saratoga, Washington D.C., 6 June 1865","Fort Saratoga, DC"
"Kirscher, Marie",110292,Meroux,47.59272,6.908134,France,Widow,USD 8.00,1868,48 New York Infantry,"Widow of Mathias Kirscher. Died of disease on hospital ship Cosmopolitan, St. Johns River, FL, 19 February 1864","St Johns River, FL"
"Baltez, Cleonice P",3098,Paris,48.854684,2.347598,France,Widow,USD 8.00,1874,Pre Civil War Service,Widow of Vincent Baltez.,To be established
"Chandone, Ceclie A",159946,Paris,48.85568,2.34659,France,Widow,USD 17.00,1872,39 New York Infantry/ 172 Company 2 Battalion VRC,"Widow of Vicent Chandone, Captain",To be established
"Contemo, Catarina",None,Paris,48.856681,2.345591,France,Widow,USD 8.00,1858,United States Navy,To be established,To be established
"Denby, Laura Hooper",2130,Paris,48.857682,2.344592,France,Widow,USD 34.00,1875,USS Lancaster,"Widow of Edwin R. Denby. Surgeon USS Lancaster, died at sea 3 May 1875",Died at sea
"Duriff, Therese ML",165851,Paris,48.858683,2.343593,France,Widow,USD 8.00,1880,131 New York Infantry,"Widow of Emil Duriff. Wounded at Third Winchester, mustered out with company 1865.",To be established
"Garnaux, Francoise",85499,Paris,48.859684,2.342594,France,Dependent Mother,USD 8.00,None,82 New York Infantry,"Mother of Paul Garnaux. Died in hospital while a prisoner (captured Bull Run), Mobile, AL, 14 October 1861","Mobile, AL"
"Hare, Elizabeth BC",2102,Paris,48.850685,2.341595,France,Widow,USD 10.00,1875,United States Navy,"Widow of George Harrison Hare. Lieutenant. Died of disease, Philadelphia, PA, 1857","Philadelphia, PA"
"Heintzelman, Emily M",192998,Paris,48.849999,2.340596,France,Widow,USD 19.00,1881,United States Army,"Widow of Charles S. Heintzelman. Captain. Died of disease, Washington D.C. 27 Bebruary 1881",Washington DC
"Jordan, Marie",2504,"Paris (Bern, Switzerland)",46.947974,7.447447,France (Switzerland),Widow,USD 17.00,None,39 New York Infantry,"Widow of Albert Jordan. Died of wounds received 15 june 1862 received at Cross Keys, VA","Cross Keys, VA"
"Masson, Pauline",118058,Paris,48.848995,2.348596,France,Widow,USD 8.00,1868,3 California Infantry,"Widow of Auguste Masson. Died of disease, Fort Ruby, Nevada, 15 May 1864","Fort Ruby, NV"
"Parvill, Maria GPF (Parville)",3974,Paris,48.847995,2.349596,France,Widow,USD 8.00,1863,3 New York Artillery,"Widow of Antoine Mannases Parville. KIA 16 April 1862 Yorktown, VA",Yorktown VA
"Pelitpas, Augustin (Petitpas)",134379,Paris,48.846995,2.344596,France,Widow,USD 8.00,1869,74 New York Infantry,"Widow of Emile Petitpas. Died of disease 13 August 1868, New Orleans, LA","New Orleans, LA"
"Roche, Sophia",27188,Paris,48.845995,2.346596,France,Widow,USD 8.00,1879,War of 1812,Widow of Pierre Roche.,To be established
"Sherman, Cordelia",180086,Paris,48.844995,2.348596,France,Widow,USD 17.00,1878,5 United States Infantry,Widow of Horace P. Sherman. Officer.,To be established
"Zoller, Maria",71128,Au,47.241,8.640333,Switzerland,Widow,USD 8.00,None,15 New York Heavy Artillery,"Widow of Stephen J. Zoller. DoW 3 August 1864, Petersburg, VA, having been struck in his tent by an ememy bullet","Petersburg, VA"
"Rickenbacker, Sarah",14841,Basle (Pratteln),47.51832,7.691989,Switzerland,Widow,USD 8.00,1867,37 Ohio Infantry,"Widow of Martin Rickenbacker. KIA Princeton, VA, 15 May 1862","Princeton, WV"
"Berlinger, Caroline",40104,Beckenreid,46.970496,8.465701,Switzerland,Dependent Mother,USD 8.00,1865,1 West Virginia Light Artillery,"Mother of Gotthard Berlinger. Died of disease 17 November 1861, Romney, WV","Romney, WV"
"Simon, Johannes",193856,Bentrain (Unidentified DEFAULT: Bern),46.947973,7.447447,Switzerland,Dependent Father,USD 8.00,1881,28 Ohio Infantry,"Father of Robert Simon. KIA 17 May 1862, Princeton, WV","Princeton, WV"
"Hery, Magdalena",85636,Biberias (Biberist),47.181834,7.55778,Switzerland,Dependent Mother,USD 8.00,1866,140 New York Infantry,"Mother of Herman Hery. KIA The Wilderness, VA, 5 May 1864","Wilderness, VA"
"Brutsch, Adelgunda",1657,Buch,47.71809,8.785071,Switzerland,Widow,USD 8.00,1867,46 New York Infantry,"Widow of Jacob Brutsch. KIA South Mountain, MD, 14 September 1862","South Mountain, MD"
"Struchen, Catharine",138256,Epsach,47.069476,7.219513,Switzerland,Dependent Mother,USD 8.00,1871,"Mueller's Battery B, Independent Pennsylvania Light Artillery","Mother of Frederick Struchen. Died of Wounds, Chattanooga, TN, 21 August 1864 received in action (at Atlanta?)","Chattanooga, TN"
"Blum, Katharine",175683,Ettiswyl (Ettiswil),47.150137,8.019182,Switzerland,Dependent Mother,USD 8.00,1876,9 New Hampshire Infantry,"Mother of Edward Blum. Died of disease 8 September 1864, location not stated",To be established
"Lagger, Anna",63452,Fribourg,46.806477,7.161972,Switzerland,Widow,USD 8.00,None,134 New York Infantry,"Widow of Louis Lagger. Died of disease, Alexandria, VA, 2 July 1865","Alexandria, VA"
"Fitze, Anna MCB",40442,Gersau (Bühler),47.373077,9.424511,Switzerland,Widow,USD 8.00,None,103 New York Infantry,"Widow of Henry Albert Fritz. Died of disease, Beaufort, SC, 6 September 1863","Beaufort, SC"
"Hausermann, Susanna",58798,Lensberg (Egliswil),47.349217,8.187972,Switzerland,Widow,USD 8.00,None,28 Ohio Infantry,"Widow of Rudolph Huasermann. KIA Piedmont, VA, 5 June 1864","Piedmont, VA"
"Hornberger, Susanna",193813,Maunedorf (Männedorf),47.257463,8.694673,Switzerland,Dependent Mother,USD 8.00,1881,42 Illinois Infantry,"Mother of Jacob Hornberger. Died of disease?, Port Lavaca, Texas, 4 November 1865","Port Lavaca, TX"
"Ingold, Anna Maria",184015,Meinisberg,47.159633,7.347973,Switzerland,Dependent Mother,USD 8.00,1879,68 New York Infantry,"Mother of Jacob Ingold. Died of wounds on 15 October 1861 received on picket, Mason Hill, VA","Mason Hill, VA"
"Mathys, Elizabeth",118391,Meinisberg,47.158634,7.346974,Switzerland,Widow,USD 8.00,None,98 Pennsylvania Infantry,"Widow of Johann Mathys. Died of disease?, White Oak Swamp, VA, 22 March 1863","White Oak Swamp, VA"
"Lahrer, Margaretha (Lohrer)",91538,Merishausen (Schaffhausen),47.69589,8.638049,Switzerland,Widow,USD 8.00,1867,37 Ohio Infantry,"Widow of Ludwig Lohrer. Died of disease, Little Rock, AR, 24 July 1865","Little Rock, AR"
"Brittiker, Nannette",149774,Olten,47.349962,7.903703,Switzerland,Widow,USD 8.00,1871,12 Pennsylvania Cavalry,Widow of Bartholomew Brittiker. Absent a POW at muster out (died in prison?),
"Muller, Maria B",24048,St Galle (Frauenfeld),47.5536,8.898754,Switzerland,Widow,USD 8.00,None,9 Ohio Infantry,"Widow of John Casper Muller. Died of disease, Cincinnatti, OH, 11 December 1862","Cincinnatti, OH"
"Further, Ida E (Furter)",94994,St Galle (St Gallen),47.424482,9.376717,Switzerland,Widow,USD 8.00,1867,12 New Hampshire Infantry,"Widow of Carl Furter. KIA Cold Harbor, VA, 3 June 1864","Cold Harbor, VA"
"Frei, Anna E",152996,St Galle (St Gallen),47.425483,9.375718,Switzerland,Widow,USD 8.00,1871,58 New York Infantry,"Widow of John H. Frei. Discharged in hospital, Alexandria, VA, died?","Alexandria, VA"
"Mertz, Christina",40026,St Galle (St Gallen),47.426484,9.377719,Switzerland,Widow,USD 8.00,1865,148 New York Infantry,"Widow of John Mertz. KIA Drurys Bluff, VA, 14 May 1864","Drurys Bluff,VA"
"Zuichi, Elizabeth (Zwicki)",62798,St Galle (Mollis),47.094007,9.075448,Switzerland,Widow,USD 8.00,None,176 New York Infantry,"Widow of Andreas Zwicki.Died of disease, Bonnet Carré, LA, 16 September 1863","Bonnet Carré, LA"
"Rathpletz, Lisa",150926,Schaffhausen,47.69688,8.638048,Switzerland,Dependent Mother,USD 8.00,1871,1 Missouri Light Artillery,Mother of Emil Rathpletz.,To be established
"Zurcher, John W",176161,Schuders,46.991667,9.738889,Switzerland,Dependent Father,USD 8.00,None,20 Indiana Infantry,Father of Conrad Zurcher.,To be established
"Loertscher, Susanna",5854,Spiez,46.688483,7.679152,Switzerland,Widow,USD 8.00,None,10 Massachusetts Infantry,"Widow of Christian Loertscher. Died 16 June 1862 of wounds received at Fair Oaks, VA","Fair Oaks, VA"
"Voss, Mary",13256,Wohlen,47.349365,8.276876,Switzerland,Widow,USD 8.00,1864,59 New York Infantry,"Widow of John Voss. Died of wounds 21 September 1862 received at Antietam, MD","Antietam, MD"
"Niggli, Anna Maria",171865,Zofingen,47.288845,7.944762,Switzerland,Dependent Mother,USD 8.00,1876,108 New York Infantry,"Mother of Jacob Niggli. Died of disease 12 December 1863, Philadelphia, PA","Philadelphia, PA"
"Sutter, Maria",128570,Zurich,47.376887,8.541694,Switzerland,Widow,USD 8.00,1869,68 New York Infantry,"Widow of Anton Sutter. Died of disease, 2 June 1865, Dalton, GA","Dalton, GA"
"Wursch, Sophia",142939,Zurich,47.377888,8.542695,Switzerland,Widow,USD 8.00,1870,39 New York Infantry,"Widow of Joseph Wursch. Died of wounds received at Gettysburg, PA, 3 July 1863","Gettysburg, PA"
"Bucher, Susannah",86333,Zurich (Dorf),47.572863,8.647578,Switzerland,Widow,USD 8.00,1866,75 New York Infantry,"Widow of John Bucher. Died of disease, Frederick, MD, 13 January 1865","Frederick, MD"
"Kunzli, Jacob",194887,Zurich,47.374889,8.546696,Switzerland,Dependent Father,USD 8.00,1882,32 Indiana Infantry,"Father of Henry Kunzli. Died Battle Creek, TN, 26 July 1862","Battle Creek, TN"
"Glahn, Maria",95513,Zurich,47.37389,8.549697,Switzerland,Widow,USD 8.00,None,174 New York Infantry,"Widow of Peter Glahn. Died of disease, Baton Rouge, LA, 8 August 1863","Baton Rouge, LA"
"Kolb, Anna",64808,Zutochental (Lötschental),46.409444,7.801944,Switzerland,Dependent Mother,USD 8.00,None,15 New York Engineers,"Mother of Peter Kolb. Died of disease 10 February 1865, City Point, VA","City Point, VA"
"Sassea, Elparanza Pons",None,Port Mahon (Maó-Mahón),39.915818,4.224084,Spain,Widow,USD 8.00,1850,United States Navy,To be established,To be established
"Bow, Maria",None,Port Mahon (Maó-Mahón),39.916819,4.222085,Spain,Widow,USD 8.00,1874,To be established,To be established,To be established
"Arquinbar, Maria, alias Pons",None,Port Mahon (Maó-Mahón),39.917817,4.221083,Spain,Widow,USD 8.00,1874,To be established,To be established,To be established
"Barrett, Palmyre",2774,Genoa,44.40565,8.946256,Italy,Widow,USD 30.00,None,United States Navy,"Widow of Edward André Gabriel Barrett, Commodore. Died of disease, NY, 1880","New York, NY"
"Babcock, Helen EM",47048,Naples,40.851775,14.268124,Italy,Widow,USD 30.00,1865,75 New York Infantry,"Widow of Willoughy Babcock. Lt Col, posthomous Brevet Brig. Gen. Died of wounds 6th October 1864 received at Winchester, VA, 19 September 1864","Winchester, VA"
"Lunari, Rosina",2085,Naples (Avellino),40.914388,14.790612,Italy,Widow,USD 8.00,1875,"USS Sabine, USS Vermont, USS Franklin, USS Wabash","Widow of Pasqual Lunari. Died of disease, Naples, Italy, 1874","Naples, Italy"
"Winslow, Mary S",None (2150),Rome,41.902783,12.496366,Italy,Widow,USD 30.00,None,United States Navy,"Widow of Francis Winslow, Commander. Died of disease, Key West, FL, 26 August 1862","Key West, FL"
"Dunca, Sophia",82849,Jassy (Iași),47.158455,27.601442,Roumania,Dependent Mother,USD 20.00,None,Staff of General Fremont,"Mother of Nicholas Dunca. Captain, Aide-de-Camp. KIA Cross Keys, VA, 8 June 1862","Cross Keys, VA"
"Leizunger, Rosanna",128965,Hard,47.484923,9.693663,Austria,Widow,USD 8.00,1869,56 Pennsylvania Infantry,"Widow of Melchior Leizunger. Died of disease while a POW, Richmond, VA, 3 Febuary 1864","Richmond, VA"
"Beer, Rosalie",24984,Neulerchenfeld,48.21135,16.333265,Austria,Widow,USD 15.00,1864,54 New York Infantry,"Widow of Adolphus Beer. Second Lieutenant. KIA Second Bull Run, VA, 29 August 1862","Second Bull Run, VA"
"Goldschmid, Judit",195871,Prague,50.075538,14.4378,Austria,Dependent Mother,USD 8.00,1882,19 Illinois Infantry,"Mother of Jonas Goldschmid. Died of wounds received Stones River, TN, 31 December 1862","Stones River, TN"
"Knittle, Elizabeth (Knittel)",173143,Reuth (Reith im Alpbachtal?),47.417308,11.878626,Austria,Widow,USD 12.00,1876,9 Illinois Cavalry,Widow of Adolph Knittel. Died of disease after muster out of regiment,To be established
"Rosmanith, Barbara",194313,Vienna,48.208174,16.373819,Austria,Dependent Mother,USD 8.00,1882,3 Wisconsin Cavalry,Mother of Franz Rosmanith.,To be established
"Herzog, Fredericka",25166,Vienna,48.207175,16.374818,Austria,Widow,USD 8.00,1864,18 United States Infantry,"Widow of Alois Herzog. Died of disease, Nashville, TN, 15 August 1863","Nashville, TN"
"Bosco, Maria",None,Watletta (Valetta),35.898908,14.514553,Malta,Widow,USD 8.00,1880,USS Quinnebaug,"Widow of Sullivan Bosco. Died of disease, Valetta, Malta, 1879","Valetta, Malta"
"Korn, Amelia",1404,Unknown,,,Unknown,Widow,USD 8.00,None,To be established,To be established,To be established
"Branner, Elizabeth",89636,"Unknown (Treysa, Germany)",50.909328,9.189271,Unknown (Germany),Widow,USD 8.00,1867,15 West Virginia Infantry,"Widow of John Branner. KIA Cedar Creek, VA, 19 October 1864","Cedar Creek, VA"
"Walter, Mariana",177509,Unknown,,,Unknown,Dependent Mother,USD 8.00,1877,25 Ohio Infantry,Mother of Joseph Walter,To be established
"Penz, Maria",58065,"Unknown (Innsbruck, Austria)",47.269212,11.404102,"Unknown (Innsbruck, Austria)",Widow,USD 8.00,1869,7 New York Infantry,"Widow of Louis Penz. Died of disease 18 February 1862, Newport News, VA","Newport News, VA"
"Kumrich, Johanna M",452,Unknown,,,Unknown,Widow,USD 8.00,None,To be established,To be established,To be established
"Kaemmer, Maria",123395,"Unknown (Königsberg, Germany/Kaliningrad, Russia)",54.710426,20.452214,"Unknown (Königsberg, Germany/Kaliningrad, Russia)",Widow,USD 8.00,1869,1 New York Light Artillery,"Widow of Heinrich Ludwig Kaemmer. KIA White Oak Swamp, VA, 30 June 1862","White Oak Swamp, VA"
"Karke, Johanna (Kaske)",132373,"Unknown  (Leobschütz, Germany/Głubczyce, Poland)",50.20027,17.8287,"Unknown  (Leobschütz, Germany/Głubczyce, Poland)",Dependent Mother,USD 8.00,1869,1 Connecticut Heavy Artillery,"Mother of William Kaske. KIA before Petersburg, VA, 25 March 1865","Petersburg, VA"
"Lau, Albertina CE",95568,"Unknown (Stettin,  Germany/Szczecin, Poland)",53.42855,14.552813,"Unknown (Stettin,  Germany/Szczecin, Poland)",Widow,USD 8.00,1867,24 Illinois Infantry,"Widow of Albert Christian Frederick Law (Lau). KIA Chickamauga, GA, 20 September 1863","Chickamauga, GA"
"Mauch, Josephine",36094,"Unknown (Rottweil, Germany)",48.165259,8.628454,"Unknown (Rottweil, Germany)",Widow,USD 8.00,None,45 New York Infantry,"Widow of John N. Mauch. Died of disease, Cincinnatti, OH, 11 November 1863","Cincinnatti, OH"
"Matthieson, Frederika",98462,"Unknown (Oldenburg, Germany)",53.1474,8.21853,"Unknown (Oldenburg, Germany)",Widow,USD 8.00,1867,12 Illinois Cavalry,"Widow of Erich Matthieson (Matthiessen). Died of disease, Baton Rouge, LA, 17 October 1864","Baton Rouge, LA"
"Meyer, Catharine (Meyn)",123967,"Unknown (Bülkau, Germany)",53.747237,8.978944,"Unknown (Bülkau, Germany)",Widow,USD 8.00,1869,15 New York Heavy Artillery,"Widow of Berthold Meyn. Died of wounds  on 21 August 1864 received at the Weldon Railroad, VA, 19 August 1864","Weldon Railroad (Globe Tavern), VA"
"Loetsch, Maria C (Lotzsch)",34193,"Unknown (Erfurt, Germany)",50.984766,11.02985,"Unknown (Erfurt, Germany)",Widow,USD 8.00,1864,9 New Jersey Infantry,"Widow of John Henry Lotzsch. Died in New Bern, NC on 31 January 1863 of wounds received at White Hall, NC, 16 December 1862","White Hall, NC"
"Lammers, Adelheia (Adelhard)",159739,Unknown,,,Unknown,Widow,USD 8.00,1872,69 New York Infantry,Widow of Hermann Lammers (alias Hermann Loomis),To be established
"Large, Auguste W (Wilhelmine Auguste Lange)",123531,"Unknown (Frohburg, Germany)",51.055273,12.555951,"Unknown (Frohburg, Germany)",Widow,USD 8.00,1869,7 New Hampshire Infantry,"Widow of Ananias Louis Lange. Died of disease 3 August 1865, Davids Island, NY","Davids Island, NY"
"Kramer, Salomini D",142238,"Unknown (Bothnang, Stuttgart, Germany)",48.778185,9.128427,"Unknown (Bothnang, Stuttgart, Germany)",Widow,USD 8.00,1870,26 Ohio Infantry,"Widow of William Christof Kramer. Died of disease wihle a POW, Danville, VA, 16 March 1864","Danville, VA"
"Karras, Sophia",126191,"Unknown (Freiburg, Silesia, Germany/Świebodzice, Poland)",50.857547,16.321339,"Unknown (Freiburg, Silesia, Germany/Świebodzice, Poland)",Widow,USD 8.00,1869,4 PennsylvaniaCavalry,"Widow of Albert Karras. Died of a fractured skull, Washington DC, 28 April 1862",Washington DC
"Koch, Wilhelmina F",63133,"Unknown (Urach, Germany)",48.496896,9.394875,"Unknown (Urach, Germany)",Widow,USD 8.00,1866,7 New York Infantry,"Widow of Christian Koch. Died of wounds in Washington DC 18 December 1862 of wounds received at Fredericksburg, VA, 13 December 1862","Fredericksburg, VA"
"Kehl, Maria",96110,"Unknown (Stühlingen, Germany)",47.745419,8.445518,"Unknown (Stühlingen, Germany)",Widow,USD 8.00,1867,2 New Jersey Cavalry,"Widow of William Kehl. Died of disease, Camp White Station, TN, 22 August 1864","White Station, TN"
"Kablitzel, Rosalia (Hablitzel)",33990,"Unknown (Ravensburg, Germany)",47.77827,9.61213,"Unknown (Ravensburg, Germany)",Widow,USD 8.00,1864,26 New York Infantry,"Widow of Philip Hablitzel. Died of disease, Alexandria, VA, 14 June 1862","Alexandria, VA"
"Hauser, Sophia",116133,"Unknown (Sasbach, Germany)",48.639146,8.091859,"Unknown (Sasbach, Germany)",Widow,USD 8.00,1868,2 Delaware Infantry,"Widow of Wilhelm Hauser. KIA Gettysburg, PA, 2 July 1863","Gettysburg, PA"
"Honegger, Sophia",70112,"Unknown (Mühlhofen, Germany)",47.734846,9.242572,"Unknown (Mühlhofen, Germany)",Widow,USD 8.00,1867,55 Pennsylvania Infantry,"Widow of Casper Honegger. Died of disease, Andersonville, GA, 21 August 1864","Andersonville, GA"
"Herbst, Wilhelmina",149090,Unknown,,,Unknown,Widow,USD 8.00,1871,52 New York Infantry,"Widow of Theodore Herbst. Died of disease, Washington DC, 19 December 1864",Washington DC
"Jacob, Anna M",63567,"Unknown (Horbach, Hesse, Germany)",50.139765,9.161932,"Unknown (Horbach, Hesse, Germany)",Widow,USD 8.00,1866,58 Illinois Infantry,"Widow of John Jacob. KIA Yellow Bayou, LA, 18 May 1864","Yellow Bayou, LA"
"Duings, Wilhelmina",147993,"Unknown (Urbecke, Germany)",51.365076,7.782784,"Unknown (Urbecke, Germany)",Widow,USD 8.00,1871,104 Pennsylvania Infantry,"Widow of Diedrich Duings. Died of disease 26 September 1864, Alexandria,VA","Alexandria, VA"
"Eger, Wilhelmina",127684,"Unknown (Meerane, Germany)",50.847286,12.463722,"Unknown (Meerane, Germany)",Widow,USD 8.00,1869,75 Pennsylvania Infantry,"Widow of Henry Ernest Eger. Died of disease 29 July 1865, Murfreesboro, TN","Murfreesboro, TN"
"Geiger, Sophia",109850,"Unknown (Eppingen, Germany)",49.137984,8.909235,"Unknown (Eppingen, Germany)",Widow,USD 8.00,None,1 New York Cavalry,"Widow of John Henry Geiger. Died a POW in Florence, SC, 29 November 1864","Florence, SC"
"Hartze, Anna D, alias Hartlief (Hartje)",125713,"Unknown (Memmingen, Germany)",47.9839,10.180187,"Unknown (Memmingen, Germany)",Widow,USD 8.00,1869,99 Pennsylvania Infantry,"Widow of Christoph Frederic Hartje. Died of diesase, Andersonville, GA, 27 July 1864","Andersonville, GA"
"Heiligenthal, Agnes",158773,"Unknown (Bavaria, Germany DEFAULT Munich)",48.129129,11.580986,"Unknown (Bavaria, Germany DEFAULT Munich)",Widow,USD 8.00,1872,17 United States Infantry,"Widow of Mathias Heiligenthal, alias John Schneider. Died of disease, Hempstead, TX, 9 November 1867","Hempstead, TX"
"Hirt, Francesca",40280,Unknown,,,Unknown,Widow,USD 8.00,None,To be established,To be established,To be established
"Schrayshure, Anna M (Schrayshun)",121301,"Unknown (Iptingen, Germany)",48.887199,8.899267,"Unknown (Iptingen, Germany)",Widow,USD 8.00,1870,1 Kentucky Infantry,"Widow of Johannes Schrayshun. Died of disease while a POW, Belle Isle, VA","Belle Isle, VA"
"Schupp, Catharine",134171,"Unknown (Wittlekofen, Germany)",47.782109,8.347744,"Unknown (Wittlekofen, Germany)",Widow,USD 8.00,1869,30 Missouri Infantry,"Widow of Barnabas Schupp. Died of disease 15 March 1865, New Orleans, LA","New Orleans, LA"
"Seng, Cecilia",133364,"Unknown (Hecklingen, Germany)",51.847305,11.534634,"Unknown (Hecklingen, Germany)",Widow,USD 8.00,1869,15 Missouri Infantry,"Widow of John Seng. Died of disease, Nashville, TN, 21 July 1863","Nashville, TN"
"Werner, Chrstiana F",26350,"Unknown (Merzdorf, Bolkenhain, Germany/Bolków, Poland)",50.9245,16.10378,"Unknown (Merzdorf, Bolkenhain, Germany/Bolków, Poland)",Widow,USD 8.00,None,32 Indiana Infantry,"Widow of Samuel G. Werner. Died of disease, Bowling Green, KY, 25 October 1862","Bowling Green, KY"
"Ulrice, Emilie (Ulrici)",45674,"Unknown (Heuerßen, Germany)",52.328686,9.278642,"Unknown (Heuerßen, Germany)",Widow,USD 8.00,None,7 New York Infantry,"Widow of George M. Ulrici. Died of wounds (place unspecificed) 31 December 1862, Washington DC",Washington DC
"Schraeder, Wilhel J",153925,Unknown,,,Unknown,Widow,USD 8.00,1879,52 New York Infantry,"Widow of Charles Schraeder. KIA 2 July 1863 Gettysburg, PA","Gettysburg, PA"
"Sanders, Maria H (Sander)",50280,"Unknown (Borgentreich, Germany)",51.570751,9.238309,"Unknown (Borgentreich, Germany)",Widow,USD 8.00,1865,4 Maryland Infantry,"Widow of Stephen Sander. Died of disease, Mountain Run, VA, 16 December 1863","Mountain Run, VA"
"Schnoed, Maria E (Schnded)",98081,"Unknown (Landstuhl, Germany)",49.414146,7.570905,"Unknown (Landstuhl, Germany)",Widow,USD 8.00,1867,15 New York Heavy Artillery,"Widow of Ludwig Schnded. Died of disease, Andersonville, GA, 31 August 1864","Andersonville, GA"
"Steckner, Fredericke C (Stoeckner)",51773,"Unknown (Merseburg, Germany)",51.356328,11.991746,"Unknown (Merseburg, Germany)",Widow,USD 8.00,1865,15 New York Heavy Artillery,"Widow of Albert Franz Stoeckner. KIA 22 June 1864, Petersburg, VA","Petersburg, VA"
"Schmidt, Fredericka",98461,"Unknown (Paderborn, Germany)",51.718921,8.757509,"Unknown (Paderborn, Germany)",Widow,USD 8.00,None,23 Indiana Infantry,"Widow of Frank George Schmidt. Died of disease 1 January 1863, St. Louis, MO","St. Louis, MO"
