{
  "licenseType": "Creative Commons",
  "dc:description": "Imported at Sat Mar 25 07:45:15 PDT 2017 from European Widows Clean Copy EUROPE 1.xlsx.",
  "exportable": true,
  "dc:title": "Widows & Dependents in Receipt of American Military Pensions, Mainland Europe, 1883. Location Map.",
  "attribution": "Damian Shiels. ",
  "attributionLink": "https://irishamericancivilwar.com/",
  "dc:modified": "2017-03-25T14:46:06Z",
  "dc:identifier": "1xw--aHBkT3f0fSZG3SG3Rd_0Pf_02PVHfeFqUxWj",
  "tableSchema": {"columns": [
    {
      "datatype": "string",
      "name": "col0",
      "validateData": false,
      "title": "Name"
    },
    {
      "datatype": "double",
      "name": "col1",
      "validateData": false,
      "title": "Certificate"
    },
    {
      "datatype": "location",
      "name": "col2",
      "validateData": false,
      "title": "Location"
    },
    {
      "datatype": "location",
      "name": "col3",
      "validateData": false,
      "title": "Latitude",
      "latitudeLongitudeColumns": {
        "latitudeColumn": "col3",
        "longitudeColumn": "col4"
      }
    },
    {
      "datatype": "double",
      "name": "col4",
      "validateData": false,
      "title": "Longitude",
      "latitudeLongitudeColumns": {
        "latitudeColumn": "col3",
        "longitudeColumn": "col4"
      }
    },
    {
      "datatype": "location",
      "name": "col5",
      "validateData": false,
      "title": "Country"
    },
    {
      "datatype": "string",
      "name": "col6",
      "validateData": false,
      "title": "Pension Reason"
    },
    {
      "datatype": "string",
      "name": "col7",
      "validateData": false,
      "title": "Pension"
    },
    {
      "datatype": "string",
      "name": "col8",
      "validateData": false,
      "title": "Commencement"
    },
    {
      "datatype": "string",
      "name": "col9",
      "validateData": false,
      "title": "Unit"
    },
    {
      "datatype": "string",
      "name": "col10",
      "validateData": false,
      "title": "Service Detail"
    },
    {
      "datatype": "string",
      "name": "col11",
      "validateData": false,
      "title": "Death Location (or battle mortally wounded)"
    }
  ]}
}