{
  "licenseType": "Unknown",
  "dc:description": "This layer helps you identify which two letter Ordnance Survey tile/s you need to download from OS OpenData",
  "exportable": true,
  "dc:title": "gb_os_2_letter_tiles_GB_ONLY",
  "attribution": "Alasdair Rae",
  "attributionLink": "http://ajrae.staff.shef.ac.uk/buildings/",
  "dc:modified": "2015-07-15T11:24:18Z",
  "dc:identifier": "1hf3RUoJs6ytF4mhCtA2GmzMtq55N7pg2QQBwcpdm",
  "tableSchema": {"columns": [
    {
      "datatype": "string",
      "name": "col0",
      "validateData": false,
      "title": "description"
    },
    {
      "datatype": "string",
      "name": "col1",
      "validateData": false,
      "title": "name"
    },
    {
      "datatype": "string",
      "name": "col2",
      "validateData": false,
      "title": "LETTERS"
    },
    {
      "datatype": "location",
      "name": "col3",
      "validateData": false,
      "title": "geometry"
    }
  ]}
}