{
  "licenseType": "Unknown",
  "dc:description": "Imported at Wed Aug 20 08:11:44 PDT 2014 from new teachers.xls.",
  "exportable": true,
  "dc:title": "new teachers",
  "dc:modified": "2014-08-20T15:11:52Z",
  "dc:identifier": "14zpDeVZwRly0tX_3GtB9DO9QyAUmqGeUZqFfkP58",
  "tableSchema": {"columns": [
    {
      "datatype": "location",
      "name": "col0",
      "validateData": false,
      "title": "Schools"
    },
    {
      "datatype": "double",
      "name": "col1",
      "validateData": false,
      "title": "Attrition rate for teachers with less than 5 years experience"
    }
  ]}
}