Schools,Attrition rate for teachers with less than 5 years experience
Harlem Success Academy Charter School 4,70%
Peninsula Prep Academy Charter School,67%
International Leadership Charter School,64%
Williamsburg Charter High School,62%
South Bronx Charter School,60%
Bronx Preparatory Charter School,59%
Brooklyn Ascend Charter School,59%
Harlem Success Academy Charter School 2,59%
Opportunity Charter School,57%
Bronx Lighthouse Charter School,54%
Harlem Success Academy Charter School 3,54%
Harlem Prep Charter School,52%
Bronx Charter School for Children,50%
Grand Concourse Academy Charter School,50%
Harlem Success Academy Charter School 1,50%
KIPP AMP Charter School,47%
La Cima Charter School,46%
Bronx Charter School for the Arts,45%
Bronx Global Learning Institute for Girls,45%
St. Hope Leadership Academy Charter,45%
Harlem Link Charter School,44%
Harlem Villiage Academy Charter,44%
South Bronx Classical Charter School 1,43%
NY Center for Autism Charter School,43%
Brooklyn Charter School,42%
Leadership Prep Bedford Stuyvesant,42%
NYC Charter High School for AECI,40%
Sisulu-Walker Charter School,40%
Brooklyn Excelsior Charter School,39%
Explore Charter School,38%
Democracy Prep Charter School,38%
PAVE Academy Charter School,37%
Achievement First Crown Heights Charter,36%
Dream Charter School,36%
UFT Charter School,34%
Icahn Charter School 1,33%
Harbor Science and Arts Charter School,33%
Our World Neighborhood Charter School,32%
Mott Haven Academy Charter School,31%
Achievement First Brownsville Charter,31%
Kings Collegiate Charter School,31%
Hyde Leadership Charter School,29%
Harlem Children's Zone Promise Academy,28%
Community Partnership Charter,27%
New Heights Academy Charter School,27%
Beginning With Children Charter School,25%
Community Roots Charter School,25%
Williamsburg Collegiate Charter School,25%
Family Life Academy Charter School I,24%
Kipp Academy Charter School,24%
University Prep Charter High School,23%
Excellence Boys Charter School,22%
Merrick Academy-Queens Public Charter,22%
Harriet Tubman Charter School,20%
John V. Lindsay Wildcat Academy,20%
KIPP Infinity Charter School,20%
Bronx Academy of Promise Charter School,18%
Girls  Prep Charter School,17%
VOICE Charter School of New York,17%
Future Leaders Institute Charter School,16%
Bronx Charter School for Excellence,15%
Bronx Community Charter School,14%
Hellenic Classical Charter School,14%
Harlem Villiage Academy Leadership,14%
Manhattan Charter School,14%
Renaissance Charter School,14%
Bedford Stuy Collegiate Charter School,13%
Amber Charter School,13%
KIPP STAR College Prep Charter,13%
Bronx Charter School for Better Learning,7%
