{
  "licenseType": "Unknown",
  "dc:description": "Imported at Thu Feb 04 09:50:02 PST 2016 from AlexF_Donnees-Carte_FusionTable.",
  "exportable": true,
  "dc:title": "Langues du Lacito (FusionTable)",
  "attribution": "Lacito",
  "dc:modified": "2019-10-30T14:16:26Z",
  "dc:identifier": "1yKRHAtZg2VweVSBt0uMxexE0gl3RFmOaDAE-Ag8B",
  "tableSchema": {"columns": [
    {
      "datatype": "string",
      "name": "col0",
      "validateData": false,
      "title": "Langue"
    },
    {
      "datatype": "location",
      "name": "col1",
      "validateData": false,
      "title": "Latitude",
      "latitudeLongitudeColumns": {
        "latitudeColumn": "col1",
        "longitudeColumn": "col2"
      }
    },
    {
      "datatype": "double",
      "name": "col2",
      "validateData": false,
      "title": "Longitude",
      "latitudeLongitudeColumns": {
        "latitudeColumn": "col1",
        "longitudeColumn": "col2"
      }
    },
    {
      "datatype": "string",
      "name": "col3",
      "validateData": false,
      "title": "Chercheur"
    },
    {
      "datatype": "string",
      "name": "col4",
      "validateData": false,
      "title": "Membre LACITO"
    },
    {
      "datatype": "string",
      "name": "col5",
      "validateData": false,
      "title": "Hors LACITO"
    },
    {
      "datatype": "string",
      "name": "col6",
      "validateData": false,
      "title": "Auteurs-complexes"
    },
    {
      "datatype": "string",
      "name": "col7",
      "validateData": false,
      "title": "Popup"
    },
    {
      "datatype": "string",
      "name": "col8",
      "validateData": false,
      "title": "Page langue"
    },
    {
      "datatype": "string",
      "name": "col9",
      "validateData": false,
      "title": "Corpus"
    },
    {
      "datatype": "string",
      "name": "col10",
      "validateData": false,
      "title": "Famille"
    },
    {
      "datatype": "string",
      "name": "col11",
      "validateData": false,
      "title": "Image"
    },
    {
      "datatype": "string",
      "name": "col12",
      "validateData": false,
      "title": "Dictionnaire"
    },
    {
      "datatype": "string",
      "name": "col13",
      "validateData": false,
      "title": "Logo"
    },
    {
      "datatype": "string",
      "name": "col14",
      "validateData": true,
      "title": "Label"
    },
    {
      "datatype": "string",
      "name": "col15",
      "validateData": false,
      "title": "Pin",
      "validValues": "wht_stars, orange_stars, orange_blank"
    },
    {
      "datatype": "string",
      "name": "col16",
      "validateData": false,
      "title": "Logos-complexes"
    },
    {
      "datatype": "string",
      "name": "col17",
      "validateData": false,
      "title": "Image2"
    },
    {
      "datatype": "string",
      "name": "col18",
      "validateData": false,
      "title": "Lg_fr"
    },
    {
      "datatype": "string",
      "name": "col19",
      "validateData": false,
      "title": "Lg_fr2"
    },
    {
      "datatype": "string",
      "name": "col20",
      "validateData": false,
      "title": "category"
    },
    {
      "datatype": "string",
      "name": "col21",
      "validateData": false,
      "title": "supervisor"
    },
    {
      "datatype": "string",
      "name": "col22",
      "validateData": false,
      "title": "aire"
    }
  ]}
}