Langue,Lg_fr,Lg_fr2,Latitude,Longitude,Chercheur,Membre LACITO,Hors LACITO,Auteurs-complexes,Popup,Page langue,Corpus,Famille,Image,Image2,Dictionnaire,Label,Pin,Logo,Logos-complexes,category,supervisor,aire
Abzakh,,,44.00,39.33,"Niaz Batouka, René Gsell, Catherine Paris",,,"Niaz Batouka, René Gsell,<br/><a href=""http://lacito.vjf.cnrs.fr/pangloss/caucase.htm"" style=""text-decoration:none"" target=""_blank"">Catherine Paris</a>",Abzakh,http://lacito.vjf.cnrs.fr/archivage/languages/Abzakh.php,Abzakh,NW Caucasian,http://lacito.vjf.cnrs.fr/images/images_image_semaine/tcherkesse590.jpg,,,3,orange_blank,,,2018_23,,1
Abzakh of Turkey,,abzakh de Turquie,37.067195,30.199349,Mezane Konuk,konuk,,,,https://en.wikipedia.org/wiki/Abzakh_Adyghe_dialect,,Northwest Caucasian,https://borderlessblogger.files.wordpress.com/2014/12/circassianpro5.jpg,,,4,red_stars,lacito,,2012_17 ; 2018_23,"<a href=""http://lacito.vjf.cnrs.fr/membres/michaud_en.htm"" target=""_blank"" style=""text-decoration:none"">Alexis Michaud</a> &amp; <a href=""http://lacito.vjf.cnrs.fr/membres/guerin.htm"" target=""_blank"" style=""text-decoration: none"" >F. Guérin</a>",1
Aheu,,,17.9646,104.9767,Michel Ferlus,,https://en.wikipedia.org/wiki/Michel_Ferlus,,,http://lacito.vjf.cnrs.fr/pangloss/languages/Aheu.php,Aheu,Austroasiatic,,,,3,orange_blank,crlao,"<table border=0><tr><td rowspan=2><a href=""http://www.mica.edu.vn/en/"" target=""_blank""><img src=""https://upload.wikimedia.org/wikipedia/commons/f/fb/Logo-mica-transp.gif"" width=35 align=""left"" /></a>&nbsp;</td><td><a href=""http://www.mica.edu.vn/research-actions/au-co-project/"" target=""_blank""><img src=""http://www.mica.edu.vn/images/vignettes_actualites/auco_logo.jpg"" width=35 align=""bottom"" /></a></td></tr><tr><td><a href=""http://crlao.ehess.fr/"" target=""_blank""><img src=""http://alex.francois.online.fr/img/crlao_s.png"" width=35 align=""bottom"" /></a></td></tr></table>",,,3
Ajië,,,-21.283893,165.5256133,Jean-Claude Rivierre,rivierre,Jacqueline de La Fontinelle,"<a href=""http://lacito.vjf.cnrs.fr/membres/rivierre.htm"" target=""_blank"" style=""text-decoration:none"">J.-C. Rivierre</a>,<br/><a href=""http://lacito.vjf.cnrs.fr/membres/ogier.htm"" target=""_blank"" style=""text-decoration:none"">Julia Ogier-Guindo</a>,<br/><a href=""http://lacito.vjf.cnrs.fr/membres/vuillaume_en.htm"" target=""_blank"" style=""text-decoration:none"">David Piekut</a>",Ajie,,Ajië,"Austronesian, Oceanic",,,,2,orange_stars,,,2012_17,,4
Alu Kurumba,,,11.413504,76.870057,Christiane Pilot-Raichoor,pilot,,,,,,Dravidian,,,,1,wht_stars,lacito,,2012_17,,3
Amdo Tibetan,,tibétain de l'Amdo,34.52,100.49,Camille Simon,simon,,,,,,"ST, Tibeto-Burman",,,,5,red_blank,lacito,,2012_17 ; 2018_23,,3
Amis,,,23.978842,121.5837173,Isabelle Bril,bril,,,Amis,,,Austronesian,,,,1,wht_stars,lacito,,2012_17 ; 2018_23,,4
Angami,,,25.668451,94.11541,François Jacquesson,jacquesson,,,Angami,,,"ST, Tibeto-Burman",,,,1,wht_stars,lacito,,2012_17,,3
Araki,,,-15.628459,166.957232,Alexandre François,,http://www.lattice.cnrs.fr/en/alexandre-francois/,,Araki,,Araki,"Austronesian, Oceanic",http://alex.francois.online.fr/img/Araki-island_bds.jpg,http://alex.francois.online.fr/img/Araki-books_xs.jpg,http://alex.francois.online.fr/AF-Araki.htm,3,orange_blank,lattice,"&nbsp;<br/><a href=""http://www.lattice.cnrs.fr/en/alexandre-francois"" target=""_blank""><img src=""http://alex.francois.online.fr/img/logo_lattice2.png"" width=""50"" /></a>",2012_17 ; 2018_23,,4
Arem,,,17.4378519,106.2757514,"Michel Ferlus, Trần Trí Dõi",,,"<a href=""https://en.wikipedia.org/wiki/Michel_Ferlus"" target=""_blank"" style=""text-decoration:none"">Michel Ferlus</a>,<br/><a href=""http://ussh.vnu.edu.vn/profile/tran-tri-doi"" target=""_blank"" style=""text-decoration:none"">Trần Trí Dõi</a>",,http://lacito.vjf.cnrs.fr/pangloss/languages/Arem.php,Arem,Austroasiatic,,,,3,orange_blank,,"<table border=0><tr><td rowspan=2><a href=""http://www.mica.edu.vn/en/"" target=""_blank""><img src=""https://upload.wikimedia.org/wikipedia/commons/f/fb/Logo-mica-transp.gif"" width=28 align=""left"" /></a>&nbsp;</td><td><a href=""http://www.mica.edu.vn/research-actions/au-co-project/"" target=""_blank""><img src=""http://www.mica.edu.vn/images/vignettes_actualites/auco_logo.jpg"" width=28 /></a></td><td rowspan=2>&nbsp;<a href=""http://vnu.edu.vn/eng/"" target=""_blank""><img src=""https://upload.wikimedia.org/wikipedia/commons/c/ca/VNU.logo.jpg"" width=28 align=""right"" /></a></td></tr><tr><td><a href=""http://crlao.ehess.fr/"" target=""_blank""><img src=""http://alex.francois.online.fr/img/crlao_s.png"" width=28 /></a></td></tr></table>",,,3
Arhâ,,,-21.350932,165.161187,David Piekut,vuillaume_en,,,,,,"Austronesian, Oceanic",,,,4,red_stars,lacito,,2012_17 ; 2018_23,"<a href=""http://lacito.vjf.cnrs.fr/membres/bril.htm"" target=""_blank"" style=""text-decoration: none"" >I. Bril</a>",4
Arhö,,,-21.320993,165.146122,David Piekut,vuillaume_en,,,,,,"Austronesian, Oceanic",,,,4,red_stars,lacito,,2012_17 ; 2018_23,"<a href=""http://lacito.vjf.cnrs.fr/membres/bril.htm"" target=""_blank"" style=""text-decoration: none"" >I. Bril</a>",4
Badaga,,,11.413348,76.691387,Christiane Pilot-Raichoor,pilot,,,,,Badaga,Dravidian,,,,2,orange_stars,lacito,,eldp ; 2012_17,,3
Bafia,,,4.73,11.10,Gladys Guarisma,guarisma,,,,,,Bantu,http://lacito.vjf.cnrs.fr/images/images_image_semaine/mbam590.jpg,,,1,wht_stars,lacito,,eldp,,2
Bafut,,,6.14,10.12,Jacqueline Leroy,leroy,,,Bafut,,,Grassfields Bantu,,,,1,wht_stars,lacito,,,,2
Bagangu,,,5.98,10.15,Jacqueline Leroy,leroy,,,Bagangu,,,Grassfields Bantu,,,,1,wht_stars,lacito,,,,2
Bahing,,,27.36775,86.45686,Boyd Michailovsky,michailovsky,,,Bahing,,Bahing,"ST, Tibeto-Burman",,,,2,orange_stars,lacito,,2012_17,,3
Baka,,,2.16,13.78,Jacqueline M.C. Thomas,thomas,,,,,,Adamawa-Ubangi,,,,1,wht_stars,lacito,,,,2
Bamanakan,bambara,,12.6125545,-8.1359399,Julia Ogier-Guindo,ogier,,,Bamanakan,,,Mande,http://lacito.vjf.cnrs.fr/images/images_image_semaine/segou590.jpg,,,1,wht_stars,lacito,,2012_17,,2
Basque,,,43.104287,-1.1981227,Georges Rebuschi,rebuschi,,,Basque,,,isolate,https://www.maisonapart.com/images/normal/20090730_170811_basque.jpg,,,1,wht_stars,lacito,,,,1
Bengali,,,24.00,90.00,Prithwindra Mukherjee,mukherjee,,,,,,"IE, Indo-Aryan",,,,1,wht_stars,lacito,,,,3
Berom,birom,,9.67,8.81,Luc Bouquiaux,bouquiaux,,,,,,Plateau,,,,1,wht_stars,lacito,,,,2
Bislama,bichelamar,,-17.724464,168.315428,Agnès Henri,henri,,"<a href=""http://lacito.vjf.cnrs.fr/membres/francois.htm"" target=""_blank"" style=""text-decoration:none"">Alexandre François</a>,<br/><a href=""http://lacito.vjf.cnrs.fr/membres/henri.htm"" target=""_blank"" style=""text-decoration:none"">Agnès Henri</a>,<br/><a href=""http://lacito.vjf.cnrs.fr/membres/touati.htm"" target=""_blank"" style=""text-decoration:none"">Benjamin Touati</a>",Bislama,,,English Creole,,,,1,wht_stars,lacito,"<a href=""http://www.lattice.cnrs.fr/en/alexandre-francois"" target=""_blank""><img src=""http://alex.francois.online.fr/img/logo_lattice2.png"" width=""50"" /></a> &nbsp; <a href=""http://lacito.vjf.cnrs.fr/index_en.htm"" target=""_blank""><img src=""https://upload.wikimedia.org/wikipedia/commons/4/48/Logo-LACITO-CNRS_large.png"" width=""70"" /></a>",2012_17 ; 2018_23,,4
Bjedug,bjedough,,44.6167,40.8000,"Asker Gadagati', A. Michaud, Catherine Paris",,,"<a href=""http://lacito.vjf.cnrs.fr/pangloss/caucase.htm"" target=""_blank"" style=""text-decoration:none"">Asker Gadagati'</a>,<br/><a href=""http://lacito.vjf.cnrs.fr/membres/michaud.htm"" target=""_blank"" style=""text-decoration:none"">Alexis Michaud</a>,<br/>Catherine Paris",Bjedug,,Bjedug,NW Caucasian,,,,3,orange_blank,,,,,1
Bru,,,17.291838,106.2055751,"Dõi, Trần Trí",,http://ussh.vnu.edu.vn/profile/tran-tri-doi,,Bru,https://en.wikipedia.org/wiki/Bru_language,Bru,Austroasiatic,,,,3,orange_blank,,"<table border=0><tr><td rowspan=2><a href=""http://www.mica.edu.vn/en/"" target=""_blank""><img src=""https://upload.wikimedia.org/wikipedia/commons/f/fb/Logo-mica-transp.gif"" width=36 align=""left"" /></a>&nbsp;</td><td><a href=""http://www.mica.edu.vn/research-actions/au-co-project/"" target=""_blank""><img src=""http://www.mica.edu.vn/images/vignettes_actualites/auco_logo.jpg"" width=36 /></a></td></tr></table>",,,
Bulgarian,bulgare,,42.711978,23.3125763,Zlatka Guentchéva,guentcheva,,,Bulgarian,,,"IE, Slavic",,,,1,wht_stars,lacito,,2012_17,,1
Bulgarian-Macedonian,,bulgaro-macédonien,40.80,22.044,Georges Drettas,,,,Bulgarian_Macedonian,,Bulgaro-Mac%C3%A9donien,"IE, Slavic",,,,3,orange_blank,lacito,,,,1
Bumthang,,,27.65,90.80,Martine Mazaudon,mazaudon,,,,,,"ST, Tibeto-Burman",,,,1,wht_stars,lacito,,2012_17 ; 2018_23,,3
Bunaq,,,-9.14,125.22,Antoinette Schapper,,http://www.kitlv.nl/researchers-schapper/,,,,,Timor-Alor-Pantar,,,,1,wht_stars,lacito,,2018_23,,4
Burgenland Croatian,,croate du Burgenland,47.5356302,16.6572691,"Walter Breu, Lenka Scholze",,,"<a href=""http://www.uni-konstanz.de/FuF/Philo/Sprachwiss/slavistik/breu/index.html"" target=""_blank"" style=""text-decoration:none"">Walter Breu</a>,<br/>Lenka Scholze",,,Croate+du+Burgenland,"IE, Slavic",,,,3,orange_blank,,"<a href=""http://www.uni-konstanz.de/en/welcome/"" target=""_blank""><img src=""http://www.uni-konstanz.de/FuF/Philo/Sprachwiss/slavistik/breu/unilogo.gif"" width=""30"" /></a>",2012_17,,1
Burmese,birman,,21.15,94.86,"San San Hnin Tun, Alice Vittrant",hnin_tun,,"<a href=""http://lacito.vjf.cnrs.fr/membres/hnin_tun.htm"" target=""_blank"" style=""text-decoration:none"">San San Hnin Tun</a>,<br/><a href=""http://lacito.vjf.cnrs.fr/membres/vittrant.htm"" target=""_blank"" style=""text-decoration:none"">Alice Vittrant</a>,<br/><a href=""http://crlao.ehess.fr/index.php?490"" target=""_blank"" style=""text-decoration:none"">Katia Chirkova</a>,<br/>Jennifer Lewis-Wong",Birman,,Birman,"ST, Tibeto-Burman",http://lacito.vjf.cnrs.fr/images/images_image_semaine/konya590.jpg,,,2,orange_stars,lacito,,2012_17 ; 2018_23,,3
Bwatoo,,,-21.05,164.7,Jean-Claude Rivierre,rivierre,,,Bwatoo ,,Bwatoo ,"Austronesian, Oceanic",,,,2,orange_stars,lacito,,,,4
Caac,,,-20.390337,164.576972,Aurélie Cauchard,,,,,http://glottolog.org/resource/languoid/id/caac1237,,"Austronesian, Oceanic",,,,5,red_blank,lacito,,2012_17,"<a href=""http://lacito.vjf.cnrs.fr/membres/bril.htm"" target=""_blank"" style=""text-decoration: none"" >I. Bril</a>",4
Cao Lao Hạ,,,17.689722,106.428611,"Michel Ferlus, Trần Trí Dõi",,,"<a href=""https://en.wikipedia.org/wiki/Michel_Ferlus"" target=""_blank"" style=""text-decoration:none"">Michel Ferlus</a>,<br/><a href=""http://ussh.vnu.edu.vn/profile/tran-tri-doi"" target=""_blank"" style=""text-decoration:none"">Trần Trí Dõi</a>",Vietnamese,,Cao+Lao+Hạ,Austroasiatic,,,,3,orange_blank,,"<table border=0><tr><td rowspan=2><a href=""http://www.mica.edu.vn/en/"" target=""_blank""><img src=""https://upload.wikimedia.org/wikipedia/commons/f/fb/Logo-mica-transp.gif"" width=28 align=""left"" /></a>&nbsp;</td><td><a href=""http://www.mica.edu.vn/research-actions/au-co-project/"" target=""_blank""><img src=""http://www.mica.edu.vn/images/vignettes_actualites/auco_logo.jpg"" width=28 /></a></td><td rowspan=2>&nbsp;<a href=""http://vnu.edu.vn/eng/"" target=""_blank""><img src=""https://upload.wikimedia.org/wikipedia/commons/c/ca/VNU.logo.jpg"" width=28 align=""right"" /></a></td></tr><tr><td><a href=""http://crlao.ehess.fr/"" target=""_blank""><img src=""http://alex.francois.online.fr/img/crlao_s.png"" width=28 /></a></td></tr></table>",,,3
Car-Nicobarais,,,,,Anne Daladier,daladier,,,,,Car-Nicobarais,x,,,,,,,,2012_17,,3
Cardamom Khmer,,khmer des Cardamomes,11.49,103.25,Marie-Alexandrine Martin,,,,,,Cardamom Khmer,Austroasiatic,,,,3,orange_blank,,,,,3
Cèmuhî,,,-20.780159,165.2375,Jean-Claude Rivierre,rivierre,,,Cemuhi,,Cemuhî,"Austronesian, Oceanic",http://lacito.vjf.cnrs.fr/images/images_image_semaine/oceanieJC01_590.jpg,,,2,orange_stars,lacito,,,,4
Chang Naga,,,25.5667,91.8830,Guillaume Jacques,,http://crlao.ehess.fr/index.php?266,,Chang_Naga,,Chang+Naga,"ST, Tibeto-Burman",,,,3,orange_blank,crlao,,,,3
Chechen,tchétchène,,43.314238,45.6998663,Françoise Guérin,guerin,,,Chechen,,Chechen,Nakh-Daghestanian,https://northcaucasusland.files.wordpress.com/2014/04/north-caucasus-chechnya-people-chechen-girls-chechens.jpg,,,2,orange_stars,lacito,,2012_17 ; 2018_23,,1
Chocholtec,chocho,,17.64250,-97.309167,Eréndira Calderón,calderon,,,,,,"Otomanguean, Popolocan",http://alex.francois.online.fr/lacito/img_lacito/Calderon_Chocho.jpg,,,4,red_stars,lacito,,2012_17 ; 2018_23,"<a href=""http://lacito.vjf.cnrs.fr/membres/adamou_en.htm"" target=""_blank"" style=""text-decoration: none"" >E. Adamou</a>",5
Chong Lo,,,13.0,102.0,Marie-Alexandrine Martin,,,,,,Chong Lo,Austroasiatic,,,,3,orange_blank,,,,,3
Chong Tratt,,,12.45,102.617,Marie-Alexandrine Martin,,,,,,Chong Tratt,Austroasiatic,,,,3,orange_blank,,,,,3
Classical Nahuatl,,nahuatl classique,19.451295,-99.137476,Ana de la Fuente Altaba,,,,,,,Uto-Aztecan,,,,5,red_blank,lacito,,2012_17,"<a href=""http://lacito.vjf.cnrs.fr/membres/rebuschi.htm"" target=""_blank"" style=""text-decoration: none"" >G. Rebuschi</a>",5
Colloquial Upper Sorbian,,sorabe supérieur,51.23,14.24,"Walter Breu, Lenka Scholze",,,"<a href=""http://www.uni-konstanz.de/FuF/Philo/Sprachwiss/slavistik/breu/index.html"" target=""_blank"" style=""text-decoration:none"">Walter Breu</a>,<br/>Lenka Scholze",,http://lacito.vjf.cnrs.fr/pangloss/languages/Colloquial_Upper_Sorbian_en.php,Sorabe+supérieur+%28courant%29,"IE, Slavic",,,,3,orange_blank,,"<a href=""http://www.uni-konstanz.de/en/welcome/"" target=""_blank""><img src=""http://www.uni-konstanz.de/FuF/Philo/Sprachwiss/slavistik/breu/unilogo.gif"" width=""30"" /></a>",2012_17,,1
Cuối Chăm,,,19.213816,105.165692,"Michel Ferlus, Trần Trí Dõi",,,"<a href=""https://en.wikipedia.org/wiki/Michel_Ferlus"" target=""_blank"" style=""text-decoration:none"">Michel Ferlus</a>,<br/><a href=""http://ussh.vnu.edu.vn/profile/tran-tri-doi"" target=""_blank"" style=""text-decoration:none"">Trần Trí Dõi</a>",,http://lacito.vjf.cnrs.fr/pangloss/languages/Tho.php,Cu%E1%BB%91i+Ch%C4%83m,Austroasiatic,,,,3,orange_blank,,"<table border=0><tr><td rowspan=2><a href=""http://www.mica.edu.vn/en/"" target=""_blank""><img src=""https://upload.wikimedia.org/wikipedia/commons/f/fb/Logo-mica-transp.gif"" width=28 align=""left"" /></a>&nbsp;</td><td><a href=""http://www.mica.edu.vn/research-actions/au-co-project/"" target=""_blank""><img src=""http://www.mica.edu.vn/images/vignettes_actualites/auco_logo.jpg"" width=28 /></a></td><td rowspan=2>&nbsp;<a href=""http://vnu.edu.vn/eng/"" target=""_blank""><img src=""https://upload.wikimedia.org/wikipedia/commons/c/ca/VNU.logo.jpg"" width=28 align=""right"" /></a></td></tr><tr><td><a href=""http://crlao.ehess.fr/"" target=""_blank""><img src=""http://alex.francois.online.fr/img/crlao_s.png"" width=28 /></a></td></tr></table>",,,3
Deuri,,,26.6394258,92.7887933,François Jacquesson,jacquesson,,,Deuri,,,"ST, Tibeto-Burman",http://lacito.vjf.cnrs.fr/images/images_image_semaine/bagora590.jpg,,,1,wht_stars,lacito,,2012_17 ; 2018_23,,3
Dimasa,,,25.169207,93.014824,François Jacquesson,jacquesson,,,Dimasa,,,"ST, Tibeto-Burman",http://lacito.vjf.cnrs.fr/images/images_image_semaine/dimapur_pilier590.jpg,,,1,wht_stars,lacito,,2012_17 ; 2018_23,,3
Dorig,,,-14.366339,167.545430,Alexandre François,,http://www.lattice.cnrs.fr/en/alexandre-francois/,,Dorig,,Dorig,"Austronesian, Oceanic",http://alex.francois.online.fr/photos/2003/data/images/af-b08-14_dorig_kava.jpg,http://alex.francois.online.fr/photos/2003/data/images/af-b13-18_dolap_leng_susan.jpg,,3,orange_blank,lattice,"&nbsp;<br/><a href=""http://www.lattice.cnrs.fr/en/alexandre-francois"" target=""_blank""><img src=""http://alex.francois.online.fr/img/logo_lattice2.png"" width=""50"" /></a>",2012_17 ; 2018_23,,4
Drehu,,,-21.1,167.4,Claire Moyse-Faurie,moyse,,,Drehu,,Drehu,"Austronesian, Oceanic",,,,2,orange_stars,lacito,,2012_17,,4
Duoxu,tosu,,28.549809,102.1639499,Katia Chirkova,,http://crlao.ehess.fr/index.php?490,,,https://en.wikipedia.org/wiki/Lizu_language,Duoxu,"ST, Tibeto-Burman",,,,3,orange_blank,crlao,,2012_17 ; 2018_23,,3
East Futunan,futunien,,-14.31096,-178.11094,Claire Moyse-Faurie,moyse,,,East_Futunan,,Futunien,"Austronesian, Oceanic",,,,2,orange_stars,lacito,,2012_17,,4
East Uvean,wallisien,,-13.34261,-176.19435,Claire Moyse-Faurie,moyse,,,East_Uvean,,Wallisien,"Austronesian, Oceanic",,,,2,orange_stars,lacito,,2012_17,,4
Ersu,,,28.966069,102.771749,Katia Chirkova,,http://crlao.ehess.fr/index.php?490,,,https://en.wikipedia.org/wiki/Ersu_language,Ersu,"ST, Tibeto-Burman",,,,3,orange_blank,crlao,,2012_17 ; 2018_23,,3
Finnish,finnois,,60.2548196,24.9764303,M.M. Jocelyne Fernandez-Vest,fernandez,,,,,,Finno-Ugric,,,,1,wht_stars,lacito,,,,1
Fwâi,,,-20.689802,164.9414803,Françoise Ozanne-Rivierre,ozanne,,,,http://corpusdelaparole.huma-num.fr/spip.php?article88,,"Austronesian, Oceanic",,,,1,wht_stars,lacito,,,,4
Galo,,,28.11,94.51,François Jacquesson,jacquesson,,,Galo,,,"ST, Tibeto-Burman",,,,1,wht_stars,lacito,,2012_17 ; 2018_23,,3
Gbanzili,,,4.68467,20.2609,Marie-Françoise Rombi,rombi,,,,,,Adamawa-Ubangi,,,,1,wht_stars,lacito,,eldp,,2
Georgian,géorgien,,41.706377,44.800796,Sophio Milorava,,,,,https://en.wikipedia.org/wiki/Georgian_language,,Kartvelian,,,,5,red_blank,lacito,,2012_17,"<a href=""http://lacito.vjf.cnrs.fr/membres/lemarechal.htm"" target=""_blank"" style=""text-decoration: none"" >A. Lemaréchal</a>",1
Gwendele,gwendélé,,10.95,14.21,Véronique de Colombel,colombel,,,Gwendele,,,"Afro-Asiatic, Chadic",,,,1,wht_stars,lacito,,,,2
Hamea,haméa,,-21.497214,165.7139463,Claire Moyse-Faurie,moyse,,,,,Haméa,"Austronesian, Oceanic",,,,2,orange_stars,lacito,,eldp ; 2012_17,,4
Hassāniya,,,18.091599,-15.984673,Catherine Taine-Cheikh,taine,,,Hassaniyya,,,"Afro-Asiatic, Semitic",,,,1,wht_stars,lacito,,2012_17,,2
Hayu,,,27.30,86.10,Boyd Michailovsky,michailovsky,,,Hayu,,Hayu,"ST, Tibeto-Burman",,,,2,orange_stars,lacito,,2012_17,,3
Hide,hidé,,10.94,13.69,Véronique de Colombel,colombel,,,Hide,,,"Afro-Asiatic, Chadic",,,,1,wht_stars,lacito,,,,2
Hiw,,,-13.126367,166.584857,Alexandre François,,http://www.lattice.cnrs.fr/en/alexandre-francois/,,Hiw,,Hiw,"Austronesian, Oceanic",http://alex.francois.online.fr/img/AlexFrancois_Hammock-Hiw.jpg,http://alex.francois.online.fr/img/AlexF_Reading-Hiw-stories.jpg,,3,orange_blank,lattice,"&nbsp;<br/><a href=""http://www.lattice.cnrs.fr/en/alexandre-francois"" target=""_blank""><img src=""http://alex.francois.online.fr/img/logo_lattice2.png"" width=""50"" /></a>",2012_17 ; 2018_23,,4
Hung,,,18.78,104.77,Michel Ferlus,,https://en.wikipedia.org/wiki/Michel_Ferlus,,,http://lacito.vjf.cnrs.fr/pangloss/languages/Hung.php,Hung,Austroasiatic,,,,3,orange_blank,crlao,"<table border=0><tr><td rowspan=2><a href=""http://www.mica.edu.vn/en/"" target=""_blank""><img src=""https://upload.wikimedia.org/wikipedia/commons/f/fb/Logo-mica-transp.gif"" width=35 align=""left"" /></a>&nbsp;</td><td><a href=""http://www.mica.edu.vn/research-actions/au-co-project/"" target=""_blank""><img src=""http://www.mica.edu.vn/images/vignettes_actualites/auco_logo.jpg"" width=35 align=""bottom"" /></a></td></tr><tr><td><a href=""http://crlao.ehess.fr/"" target=""_blank""><img src=""http://alex.francois.online.fr/img/crlao_s.png"" width=35 align=""bottom"" /></a></td></tr></table>",,,3
Iaai,,,-20.6225,166.56166,Françoise Ozanne-Rivierre,ozanne,,,Iaai,,Iaai,"Austronesian, Oceanic",,,,2,orange_stars,lacito,,,,4
Ihanzu,,,-4.50,34.31,Margaret Dunham,dunham,,,Ihanzu,,Nyilamba,Bantu,,,,2,orange_stars,,,,,2
Ingush,ingouche,,43.22324,44.7727133,Françoise Guérin,guerin,,,Ingush,,,Nakh-Daghestanian,http://lacito.vjf.cnrs.fr/images/images_image_semaine/tejp590.jpg,,,1,wht_stars,lacito,,2012_17 ; 2018_23,,1
Iñupiaq,,,68.142471,-151.7352587,Marc-Antoine Mahieu,mahieu,,,,,,Eskimo-Aleut,,,,1,wht_stars,lacito,,2012_17 ; 2018_23,,5
Ixcatec,ixcatèque,,17.8537401,-97.1952307,Evangelia Adamou,adamou,,,Ixcatec,,Ixcatec,"Otomanguean, Popolocan",http://lacito.vjf.cnrs.fr/images/images_image_semaine/cours-ixcatec590.jpg,,,2,orange_stars,lacito,,2012_17 ; 2018_23,,5
Japhug,,,32.24,102.03,Guillaume Jacques,,http://crlao.ehess.fr/index.php?266,,Japhug,,Japhug,"ST, Tibeto-Burman",,,http://himalco.huma-num.fr/dictionaries/ViewDictionary.php?sortorder=sort_order.xml&choice=ipa&dict=japhug&lang1=eng&lang2=fra&langn=cmn,3,orange_blank,crlao,,,,3
Jawe,,,-20.658574,164.682775,Françoise Ozanne-Rivierre,ozanne,,,,http://corpusdelaparole.huma-num.fr/spip.php?article87,,"Austronesian, Oceanic",,,,1,wht_stars,lacito,,,,4
Jula,dioula,,10.6451681,-4.7908764,Julia Ogier-Guindo,ogier,,,Jula,,,Mande,http://lacito.vjf.cnrs.fr/images/images_image_semaine/griot590.jpg,,,1,wht_stars,lacito,,2012_17,,2
Kakabe,,,10.634472,-11.453847,Alexandra Vydrina,,,,,https://en.wikipedia.org/wiki/Kakabe_language,Kakabe,Mande,,,,2,orange_stars,lacito,,2018_23,,2
Kamang,,,-8.27,124.79,Antoinette Schapper,,http://www.kitlv.nl/researchers-schapper/,,,,,Timor-Alor-Pantar,,,,1,wht_stars,lacito,,2018_23,,4
Kapsiki,,,10.68,13.57,Véronique de Colombel,colombel,,,Kapsiki,,,"Afro-Asiatic, Chadic",,,,1,wht_stars,lacito,,,,2
Kei,,,-5.64,133.02,Antoinette Schapper,,http://www.kitlv.nl/researchers-schapper/,,,,,Austronesian,,,,1,wht_stars,lacito,,2018_23,,4
Kemak,,,-9.00,125.16,Antoinette Schapper,,http://www.kitlv.nl/researchers-schapper/,,,,,Austronesian,,,,1,wht_stars,lacito,,2018_23,,4
Ketama Berber,,berbère ketama,34.824214,-4.556306,Evgeniya Gutova,gutova,,,,https://en.wikipedia.org/wiki/Sanhaja_de_Srair_language,,"Afro-Asiatic, Berber",http://alex.francois.online.fr/lacito/img_lacito/Gutova_Ketama1.jpg,,,4,red_stars,lacito,,2012_17 ; 2018_23,"<a href=""http://lacito.vjf.cnrs.fr/membres/taine.htm"" target=""_blank"" style=""text-decoration: none"" >C. Taine-Cheikh</a>",2
Kha Phong,,,18.1187458,105.6236585,"Michel Ferlus, Trần Trí Dõi",,,"<a href=""https://en.wikipedia.org/wiki/Michel_Ferlus"" target=""_blank"" style=""text-decoration:none"">Michel Ferlus</a>,<br/><a href=""http://ussh.vnu.edu.vn/profile/tran-tri-doi"" target=""_blank"" style=""text-decoration:none"">Trần Trí Dõi</a>",,http://lacito.vjf.cnrs.fr/pangloss/languages/Maleng.php,Kha+Phong,Austroasiatic,,,,3,orange_blank,,"<table border=0><tr><td rowspan=2><a href=""http://www.mica.edu.vn/en/"" target=""_blank""><img src=""https://upload.wikimedia.org/wikipedia/commons/f/fb/Logo-mica-transp.gif"" width=28 align=""left"" /></a>&nbsp;</td><td><a href=""http://www.mica.edu.vn/research-actions/au-co-project/"" target=""_blank""><img src=""http://www.mica.edu.vn/images/vignettes_actualites/auco_logo.jpg"" width=28 /></a></td><td rowspan=2>&nbsp;<a href=""http://vnu.edu.vn/eng/"" target=""_blank""><img src=""https://upload.wikimedia.org/wikipedia/commons/c/ca/VNU.logo.jpg"" width=28 align=""right"" /></a></td></tr><tr><td><a href=""http://crlao.ehess.fr/"" target=""_blank""><img src=""http://alex.francois.online.fr/img/crlao_s.png"" width=28 /></a></td></tr></table>",,,3
Khaling,,,27.7,85.33,Aimée Lahaussois,,http://htl-test.linguist.univ-paris-diderot.fr/lahaussois,,Khaling,http://lacito.vjf.cnrs.fr/pangloss/languages/Khaling.php,Khaling,"ST, Tibeto-Burman",,,http://himalco.huma-num.fr/dictionaries/ViewDictionary.php?alphabet=ipa&dict=khaling&lang1=eng&langn=cmn&sortorder=sort_order.xml,3,orange_blank,,,,,3
Khasi,,,24.98,92.00,Anne Daladier,daladier,,,Khasi,,,"ST, Tibeto-Burman",,,,1,wht_stars,lacito,,2012_17,,3
Khmu,,,20.0,102.0,Michel Ferlus,,https://en.wikipedia.org/wiki/Michel_Ferlus,,,http://lacito.vjf.cnrs.fr/pangloss/languages/Tai.php,Khmu,Austroasiatic,,,,3,orange_blank,crlao,"<table border=0><tr><td rowspan=2><a href=""http://www.mica.edu.vn/en/"" target=""_blank""><img src=""https://upload.wikimedia.org/wikipedia/commons/f/fb/Logo-mica-transp.gif"" width=35 align=""left"" /></a>&nbsp;</td><td><a href=""http://www.mica.edu.vn/research-actions/au-co-project/"" target=""_blank""><img src=""http://www.mica.edu.vn/images/vignettes_actualites/auco_logo.jpg"" width=35 align=""bottom"" /></a></td></tr><tr><td><a href=""http://crlao.ehess.fr/"" target=""_blank""><img src=""http://alex.francois.online.fr/img/crlao_s.png"" width=35 align=""bottom"" /></a></td></tr></table>",,,3
Khün,,,19.9071656,99.830955,Michel Ferlus,,https://en.wikipedia.org/wiki/Michel_Ferlus,,,http://lacito.vjf.cnrs.fr/pangloss/languages/Tai.php,Kh%C3%BCn,Tai-Kadai,,,,3,orange_blank,crlao,"<table border=0><tr><td rowspan=2><a href=""http://www.mica.edu.vn/en/"" target=""_blank""><img src=""https://upload.wikimedia.org/wikipedia/commons/f/fb/Logo-mica-transp.gif"" width=35 align=""left"" /></a>&nbsp;</td><td><a href=""http://www.mica.edu.vn/research-actions/au-co-project/"" target=""_blank""><img src=""http://www.mica.edu.vn/images/vignettes_actualites/auco_logo.jpg"" width=35 align=""bottom"" /></a></td></tr><tr><td><a href=""http://crlao.ehess.fr/"" target=""_blank""><img src=""http://alex.francois.online.fr/img/crlao_s.png"" width=35 align=""bottom"" /></a></td></tr></table>",,,3
Kiamu,,,-2.284090,40.852104,Marie-Françoise Rombi,rombi,,,Swahili,,,Bantu,,,,1,wht_stars,lacito,,eldp,,2
Kikuyu,,,-1.171702,36.829058,Sarah Waigi,,,,,https://en.wikipedia.org/wiki/Kikuyu_language,,Bantu,,,,4,red_stars,lacito,,2012_17 ; 2018_23,"<a href=""http://lacito.vjf.cnrs.fr/membres/francois_en.htm"" target=""_blank"" style=""text-decoration: none"" >A. François</a>",2
Kokborok,,,23.8343999,91.2847053,François Jacquesson,jacquesson,,,Kokborok,,,"ST, Tibeto-Burman",http://lacito.vjf.cnrs.fr/images/images_image_semaine/udaipur_vieuxpalais590.jpg,,,1,wht_stars,lacito,,2012_17 ; 2018_23,,3
Kola,,,-5.49,134.59,Antoinette Schapper,,http://www.kitlv.nl/researchers-schapper/,,,,,Austronesian,,,,1,wht_stars,lacito,,2018_23,,4
Korean,coréen,,37.512563,126.945333,Christine Chabot,,,,,,,Koreanic,,,,4,red_stars,lacito,,2012_17 ; 2018_23,"<a href=""http://lacito.vjf.cnrs.fr/membres/choi.htm"" target=""_blank"" style=""text-decoration: none"" >I. Choi-Jonin</a>",2
Koro,,,-14.361091,167.464932,Alexandre François,,http://www.lattice.cnrs.fr/en/alexandre-francois/,,Koro,,Koro,"Austronesian, Oceanic",http://alex.francois.online.fr/img/AlexFrancois_Banabas-s.jpg,http://alex.francois.online.fr/photos/2003/data/images/af-b11-37_dolap_tatouage.jpg,,3,orange_blank,lattice,"&nbsp;<br/><a href=""http://www.lattice.cnrs.fr/en/alexandre-francois"" target=""_blank""><img src=""http://alex.francois.online.fr/img/logo_lattice2.png"" width=""50"" /></a>",2012_17 ; 2018_23,,4
Kotoko,,,11.56,14.99,Véronique de Colombel,colombel,,,Kotoko,,,"Afro-Asiatic, Chadic",,,,1,wht_stars,lacito,,,,2
Koyi Rai,,,27.7051,85.3157,Aimée Lahaussois,,http://htl-test.linguist.univ-paris-diderot.fr/lahaussois,,Koyi_Rai,,Koyi+Rai,"ST, Tibeto-Burman",,,,3,orange_blank,,,,,3
Krom Khmer,,,11.0,105.0,Marie-Alexandrine Martin,,,,,,Krom Khmer,Austroasiatic,,,,3,orange_blank,,,,,3
Kurdish,kurde,,36.76,45.72,Ergin Öpengin,opengin,,,Kurdish,,Kurde+central,"IE, Indo-Iranian",,,,2,orange_stars,lacito,,,"<a href=""http://lacito.vjf.cnrs.fr/membres/jacquesson.htm"" target=""_blank"" style=""text-decoration: none"" >F. Jacquesson</a>",2
Kuy,,,15.115208,105.824514,Michel Ferlus,,https://en.wikipedia.org/wiki/Michel_Ferlus,,,https://fr.wikipedia.org/wiki/Kuy,Kuy,Austroasiatic,,,,3,orange_blank,crlao,"<table border=0><tr><td rowspan=2><a href=""http://www.mica.edu.vn/en/"" target=""_blank""><img src=""https://upload.wikimedia.org/wikipedia/commons/f/fb/Logo-mica-transp.gif"" width=35 align=""left"" /></a>&nbsp;</td><td><a href=""http://www.mica.edu.vn/research-actions/au-co-project/"" target=""_blank""><img src=""http://www.mica.edu.vn/images/vignettes_actualites/auco_logo.jpg"" width=35 align=""bottom"" /></a></td></tr><tr><td><a href=""http://crlao.ehess.fr/"" target=""_blank""><img src=""http://alex.francois.online.fr/img/crlao_s.png"" width=35 align=""bottom"" /></a></td></tr></table>",,,3
Kwarandzey,korandjé,,29.4066477,-3.2591307,Lameen Souag,souag,,,Korandje,,,Songhay,,,,1,wht_stars,lacito,,2012_17 ; 2018_23,,2
Kwênyï,,,-22.666940,167.493998,Jean-Claude Rivierre,rivierre,,,Kwenyii,,Kwênyii,"Austronesian, Oceanic",,,,2,orange_stars,lacito,,,,4
Lahu,,,19.3667,98.9833,James A. Matisoff,,http://stedt.berkeley.edu/Matisoff/index.html,,Lahu,,Lahu,"ST, Tibeto-Burman",,,,3,orange_blank,,"&nbsp;<br/><a href=""http://www.linguistics.berkeley.edu/"" target=""_blank""><img src=""http://www.berkeley.edu/brand/img/seals/ucbseal_139_540.png"" width=""25"" /></a>",,,3
Lakon,,,-14.274484,167.428441,Alexandre François,,http://www.lattice.cnrs.fr/en/alexandre-francois/,,Lakon,,Lakon,"Austronesian, Oceanic",http://alex.francois.online.fr/photos/2003/data/images/af-b11-15_qetegaveg_conteuse.jpg,http://alex.francois.online.fr/photos/2003/data/images/af-b11-15_qetegaveg_conteuse.jpg,,3,orange_blank,lattice,"&nbsp;<br/><a href=""http://www.lattice.cnrs.fr/en/alexandre-francois"" target=""_blank""><img src=""http://alex.francois.online.fr/img/logo_lattice2.png"" width=""50"" /></a>",2012_17 ; 2018_23,,4
Lama,lamba,,9.950476,1.04425,Komi Simnara,simnara,,,,https://fr.wikipedia.org/wiki/Lama_(langue),,Gur,http://www.ncbrinneman.com/_/rsrc/1269533348926/the-lama-people/257768.jpg,http://www.ncbrinneman.com/_/rsrc/1269533337617/the-lama-people/257766.jpg,,4,red_stars,lacito,,2012_17 ; 2018_23,"<a href=""http://lacito.vjf.cnrs.fr/membres/naim.htm"" target=""_blank"" style=""text-decoration: none"" >S. Naïm</a> &amp; <a href=""http://llacan.vjf.cnrs.fr/p_boyeldieu_en.php"" target=""_blank"" style=""text-decoration: none"" >P. Boyeldieu</a>",2
Langi,,,-4.7089,35.9111,Margaret Dunham,dunham,,,Langi,,Langi,Bantu,,,,2,orange_stars,,,,,2
Laz,laze,,41.3520,41.3115,René Lacroix,lacroix,,,Laz,,Laze,South Caucasian,http://www.turkishclass.com/static/images/tc_pictures/upload/94/hemsin4_jpg_1.jpg,,,2,orange_stars,lacito,,2012_17 ; 2018_23,,1
Laze,lazé,,27.896003,101.371511,Alexis Michaud,michaud_en,,,Laze,,Laz%C3%A9,"ST, Tibeto-Burman",http://lacito.vjf.cnrs.fr/images/images_image_semaine/xiangjiao590.jpg,,,2,orange_stars,lacito,,2012_17 ; 2018_23,,3
Lebanon Bedouin Arabic,,arabe bédouin du Liban,34.007055,36.197328,Igor Younès,younes,,,,,,"Afro-Asiatic, Semitic",https://cevengur.files.wordpress.com/2013/11/chatty_bedouin_0.jpg,,,4,red_stars,lacito,,2012_17 ; 2018_23,"<a href=""http://lacito.vjf.cnrs.fr/membres/naim.htm"" target=""_blank"" style=""text-decoration: none"" >S. Naïm</a>",2
Lehali,,,-13.5461,167.2929,Alexandre François,,http://www.lattice.cnrs.fr/en/alexandre-francois/,,Lehali,,Lehali,"Austronesian, Oceanic",,,,3,orange_blank,lattice,"&nbsp;<br/><a href=""http://www.lattice.cnrs.fr/en/alexandre-francois"" target=""_blank""><img src=""http://alex.francois.online.fr/img/logo_lattice2.png"" width=""50"" /></a>",2012_17 ; 2018_23,,4
Lemerig,,,-13.78407,167.40709,Alexandre François,,http://www.lattice.cnrs.fr/en/alexandre-francois/,,Lemerig,,Lemerig,"Austronesian, Oceanic",http://alex.francois.online.fr/img/AlexFrancois_Lemerig-stories.jpg,,,3,orange_blank,lattice,"&nbsp;<br/><a href=""http://www.lattice.cnrs.fr/en/alexandre-francois"" target=""_blank""><img src=""http://alex.francois.online.fr/img/logo_lattice2.png"" width=""50"" /></a>",2012_17 ; 2018_23,,4
Levant Arabic,,arabe oriental,33.8886272,35.4779269,Samia Naïm,naim,,,Levant_Arabic,,,"Afro-Asiatic, Semitic",,,,1,wht_stars,lacito,,2012_17,,2
Libyan Arabic,,arabe libyen,32.120940,20.066231,Aisha Saad,,,,,,,"Afro-Asiatic, Semitic",,,,4,red_stars,lacito,,2012_17 ; 2018_23,"<a href=""http://lacito.vjf.cnrs.fr/membres/naim.htm"" target=""_blank"" style=""text-decoration: none"" >S. Naïm</a>",2
Limbu,,,27.3333,87.6666,Boyd Michailovsky,michailovsky,,,Limbu,,Limbu,"ST, Tibeto-Burman",,,http://lacito.vjf.cnrs.fr/pangloss/dictionaries/limbu/,2,orange_stars,lacito,,2012_17,,3
Lizu,,,28.332134,101.3587207,Katia Chirkova,,http://crlao.ehess.fr/index.php?490,,,https://en.wikipedia.org/wiki/Lizu_language,Lizu,"ST, Tibeto-Burman",,,,3,orange_blank,crlao,,2012_17 ; 2018_23,,3
Lo-Toga,,,-13.430968,166.702294,Alexandre François,,http://www.lattice.cnrs.fr/en/alexandre-francois/,,Lo-Toga,,Lo-Toga,"Austronesian, Oceanic",http://alex.francois.online.fr/img/AlexF_library_s.jpg,,http://alex.francois.online.fr/AF-dict-Lo-Toga_e.htm,3,orange_blank,lattice,"&nbsp;<br/><a href=""http://www.lattice.cnrs.fr/en/alexandre-francois"" target=""_blank""><img src=""http://alex.francois.online.fr/img/logo_lattice2.png"" width=""50"" /></a>",2012_17 ; 2018_23,,4
Lovono,,,-11.610434,166.801348,Alexandre François,,http://www.lattice.cnrs.fr/en/alexandre-francois/,,Lovono,,Lovono,"Austronesian, Oceanic",,,,3,orange_blank,lattice,"&nbsp;<br/><a href=""http://www.lattice.cnrs.fr/en/alexandre-francois"" target=""_blank""><img src=""http://alex.francois.online.fr/img/logo_lattice2.png"" width=""50"" /></a>",2012_17 ; 2018_23,,4
Löyöp,,,-13.54383,167.3393,Alexandre François,,http://www.lattice.cnrs.fr/en/alexandre-francois/,,Loyop,,Löyöp,"Austronesian, Oceanic",,,,3,orange_blank,lattice,"&nbsp;<br/><a href=""http://www.lattice.cnrs.fr/en/alexandre-francois"" target=""_blank""><img src=""http://alex.francois.online.fr/img/logo_lattice2.png"" width=""50"" /></a>",2012_17 ; 2018_23,,4
Lumbu,,,-2.910204,10.990065,Léa Ghislaine Gamille,,,,,http://glottolog.org/resource/languoid/id/lumb1249,,Bantu,,,,5,red_blank,lacito,,2012_17,"<a href=""http://lacito.vjf.cnrs.fr/membres/kabore.htm"" target=""_blank"" style=""text-decoration: none"" >Stg K. Kabore</a>",2
Ly Hà,,,18.194619,104.974500,Michel Ferlus,,https://en.wikipedia.org/wiki/Michel_Ferlus,,,https://lacito.vjf.cnrs.fr/pangloss/languages/Hung.php,Lyha,Austroasiatic,,,,3,orange_blank,crlao,"<table border=0><tr><td rowspan=2><a href=""http://www.mica.edu.vn/en/"" target=""_blank""><img src=""https://upload.wikimedia.org/wikipedia/commons/f/fb/Logo-mica-transp.gif"" width=35 align=""left"" /></a>&nbsp;</td><td><a href=""http://www.mica.edu.vn/research-actions/au-co-project/"" target=""_blank""><img src=""http://www.mica.edu.vn/images/vignettes_actualites/auco_logo.jpg"" width=35 align=""bottom"" /></a></td></tr><tr><td><a href=""http://crlao.ehess.fr/"" target=""_blank""><img src=""http://alex.francois.online.fr/img/crlao_s.png"" width=35 align=""bottom"" /></a></td></tr></table>",,,3
Lyngam,,,25.35,91.05,Anne Daladier,daladier,,,Lyngam,,Lyngam,Austroasiatic,,,,2,orange_stars,lacito,,2012_17,,3
Mada,,,10.88,14.11,Véronique de Colombel,colombel,,,Mada,,,"Afro-Asiatic, Chadic",,,,1,wht_stars,lacito,,,,2
Mafa,,,10.942,13.82,Véronique de Colombel,colombel,,,Mafa,,,"Afro-Asiatic, Chadic",,,,1,wht_stars,lacito,,,,2
Maghrebi Arabic,,arabe maghrébin,36.1728973,1.3215973,"Catherine Taine-Cheikh, Lameen Souag",,,"<a href=""http://lacito.vjf.cnrs.fr/membres/souag.htm"" target=""_blank"" style=""text-decoration:none"">Lameen Souag</a>,<br/><a href=""http://lacito.vjf.cnrs.fr/membres/taine.htm"" target=""_blank"" style=""text-decoration:none"">Catherine Taine-Cheikh</a>",Maghrebin_Arabic,,,"Afro-Asiatic, Semitic",,,,1,wht_stars,lacito,,2012_17 ; 2018_23,,2
Magumaz,magoumaz,,10.982,13.86,Véronique de Colombel,colombel,,,Magoumaz,,,"Afro-Asiatic, Chadic",,,,1,wht_stars,lacito,,,,2
Malang,,,19.357812,101.774273,Michel Ferlus,,https://en.wikipedia.org/wiki/Michel_Ferlus,,,http://lacito.vjf.cnrs.fr/pangloss/languages/Maleng.php,Malang,Austroasiatic,,,,3,orange_blank,crlao,"<table border=0><tr><td rowspan=2><a href=""http://www.mica.edu.vn/en/"" target=""_blank""><img src=""https://upload.wikimedia.org/wikipedia/commons/f/fb/Logo-mica-transp.gif"" width=35 align=""left"" /></a>&nbsp;</td><td><a href=""http://www.mica.edu.vn/research-actions/au-co-project/"" target=""_blank""><img src=""http://www.mica.edu.vn/images/vignettes_actualites/auco_logo.jpg"" width=35 align=""bottom"" /></a></td></tr><tr><td><a href=""http://crlao.ehess.fr/"" target=""_blank""><img src=""http://alex.francois.online.fr/img/crlao_s.png"" width=35 align=""bottom"" /></a></td></tr></table>",,,3
Maleng,,,17.91,105.53,Michel Ferlus,,https://en.wikipedia.org/wiki/Michel_Ferlus,,,http://lacito.vjf.cnrs.fr/pangloss/languages/Maleng.php,Maleng,Austroasiatic,,,,3,orange_blank,crlao,"<table border=0><tr><td rowspan=2><a href=""http://www.mica.edu.vn/en/"" target=""_blank""><img src=""https://upload.wikimedia.org/wikipedia/commons/f/fb/Logo-mica-transp.gif"" width=35 align=""left"" /></a>&nbsp;</td><td><a href=""http://www.mica.edu.vn/research-actions/au-co-project/"" target=""_blank""><img src=""http://www.mica.edu.vn/images/vignettes_actualites/auco_logo.jpg"" width=35 align=""bottom"" /></a></td></tr><tr><td><a href=""http://crlao.ehess.fr/"" target=""_blank""><img src=""http://alex.francois.online.fr/img/crlao_s.png"" width=35 align=""bottom"" /></a></td></tr></table>",,,3
Maleng Brô,,,17.569661,105.366692,Michel Ferlus,,https://en.wikipedia.org/wiki/Michel_Ferlus,,,http://lacito.vjf.cnrs.fr/pangloss/languages/Maleng.php,Maleng+Br%C3%B4,Austroasiatic,,,,3,orange_blank,crlao,"<table border=0><tr><td rowspan=2><a href=""http://www.mica.edu.vn/en/"" target=""_blank""><img src=""https://upload.wikimedia.org/wikipedia/commons/f/fb/Logo-mica-transp.gif"" width=35 align=""left"" /></a>&nbsp;</td><td><a href=""http://www.mica.edu.vn/research-actions/au-co-project/"" target=""_blank""><img src=""http://www.mica.edu.vn/images/vignettes_actualites/auco_logo.jpg"" width=35 align=""bottom"" /></a></td></tr><tr><td><a href=""http://crlao.ehess.fr/"" target=""_blank""><img src=""http://alex.francois.online.fr/img/crlao_s.png"" width=35 align=""bottom"" /></a></td></tr></table>",,,3
Malieng,,,18.1703985,105.708316,"Michel Ferlus, Trần Trí Dõi",,,"<a href=""https://en.wikipedia.org/wiki/Michel_Ferlus"" target=""_blank"" style=""text-decoration:none"">Michel Ferlus</a>,<br/><a href=""http://ussh.vnu.edu.vn/profile/tran-tri-doi"" target=""_blank"" style=""text-decoration:none"">Trần Trí Dõi</a>",,http://lacito.vjf.cnrs.fr/pangloss/languages/Maleng.php,Malieng,Austroasiatic,,,,3,orange_blank,,"<table border=0><tr><td rowspan=2><a href=""http://www.mica.edu.vn/en/"" target=""_blank""><img src=""https://upload.wikimedia.org/wikipedia/commons/f/fb/Logo-mica-transp.gif"" width=28 align=""left"" /></a>&nbsp;</td><td><a href=""http://www.mica.edu.vn/research-actions/au-co-project/"" target=""_blank""><img src=""http://www.mica.edu.vn/images/vignettes_actualites/auco_logo.jpg"" width=28 /></a></td><td rowspan=2>&nbsp;<a href=""http://vnu.edu.vn/eng/"" target=""_blank""><img src=""https://upload.wikimedia.org/wikipedia/commons/c/ca/VNU.logo.jpg"" width=28 align=""right"" /></a></td></tr><tr><td><a href=""http://crlao.ehess.fr/"" target=""_blank""><img src=""http://alex.francois.online.fr/img/crlao_s.png"" width=28 /></a></td></tr></table>",,,3
Mandarin Chinese,,chinois mandarin,40.02,116.23,Maurice Coyaud,coyaud,,,,,,Sino-Tibetan,,,,1,wht_stars,lacito,,,,3
Mangarevan,mangarévien,,-23.121,-134.971,"J.-M. Charpentier, A. François",,,"<a href=""http://lacito.vjf.cnrs.fr/membres/charpentier.htm"" target=""_blank"" style=""text-decoration:none"">J.-M. Charpentier</a>,<br/><a href=""http://lattice.cnrs.fr/Francois-Alexandre"" target=""_blank"" style=""text-decoration:none"">Alexandre François</a>",,http://lacito.vjf.cnrs.fr/vient-de-paraitre/charpentier-francois_atlas.htm,,"Austronesian, Oceanic",http://lacito.vjf.cnrs.fr/images/images_vient-de-paraitre/atlas-polynesie-450.jpg,,http://alex.francois.online.fr/AF-LAFP_e.htm,1,wht_stars,lacito,,2012_17,,4
Mankon,,,10.1,6,Jacqueline Leroy,leroy,,,Mankon,,Mankon,Grassfields Bantu,,,,2,orange_stars,lacito,,,,2
Maore,maorais,,-12.78711,45.22161,Marie-Françoise Rombi,rombi,,,Maore,,Maore,Bantu,,,,2,orange_stars,lacito,,,,2
Marquesan,marquisien,,-9.801931,-139.039,"J.-M. Charpentier, A. François",,,"<a href=""http://lacito.vjf.cnrs.fr/membres/charpentier.htm"" target=""_blank"" style=""text-decoration:none"">J.-M. Charpentier</a>,<br/><a href=""http://lattice.cnrs.fr/Francois-Alexandre"" target=""_blank"" style=""text-decoration:none"">Alexandre François</a>",,http://lacito.vjf.cnrs.fr/vient-de-paraitre/charpentier-francois_atlas.htm,,"Austronesian, Oceanic",http://lacito.vjf.cnrs.fr/images/images_vient-de-paraitre/atlas-polynesie-450.jpg,,http://alex.francois.online.fr/AF-LAFP_e.htm,1,wht_stars,lacito,,2012_17,,4
Mazahua,,,19.599084,-100.082477,Miriam Ortiz-Torres,,,,,https://en.wikipedia.org/wiki/Mazahua_language,,"Otomanguean, Otopamean",http://alex.francois.online.fr/lacito/img_lacito/Ortiz_terrain_mazahua.jpg,,,4,red_stars,lacito,,2012_17 ; 2018_23,"<a href=""http://lacito.vjf.cnrs.fr/membres/guerin.htm"" target=""_blank"" style=""text-decoration: none"" >F. Guérin</a>",5
Mberewi,,,5.98,10.15,Jacqueline Leroy,leroy,,,Mberewi,,,Grassfields Bantu,,,,1,wht_stars,lacito,,,,2
Mbreme,mbrémé,,10.95,14.21,Véronique de Colombel,colombel,,,Mbreme,,,"Afro-Asiatic, Chadic",,,,1,wht_stars,lacito,,,,2
Mbugwe,,,-3.76,35.81,Margaret Dunham,dunham,,,Mbugwe,,Mbugwe,Bantu,,,,2,orange_stars,,,,,2
Mbui,,,6.11,10.22,Jacqueline Leroy,leroy,,,Mbui,,,Grassfields Bantu,,,,1,wht_stars,lacito,,,,2
Mbwe'wi,,,5.88,10.26,Jacqueline Leroy,leroy,,,Mbwe_wi,,,Grassfields Bantu,,,,1,wht_stars,lacito,,,,2
Mefele,méfélé,,10.94,13.82,Véronique de Colombel,colombel,,,Mefele,,,"Afro-Asiatic, Chadic",,,,1,wht_stars,lacito,,,,2
Mexican Spanish,,espagnol du Mexique,19.302778,-99.4362998,Yekaterina Garcia Markina,,,,,,,"IE, Romance",,,,5,red_blank,lacito,,2012_17,"<a href=""http://lacito.vjf.cnrs.fr/membres/rebuschi.htm"" target=""_blank"" style=""text-decoration: none"" >G. Rebuschi</a>",5
Meyor,,,28.132644,97.022356,François Jacquesson,jacquesson,,,Meyor,,,"ST, Tibeto-Burman",,,,1,wht_stars,lacito,,2012_17 ; 2018_23,,3
Mian,,,-5.133358,141.632221,Sebastian Fedden,,http://sydney.edu.au/arts/linguistics/staff/profiles/sebastian.fedden.php,,,https://en.wikipedia.org/wiki/Mian_language,,Trans–New Guinea,http://www.smg.surrey.ac.uk/media/1041/mian2.jpg,,,1,wht_stars,lacito,,2012_17 ; 2018_23,,4
Miju,,,27.965826,96.650484,François Jacquesson,jacquesson,,,Miju,,,"ST, Tibeto-Burman",http://lacito.vjf.cnrs.fr/images/images_image_semaine/miju_1000.jpg,,,1,wht_stars,lacito,,2012_17 ; 2018_23,,3
Minyanka,,,13.0001,-5.30,Sékou Coulibaly,,,,,,,"Gur, Senufo",https://scontent-cdg2-1.xx.fbcdn.net/v/t1.0-9/51119365_540855489770079_9202956090201866240_n.jpg?_nc_cat=106&_nc_ht=scontent-cdg2-1.xx&oh=4f39bb720e2e16d852146894f5695199&oe=5D369183,,,4,red_stars,lacito,,2012_17 ; 2018_23,"<a href=""http://lacito.vjf.cnrs.fr/membres/choi.htm"" target=""_blank"" style=""text-decoration: none"" >I. Choi-Jonin</a> &amp; <a href=""http://llacan.vjf.cnrs.fr/p_vydrin_en.php"" target=""_blank"" style=""text-decoration: none"" >V. Vydrin</a>",2
Mizo,,,23.727,92.718,Edward Hillard,,,,Mizo,,Mizo,"ST, Tibeto-Burman",,,,3,orange_blank,,,,,3
Mongsen Ao,,,26.086415,94.504064,Alexander Coupe,,http://research.ntu.edu.sg/expertise/academicprofile/Pages/StaffProfile.aspx?ST_EMAILID=ARCoupe,,,https://en.wikipedia.org/wiki/Mongsen_Ao_language,Ao,"ST, Tibeto-Burman",,,,3,orange_blank,,"<a href=""http://www.soh.ntu.edu.sg/Programmes/linguistics/Pages/Home.aspx"" target=""_blank""><img src=""http://www3.ntu.edu.sg/cits2/maintenance/img/logo/hires_logo_bw_school.jpg"" height=""25"" /></a>",2018_23,,3
Mopiu,,,(garder hors carte),,Alice Vittrant,vittrant,22.055439,104.0188143,Mopiu,,,Hmong-Mien,http://lacito.vjf.cnrs.fr/images/images_image_semaine/paysageMoPiu590.jpg,,,1,wht_stars,lacito,,2012_17,,3
Mora,,,11.32,13.90,Véronique de Colombel,colombel,,,Mora,,,"Afro-Asiatic, Chadic",,,,1,wht_stars,lacito,,,,2
Mossi,mooré,,12.365851,-1.5314707,Sû-tôôg-nooma Kukka Kabore,kabore,,,,,,Gur,,,,1,wht_stars,lacito,,,,2
Mota,,,-13.8345,167.685298,Alexandre François,,http://www.lattice.cnrs.fr/en/alexandre-francois/,,Mota,,Mota,"Austronesian, Oceanic",,,,3,orange_blank,lattice,"&nbsp;<br/><a href=""http://www.lattice.cnrs.fr/en/alexandre-francois"" target=""_blank""><img src=""http://alex.francois.online.fr/img/logo_lattice2.png"" width=""50"" /></a>",2012_17 ; 2018_23,,4
Muktele,mouktélé,,10.93,14.05,Véronique de Colombel,colombel,,,Mouktele,,,"Afro-Asiatic, Chadic",,,,1,wht_stars,lacito,,,,2
Mường,muong,,21.088491,105.022693,Nguyễn Minh Châu,nguyen,,,,,,Austroasiatic,,,,4,red_stars,lacito,,2012_17 ; 2018_23,"<a href=""http://lacito.vjf.cnrs.fr/membres/michaud_en.htm"" target=""_blank"" style=""text-decoration: none"" >A. Michaud</a>",3
Mường,,,20.6861265,105.3131185,"Michel Ferlus, Trần Trí Dõi",,,"<a href=""https://en.wikipedia.org/wiki/Michel_Ferlus"" target=""_blank"" style=""text-decoration:none"">Michel Ferlus</a>,<br/><a href=""http://ussh.vnu.edu.vn/profile/tran-tri-doi"" target=""_blank"" style=""text-decoration:none"">Trần Trí Dõi</a>",,http://lacito.vjf.cnrs.fr/pangloss/languages/Muong.php,M%C6%B0%E1%BB%9Dng,Austroasiatic,,,,3,orange_blank,,"<table border=0><tr><td rowspan=2><a href=""http://www.mica.edu.vn/en/"" target=""_blank""><img src=""https://upload.wikimedia.org/wikipedia/commons/f/fb/Logo-mica-transp.gif"" width=28 align=""left"" /></a>&nbsp;</td><td><a href=""http://www.mica.edu.vn/research-actions/au-co-project/"" target=""_blank""><img src=""http://www.mica.edu.vn/images/vignettes_actualites/auco_logo.jpg"" width=28 /></a></td><td rowspan=2>&nbsp;<a href=""http://vnu.edu.vn/eng/"" target=""_blank""><img src=""https://upload.wikimedia.org/wikipedia/commons/c/ca/VNU.logo.jpg"" width=28 align=""right"" /></a></td></tr><tr><td><a href=""http://crlao.ehess.fr/"" target=""_blank""><img src=""http://alex.francois.online.fr/img/crlao_s.png"" width=28 /></a></td></tr></table>",,,3
Muyang,mouyang,,10.86,14.21,Véronique de Colombel,colombel,,,Mouyang,,,"Afro-Asiatic, Chadic",,,,1,wht_stars,lacito,,,,2
Mwerlap,,,-14.4412808,168.0381,Agnès Henri,henri,,"<a href=""http://lacito.vjf.cnrs.fr/membres/francois.htm"" target=""_blank"" style=""text-decoration:none"">Alexandre François</a>,<br/><a href=""http://lacito.vjf.cnrs.fr/membres/henri.htm"" target=""_blank"" style=""text-decoration:none"">Agnès Henri</a>",Mwerlap,,Mwerlap,"Austronesian, Oceanic",http://www.maisondesculturesdumonde.org/sites/default/files/album_photos/8._ms_femmes_bambous_pilonnants_mere_lava.jpg,,,3,orange_blank,lattice,"<a href=""http://www.lattice.cnrs.fr/en/alexandre-francois"" target=""_blank""><img src=""http://alex.francois.online.fr/img/logo_lattice2.png"" width=""50"" /></a> &nbsp; <a href=""http://lacito.vjf.cnrs.fr/index_en.htm"" target=""_blank""><img src=""https://upload.wikimedia.org/wikipedia/commons/4/48/Logo-LACITO-CNRS_large.png"" width=""70"" /></a>",2012_17 ; 2018_23,,4
Mwesen,,,-13.90,167.5381,Alexandre François,,http://www.lattice.cnrs.fr/en/alexandre-francois/,,Mwesen,,Mwesen,"Austronesian, Oceanic",http://alex.francois.online.fr/img/AlexFrancois_Mwesen_last-speakers.jpg,,,3,orange_blank,lattice,"&nbsp;<br/><a href=""http://www.lattice.cnrs.fr/en/alexandre-francois"" target=""_blank""><img src=""http://alex.francois.online.fr/img/logo_lattice2.png"" width=""50"" /></a>",2012_17 ; 2018_23,,4
Mwotlap,,,-13.707631,167.624159,Alexandre François,,http://www.lattice.cnrs.fr/en/alexandre-francois/,,Mwotlap,,Mwotlap,"Austronesian, Oceanic",http://alex.francois.online.fr/photos/2005/data/images/dsc04064.jpg,http://alex.francois.online.fr/img/kolkol.jpg,http://alex.francois.online.fr/AF-dict-Mwotlap_e.htm,3,orange_blank,lattice,"&nbsp;<br/><a href=""http://www.lattice.cnrs.fr/en/alexandre-francois"" target=""_blank""><img src=""http://alex.francois.online.fr/img/logo_lattice2.png"" width=""50"" /></a>",2012_17 ; 2018_23,,4
Na,,,27.7665256,100.654125,Alexis Michaud,michaud_en,,,Na,,Na,"ST, Tibeto-Burman",http://lacito.vjf.cnrs.fr/images/images_image_semaine/chine_fvkho590.jpg,,http://himalco.huma-num.fr/dictionaries/SelectDictionary.php?dict=na,2,orange_stars,lacito,,2012_17 ; 2018_23,,3
Na-našu (Acquaviva Collecroce),,,41.867486,14.7457972,Walter Breu,,http://www.uni-konstanz.de/FuF/Philo/Sprachwiss/slavistik/breu/index.html,,,http://lacito.vjf.cnrs.fr/pangloss/languages/Na_Nasu_en.php,Na-na%C5%A1u&lieu=Acquaviva,"IE, Slavic",,,,3,orange_blank,,"<a href=""http://www.uni-konstanz.de/en/welcome/"" target=""_blank""><img src=""http://www.uni-konstanz.de/FuF/Philo/Sprachwiss/slavistik/breu/unilogo.gif"" width=""30"" /></a>",2012_17,,1
Na-našu (Montemitro),,,41.8886232,14.6443604,Walter Breu,,http://www.uni-konstanz.de/FuF/Philo/Sprachwiss/slavistik/breu/index.html,,,http://lacito.vjf.cnrs.fr/pangloss/languages/Na_Nasu_en.php,Na-na%C5%A1u&lieu=Montemitro,"IE, Slavic",,,,3,orange_blank,,"<a href=""http://www.uni-konstanz.de/en/welcome/"" target=""_blank""><img src=""http://www.uni-konstanz.de/FuF/Philo/Sprachwiss/slavistik/breu/unilogo.gif"" width=""30"" /></a>",2012_17,,1
Na-našu (San Felice del Molise),,,41.891191,14.700432,Walter Breu,,http://www.uni-konstanz.de/FuF/Philo/Sprachwiss/slavistik/breu/index.html,,,http://lacito.vjf.cnrs.fr/pangloss/languages/Na_Nasu_en.php,Na-na%C5%A1u&lieu=San+Felice,"IE, Slavic",,,,3,orange_blank,,"<a href=""http://www.uni-konstanz.de/en/welcome/"" target=""_blank""><img src=""http://www.uni-konstanz.de/FuF/Philo/Sprachwiss/slavistik/breu/unilogo.gif"" width=""30"" /></a>",2012_17,,1
Nalögo,,,-10.784402,166.048335,Valentina Alfarano,,,,,,,"Austronesian, Oceanic",,,,4,red_stars,lacito,,2012_17 ; 2018_23,"<a href=""http://lacito.vjf.cnrs.fr/membres/bril.htm"" target=""_blank"" style=""text-decoration: none"" >I. Bril</a>",4
Namakura,,,-17.021849,168.586846,Sandrine Bessis,,,,,,,"Austronesian, Oceanic",,,,4,red_stars,lacito,,2012_17 ; 2018_23,"<a href=""http://lacito.vjf.cnrs.fr/membres/francois_en.htm"" target=""_blank"" style=""text-decoration: none"" >A. François</a>",4
Nashta,,,40.745407,22.977908,Evangelia Adamou,adamou,,,Nashta,,Nashta,"IE, Slavic",http://lacito.vjf.cnrs.fr/images/images_image_semaine/liti590.jpg,,,2,orange_stars,lacito,,2012_17 ; 2018_23,,1
Naxi,,,26.807,100.299,"Alexis Michaud, Emmanuelle Laurent",michaud_en,,"<a href=""http://lacito.vjf.cnrs.fr/membres/michaud_en.htm"" target=""_blank"" style=""text-decoration:none"">Alexis Michaud</a>, <br/><a href=""http://lacito.vjf.cnrs.fr/membres/laurent.htm"" target=""_blank"" style=""text-decoration:none"">Emmanuelle Laurent</a>",,http://lacito.vjf.cnrs.fr/pangloss/languages/Naxi.php,Naxi,"ST, Tibeto-Burman",http://lacito.huma-num.fr/files/original/8/31/laurent_vieille-appelant_1000.1.jpg,http://lacito.vjf.cnrs.fr/images/images_image_semaine/yongning590.jpg,,2,orange_stars,lacito,,2012_17 ; 2018_23,,3
Nedebang,,,-8.29,124.19,Antoinette Schapper,,http://www.kitlv.nl/researchers-schapper/,,,,,Timor-Alor-Pantar,,,,1,wht_stars,lacito,,2018_23,,4
Nêlêmwa,,,-20.13333,164.01667,Isabelle Bril,bril,,,Nelemwa,,Nêlêmwa,"Austronesian, Oceanic",,,,2,orange_stars,lacito,,2012_17 ; 2018_23,,4
Nemi,,,-20.712572,164.8138553,Françoise Ozanne-Rivierre,ozanne,,,Nemi,,Nemi,"Austronesian, Oceanic",http://lacito.vjf.cnrs.fr/images/images_image_semaine/banian590.jpg,,,2,orange_stars,lacito,,,,4
Nengone,maré,,-21.476609,168.025943,Suzie Bearune,,,,,http://glottolog.org/resource/languoid/id/neng1238,,"Austronesian, Oceanic",,,,5,red_blank,lacito,,2012_17,"<a href=""http://lacito.vjf.cnrs.fr/membres/moyse.htm"" target=""_blank"" style=""text-decoration: none"" >C. Moyse</a>",4
Nepali,népali,,29.04,80.96,"Marie Lecomte-Tilouine (Himalaya), Boyd Michailovsky",,,"<a href=""http://lacito.vjf.cnrs.fr/membres/michailovsky.htm"" target=""_blank"" style=""text-decoration:none"">Boyd Michailovsky</a>,<br/><a href=""http://www.vjf.cnrs.fr/himalaya/fr/membres/mlecomte.htm"" target=""_blank"" style=""text-decoration:none"">Marie Lecomte-Tilouine</a>",Nepali,,Nepali,"IE, Indo-Aryan",http://lacito.vjf.cnrs.fr/images/images_image_semaine/acham_ardoise590.jpg,,,2,orange_stars,,,,,3
Ngazidja,grand-comorien,,-11.6667,43.2667,Marie-Françoise Rombi,rombi,,,Ngazidja,,Ngazidja,Bantu,http://lacito.vjf.cnrs.fr/images/images_image_semaine/moroni590.jpg,,,2,orange_stars,lacito,,,,2
Nkwen,,,6.00,10.23,Jacqueline Leroy,leroy,,,Nkwen,,,Grassfields Bantu,,,,1,wht_stars,lacito,,,,2
North Baffin Inuktitut,,inuktitut du Nord de Baffin,69.3749299,-81.8040917,Vladimir Randa,randa,,,Inuktitut,,,Eskimo-Aleut,http://lacito.vjf.cnrs.fr/images/images_image_semaine/crepuscule2_590.jpg,,,1,wht_stars,lacito,,2012_17,,5
Northeast Mandarin,,mandarin du nord-est,41.805699,123.431472,Tán Sòng – 谭颂,,,,,https://en.wikipedia.org/wiki/Northeastern_Mandarin,,Sino-Tibetan,https://upload.wikimedia.org/wikipedia/commons/thumb/f/f3/Shenyang_Zhongjie.jpg/640px-Shenyang_Zhongjie.jpg,,,4,red_stars,lacito,,2012_17 ; 2018_23,"<a href=""http://lacito.vjf.cnrs.fr/membres/guerin.htm"" target=""_blank"" style=""text-decoration: none"" >F. Guérin</a> &amp; <a href=""http://crlao.ehess.fr/index.php?664"" target=""_blank"" style=""text-decoration: none"" >Qi Chong</a>",3
Nume,,,-14.2305,167.5958,Alexandre François,,http://www.lattice.cnrs.fr/en/alexandre-francois/,,Nume,,Nume,"Austronesian, Oceanic",http://alex.francois.online.fr/photos/2003/data/images/af-b09-19_tarasag_peche_archers.jpg,,,3,orange_blank,lattice,"&nbsp;<br/><a href=""http://www.lattice.cnrs.fr/en/alexandre-francois"" target=""_blank""><img src=""http://alex.francois.online.fr/img/logo_lattice2.png"" width=""50"" /></a>",2012_17 ; 2018_23,,4
Numèè,,,-22.187084,166.9732763,Jean-Claude Rivierre,rivierre,,,Numee,,Numèè,"Austronesian, Oceanic",,,,2,orange_stars,lacito,,,,4
Nunavik inuktitut,,inuktitut du Nunavik,58.1097508,-68.4045057,Marc-Antoine Mahieu,mahieu,,,Inuktitut,,,Eskimo-Aleut,,,,1,wht_stars,lacito,,2012_17 ; 2018_23,,5
Nyaheun,,,15.131,105.9075,Michel Ferlus,,https://en.wikipedia.org/wiki/Michel_Ferlus,,,http://lacito.vjf.cnrs.fr/pangloss/languages/AA_Ferlus.php,Nyaheun,Austroasiatic,,,,3,orange_blank,crlao,"<table border=0><tr><td rowspan=2><a href=""http://www.mica.edu.vn/en/"" target=""_blank""><img src=""https://upload.wikimedia.org/wikipedia/commons/f/fb/Logo-mica-transp.gif"" width=35 align=""left"" /></a>&nbsp;</td><td><a href=""http://www.mica.edu.vn/research-actions/au-co-project/"" target=""_blank""><img src=""http://www.mica.edu.vn/images/vignettes_actualites/auco_logo.jpg"" width=35 align=""bottom"" /></a></td></tr><tr><td><a href=""http://crlao.ehess.fr/"" target=""_blank""><img src=""http://alex.francois.online.fr/img/crlao_s.png"" width=35 align=""bottom"" /></a></td></tr></table>",,,3
Nyelâyu,,,-20.309681,164.4993583,Françoise Ozanne-Rivierre,ozanne,,,,http://corpusdelaparole.huma-num.fr/spip.php?article84,,"Austronesian, Oceanic",,,,1,wht_stars,lacito,,,,4
Nyilamba,,,-4.800207,34.770355,Margaret Dunham,dunham,,,Nyilamba,,Nyilamba,Bantu,http://lacito.vjf.cnrs.fr/images/images_image_semaine/tanzanie590.jpg,,,2,orange_stars,,,,,2
Oaxaca Romani,,romani d'Oaxaca,17.053555,-96.7155037,Evangelia Adamou,adamou,,,Romani,,,"IE, Indo-Aryan",,,,1,wht_stars,lacito,,2012_17 ; 2018_23,,5
Occitan,,,44.007785,3.158205,James Costa,costa_en,,,,https://en.wikipedia.org/wiki/Occitan_language,,"IE, Romance",https://upload.wikimedia.org/wikipedia/commons/thumb/e/eb/Rue_des_Marchands_%28Toulouse%29_-_Plaques.jpg/412px-Rue_des_Marchands_%28Toulouse%29_-_Plaques.jpg,,,1,wht_stars,lacito,,2012_17 ; 2018_23,,1
Olrat,,,-14.309567,167.433084,Alexandre François,,http://www.lattice.cnrs.fr/en/alexandre-francois/,,Olrat,,Olrat,"Austronesian, Oceanic",http://alex.francois.online.fr/photos/2003/data/images/af-b11-20_qetegaveg_panier.jpg,,,3,orange_blank,lattice,"&nbsp;<br/><a href=""http://www.lattice.cnrs.fr/en/alexandre-francois"" target=""_blank""><img src=""http://alex.francois.online.fr/img/logo_lattice2.png"" width=""50"" /></a>",2012_17 ; 2018_23,,4
Pa’umotu,,,-16.159948,-145.572041,"J.-M. Charpentier, A. François",,,"<a href=""http://lacito.vjf.cnrs.fr/membres/charpentier.htm"" target=""_blank"" style=""text-decoration:none"">J.-M. Charpentier</a>,<br/><a href=""http://lattice.cnrs.fr/Francois-Alexandre"" target=""_blank"" style=""text-decoration:none"">Alexandre François</a>",,http://lacito.vjf.cnrs.fr/vient-de-paraitre/charpentier-francois_atlas.htm,,"Austronesian, Oceanic",http://lacito.vjf.cnrs.fr/images/images_vient-de-paraitre/atlas-polynesie-450.jpg,,http://alex.francois.online.fr/AF-LAFP_e.htm,1,wht_stars,lacito,,2012_17,,4
Paicî,,,-20.937745,165.342142,Jean-Claude Rivierre,rivierre,,"<a href=""http://lacito.vjf.cnrs.fr/membres/rivierre.htm"" target=""_blank"" style=""text-decoration:none"">J.-C. Rivierre</a>,<br/><a href=""http://iris.ehess.fr/index.php?659"" target=""_blank"" style=""text-decoration:none"">Manon Capo</a>",Paici,,Paicî,"Austronesian, Oceanic",http://alex.francois.online.fr/lacito/img_lacito/Capo_Paici.jpg,,,2,orange_stars,lacito,,,,4
Pakatan,,,18.0333,105.05000,Michel Ferlus,,https://en.wikipedia.org/wiki/Michel_Ferlus,,,http://lacito.vjf.cnrs.fr/pangloss/languages/Maleng.php,Pakatan,Austroasiatic,,,,3,orange_blank,crlao,"<table border=0><tr><td rowspan=2><a href=""http://www.mica.edu.vn/en/"" target=""_blank""><img src=""https://upload.wikimedia.org/wikipedia/commons/f/fb/Logo-mica-transp.gif"" width=35 align=""left"" /></a>&nbsp;</td><td><a href=""http://www.mica.edu.vn/research-actions/au-co-project/"" target=""_blank""><img src=""http://www.mica.edu.vn/images/vignettes_actualites/auco_logo.jpg"" width=35 align=""bottom"" /></a></td></tr><tr><td><a href=""http://crlao.ehess.fr/"" target=""_blank""><img src=""http://alex.francois.online.fr/img/crlao_s.png"" width=35 align=""bottom"" /></a></td></tr></table>",,,3
Palaung,palaong,,16.7982,96.1487,Michel Ferlus,,https://en.wikipedia.org/wiki/Michel_Ferlus,,,http://lacito.vjf.cnrs.fr/pangloss/languages/Maleng.php,Palaung,Austroasiatic,,,,3,orange_blank,crlao,"<table border=0><tr><td rowspan=2><a href=""http://www.mica.edu.vn/en/"" target=""_blank""><img src=""https://upload.wikimedia.org/wikipedia/commons/f/fb/Logo-mica-transp.gif"" width=35 align=""left"" /></a>&nbsp;</td><td><a href=""http://www.mica.edu.vn/research-actions/au-co-project/"" target=""_blank""><img src=""http://www.mica.edu.vn/images/vignettes_actualites/auco_logo.jpg"" width=35 align=""bottom"" /></a></td></tr><tr><td><a href=""http://crlao.ehess.fr/"" target=""_blank""><img src=""http://alex.francois.online.fr/img/crlao_s.png"" width=35 align=""bottom"" /></a></td></tr></table>",,,3
Pear,,,12.32,103.55,Marie-Alexandrine Martin,,,,,,Pear,Austroasiatic,,,,3,orange_blank,,,,,3
Phay,,,19.31088,101.409315,Michel Ferlus,,https://en.wikipedia.org/wiki/Michel_Ferlus,,,http://lacito.vjf.cnrs.fr/pangloss/languages/AA_Ferlus.php,Phay,Austroasiatic,,,,3,orange_blank,crlao,"<table border=0><tr><td rowspan=2><a href=""http://www.mica.edu.vn/en/"" target=""_blank""><img src=""https://upload.wikimedia.org/wikipedia/commons/f/fb/Logo-mica-transp.gif"" width=35 align=""left"" /></a>&nbsp;</td><td><a href=""http://www.mica.edu.vn/research-actions/au-co-project/"" target=""_blank""><img src=""http://www.mica.edu.vn/images/vignettes_actualites/auco_logo.jpg"" width=35 align=""bottom"" /></a></td></tr><tr><td><a href=""http://crlao.ehess.fr/"" target=""_blank""><img src=""http://alex.francois.online.fr/img/crlao_s.png"" width=35 align=""bottom"" /></a></td></tr></table>",,,3
Phong Nha,,,17.537222,106.15125,Alexis Michaud,michaud_en,,,Vietnamese,,Phong+Nha,Austroasiatic,,,,2,orange_stars,lacito,"<table border=0><tr><td rowspan=2><a href=""http://www.mica.edu.vn/en/"" target=""_blank""><img src=""https://upload.wikimedia.org/wikipedia/commons/f/fb/Logo-mica-transp.gif"" width=36 align=""left"" /></a>&nbsp;</td><td><a href=""http://www.mica.edu.vn/research-actions/au-co-project/"" target=""_blank""><img src=""http://www.mica.edu.vn/images/vignettes_actualites/auco_logo.jpg"" width=36 /></a></td></tr><tr><td><a href=""http://lacito.vjf.cnrs.fr/index_en.htm"" target=""_blank""><img src=""https://upload.wikimedia.org/wikipedia/commons/4/48/Logo-LACITO-CNRS_large.png"" width=36 /></a></td></tr></table>",2012_17 ; 2018_23,,3
Phunoi,,,17.96276,102.61442,"Michel Ferlus, Alexis Michaud",,,"<a href=""https://en.wikipedia.org/wiki/Michel_Ferlus"" target=""_blank"" style=""text-decoration:none"">Michel Ferlus</a>,<br/><a href=""http://lacito.vjf.cnrs.fr/membres/michaud_en.htm"" target=""_blank"" style=""text-decoration:none"">Alexis Michaud</a>",,,Phunoi,"ST, Tibeto-Burman",,,,2,orange_stars,crlao,"<table border=0><tr><td rowspan=2><a href=""http://www.mica.edu.vn/en/"" target=""_blank""><img src=""https://upload.wikimedia.org/wikipedia/commons/f/fb/Logo-mica-transp.gif"" width=35 align=""left"" /></a>&nbsp;</td><td><a href=""http://www.mica.edu.vn/research-actions/au-co-project/"" target=""_blank""><img src=""http://www.mica.edu.vn/images/vignettes_actualites/auco_logo.jpg"" width=35 align=""bottom"" /></a></td></tr><tr><td><a href=""http://crlao.ehess.fr/"" target=""_blank""><img src=""http://alex.francois.online.fr/img/crlao_s.png"" width=35 align=""bottom"" /></a></td></tr></table>",,,3
Pije,,,-20.76667,164.9,Françoise Ozanne-Rivierre,ozanne,,,Pije,,Pije,"Austronesian, Oceanic",,,,2,orange_stars,lacito,,,,4
Pinyin,,,5.80,10.07,Jacqueline Leroy,leroy,,,Pinyin,,,Grassfields Bantu,,,,1,wht_stars,lacito,,,,2
Pnar,,,24.82,92.26,Anne Daladier,daladier,,,Pnar,,Pnar,Austroasiatic,,,,2,orange_stars,lacito,,2012_17,,3
Podoko,,,11.02,14.10,Véronique de Colombel,colombel,,,Podoko,,,"Afro-Asiatic, Chadic",,,,1,wht_stars,lacito,,,,2
Poitevin-saintongeais,,,46.861304,-0.4928037,Sylvie Mougin,mougin,,,French,,,"IE, Romance",,,,1,wht_stars,lacito,,,,1
Polish,polonais,,52.248099,21.009160,Patrycja Matera,,,,,,,"IE, Slavic",,,,5,red_blank,lacito,,2012_17,"<a href=""http://lacito.vjf.cnrs.fr/membres/rebuschi.htm"" target=""_blank"" style=""text-decoration: none"" >G. Rebuschi</a>",1
Pomak,pomaque,,41.1376588,24.8897208,Evangelia Adamou,adamou,,,Pomaque,,,"IE, Slavic",http://lacito.vjf.cnrs.fr/images/images_image_semaine/pomaque590.jpg,,,1,wht_stars,lacito,,2012_17 ; 2018_23,,1
Prinmi,,,27.928606,101.27942000,Guillaume Jacques,,http://crlao.ehess.fr/index.php?266,,Prinmi,,Prinmi,"ST, Tibeto-Burman",,,,3,orange_blank,crlao,,,,3
Rapa,,,-27.6191,-144.33745,"J.-M. Charpentier, A. François",,,"<a href=""http://lacito.vjf.cnrs.fr/membres/charpentier.htm"" target=""_blank"" style=""text-decoration:none"">J.-M. Charpentier</a>,<br/><a href=""http://lattice.cnrs.fr/Francois-Alexandre"" target=""_blank"" style=""text-decoration:none"">Alexandre François</a>",,http://lacito.vjf.cnrs.fr/vient-de-paraitre/charpentier-francois_atlas.htm,,"Austronesian, Oceanic",http://lacito.vjf.cnrs.fr/images/images_vient-de-paraitre/atlas-polynesie-450.jpg,,http://alex.francois.online.fr/AF-LAFP_e.htm,1,wht_stars,lacito,,2012_17,,4
Rapa Nui,rapanui,,-27.152857,-109.424555,Paul Horley,,,,,https://en.wikipedia.org/wiki/Rapa_Nui_language,,"Austronesian, Oceanic",,,,4,red_stars,lacito,,2012_17 ; 2018_23,"<a href=""http://lacito.vjf.cnrs.fr/membres/bril.htm"" target=""_blank"" style=""text-decoration: none"" >I. Bril</a>",4
Réunion Creole,,Créole réunionnais,-20.947476,55.658933,Philippe Glâtre,,,,,https://fr.wikipedia.org/wiki/Cr%C3%A9ole_r%C3%A9unionnais,,French creole,,,,4,red_stars,lacito,,2018_23,"<a href=""http://lacito.vjf.cnrs.fr/membres/leguy.htm"" target=""_blank"" style=""text-decoration: none"" >C. Leguy</a>",2
Réunion French,,Français réunionnais,-20.880972,55.454569,Philippe Glâtre,,,,,https://fr.wikipedia.org/wiki/Fran%C3%A7ais_de_La_R%C3%A9union,,"IE, Romance",,,,4,red_stars,lacito,,2018_23,"<a href=""http://lacito.vjf.cnrs.fr/membres/leguy.htm"" target=""_blank"" style=""text-decoration: none"" >C. Leguy</a>",2
Romani,,,41.118637,25.41408,Evangelia Adamou,adamou,,,Romani,,Romani,"IE, Indo-Aryan",http://lacito.vjf.cnrs.fr/images/images_image_semaine/rom-thrace590.jpg,,,2,orange_stars,lacito,,2012_17 ; 2018_23,,1
Rục,,,17.6450118,105.993491,"Michel Ferlus, Trần Trí Dõi",,,"<a href=""https://en.wikipedia.org/wiki/Michel_Ferlus"" target=""_blank"" style=""text-decoration:none"">Michel Ferlus</a>,<br/><a href=""http://ussh.vnu.edu.vn/profile/tran-tri-doi"" target=""_blank"" style=""text-decoration:none"">Trần Trí Dõi</a>",,http://lacito.vjf.cnrs.fr/pangloss/languages/Chut.php,Rục,Austroasiatic,,,,3,orange_blank,,"<table border=0><tr><td rowspan=2><a href=""http://www.mica.edu.vn/en/"" target=""_blank""><img src=""https://upload.wikimedia.org/wikipedia/commons/f/fb/Logo-mica-transp.gif"" width=28 align=""left"" /></a>&nbsp;</td><td><a href=""http://www.mica.edu.vn/research-actions/au-co-project/"" target=""_blank""><img src=""http://www.mica.edu.vn/images/vignettes_actualites/auco_logo.jpg"" width=28 /></a></td><td rowspan=2>&nbsp;<a href=""http://vnu.edu.vn/eng/"" target=""_blank""><img src=""https://upload.wikimedia.org/wikipedia/commons/c/ca/VNU.logo.jpg"" width=28 align=""right"" /></a></td></tr><tr><td><a href=""http://crlao.ehess.fr/"" target=""_blank""><img src=""http://alex.francois.online.fr/img/crlao_s.png"" width=28 /></a></td></tr></table>",,,3
Sách,,,17.6450118,105.993491,"Michel Ferlus, Trần Trí Dõi",,,"<a href=""https://en.wikipedia.org/wiki/Michel_Ferlus"" target=""_blank"" style=""text-decoration:none"">Michel Ferlus</a>,<br/><a href=""http://ussh.vnu.edu.vn/profile/tran-tri-doi"" target=""_blank"" style=""text-decoration:none"">Trần Trí Dõi</a>",,http://lacito.vjf.cnrs.fr/pangloss/languages/Chut.php,Sách,Austroasiatic,,,,3,orange_blank,,"<table border=0><tr><td rowspan=2><a href=""http://www.mica.edu.vn/en/"" target=""_blank""><img src=""https://upload.wikimedia.org/wikipedia/commons/f/fb/Logo-mica-transp.gif"" width=28 align=""left"" /></a>&nbsp;</td><td><a href=""http://www.mica.edu.vn/research-actions/au-co-project/"" target=""_blank""><img src=""http://www.mica.edu.vn/images/vignettes_actualites/auco_logo.jpg"" width=28 /></a></td><td rowspan=2>&nbsp;<a href=""http://vnu.edu.vn/eng/"" target=""_blank""><img src=""https://upload.wikimedia.org/wikipedia/commons/c/ca/VNU.logo.jpg"" width=28 align=""right"" /></a></td></tr><tr><td><a href=""http://crlao.ehess.fr/"" target=""_blank""><img src=""http://alex.francois.online.fr/img/crlao_s.png"" width=28 /></a></td></tr></table>",,,3
Saek,,,17.6,105.2,Michel Ferlus,,https://en.wikipedia.org/wiki/Michel_Ferlus,,,http://lacito.vjf.cnrs.fr/pangloss/languages/Tai.php,Saek,Tai-Kadai,,,,3,orange_blank,crlao,"<table border=0><tr><td rowspan=2><a href=""http://www.mica.edu.vn/en/"" target=""_blank""><img src=""https://upload.wikimedia.org/wikipedia/commons/f/fb/Logo-mica-transp.gif"" width=35 align=""left"" /></a>&nbsp;</td><td><a href=""http://www.mica.edu.vn/research-actions/au-co-project/"" target=""_blank""><img src=""http://www.mica.edu.vn/images/vignettes_actualites/auco_logo.jpg"" width=35 align=""bottom"" /></a></td></tr><tr><td><a href=""http://crlao.ehess.fr/"" target=""_blank""><img src=""http://alex.francois.online.fr/img/crlao_s.png"" width=35 align=""bottom"" /></a></td></tr></table>",,,3
Sakao,,,-15.042259,167.073796,Benjamin Touati,touati,,,Sakao,,,"Austronesian, Oceanic",,,,5,red_blank,lacito,,2012_17,"<a href=""http://lacito.vjf.cnrs.fr/membres/lemarechal.htm"" target=""_blank"" style=""text-decoration: none"" >A. Lemaréchal</a>",4
Salang,,,17.4,104.8,Michel Ferlus,,https://en.wikipedia.org/wiki/Michel_Ferlus,,,http://lacito.vjf.cnrs.fr/pangloss/languages/Chut.php,Salang,Austroasiatic,,,,3,orange_blank,crlao,"<table border=0><tr><td rowspan=2><a href=""http://www.mica.edu.vn/en/"" target=""_blank""><img src=""https://upload.wikimedia.org/wikipedia/commons/f/fb/Logo-mica-transp.gif"" width=35 align=""left"" /></a>&nbsp;</td><td><a href=""http://www.mica.edu.vn/research-actions/au-co-project/"" target=""_blank""><img src=""http://www.mica.edu.vn/images/vignettes_actualites/auco_logo.jpg"" width=35 align=""bottom"" /></a></td></tr><tr><td><a href=""http://crlao.ehess.fr/"" target=""_blank""><img src=""http://alex.francois.online.fr/img/crlao_s.png"" width=35 align=""bottom"" /></a></td></tr></table>",,,3
Salar,,,35.55,102.82,Camille Simon,simon,,,,,,Turkic,,,,5,red_blank,lacito,,2012_17 ; 2018_23,,3
Sami,same,,68.106331,27.123476,M.M. Jocelyne Fernandez-Vest,fernandez,,,,,,Finno-Ugric,http://lacito.vjf.cnrs.fr/images/images_image_semaine/aslat590.jpg,,,1,wht_stars,lacito,,,,1
Samo,san,,13.067798,-3.059671,Boro Boukary,,,,,,,Mande,,,,4,red_stars,lacito,,2012_17 ; 2018_23,"<a href=""http://lacito.vjf.cnrs.fr/membres/leguy.htm"" target=""_blank"" style=""text-decoration: none"" >C. Leguy</a>",2
Samre,,,12.0,103.0,Marie-Alexandrine Martin,,,,,,Samre,Austroasiatic,,,,3,orange_blank,,,,,3
Scots,écossais,,60.155109,-1.157323,James Costa,costa_en,,,,https://en.wikipedia.org/wiki/Scots_language,,"IE, Germanic",http://www.shetlandheritageassociation.com/assets/images/members/crofthouse-museum-1.jpg,,,1,wht_stars,lacito,,2012_17 ; 2018_23,,1
Shapsug,chapsough,,40.3667,35.0500,Catherine Paris,,http://lacito.vjf.cnrs.fr/pangloss/corpus/search.php?keywords=Catherine+Paris,,Shapsug,,Shapsug,NW Caucasian,,,,2,orange_stars,,,,,1
Sherdukpen,,,27.3629347,92.2380603,François Jacquesson,jacquesson,,,Sherdukpen,,,"ST, Tibeto-Burman",http://lacito.vjf.cnrs.fr/images/images_image_semaine/thembang590.jpg,,,1,wht_stars,lacito,,2012_17 ; 2018_23,,3
Shiwa,,,-0.097915,11.942880,Régis Ollomo Ella,,,,,http://glottolog.org/resource/languoid/id/shiw1234,,Bantu,,,,5,red_blank,lacito,,2012_17,"<a href=""http://lacito.vjf.cnrs.fr/membres/rombi.htm"" target=""_blank"" style=""text-decoration: none"" >M-F. Rombi</a>",2
Siwi,,,29.2035837,25.513934,Lameen Souag,souag,,,Siwi,,,"Afro-Asiatic, Berber",,,,1,wht_stars,lacito,,2012_17 ; 2018_23,,2
Sokni,,,29.0687127,15.7846603,Lameen Souag,souag,,,Berber,,,"Afro-Asiatic, Berber",,,,1,wht_stars,lacito,,2012_17 ; 2018_23,,2
Sulede,soulédé,,10.94,13.82,Véronique de Colombel,colombel,,,Soulede,,,"Afro-Asiatic, Chadic",,,,1,wht_stars,lacito,,,,2
Sun̄wadaga,sungwadaga,,-15.089755,168.080548,Agnès Henri,henri,,,,,,"Austronesian, Oceanic",,,,1,wht_stars,lacito,,2012_17 ; 2018_23,,4
Sun̄wadia,sungwadia,,-14.970047,168.057941,Agnès Henri,henri,,,Sungwadia,,,"Austronesian, Oceanic",,,,1,wht_stars,lacito,,2012_17 ; 2018_23,,4
Tahitian,tahitien,,-17.529823,-149.826736,"J.-M. Charpentier, A. François",,,"<a href=""http://lacito.vjf.cnrs.fr/membres/charpentier.htm"" target=""_blank"" style=""text-decoration:none"">J.-M. Charpentier</a>,<br/><a href=""http://lattice.cnrs.fr/Francois-Alexandre"" target=""_blank"" style=""text-decoration:none"">Alexandre François</a>",,http://lacito.vjf.cnrs.fr/vient-de-paraitre/charpentier-francois_atlas.htm,,"Austronesian, Oceanic",http://lacito.vjf.cnrs.fr/images/images_vient-de-paraitre/atlas-polynesie-450.jpg,,http://alex.francois.online.fr/AF-LAFP_e.htm,1,wht_stars,lacito,,2012_17 ; 2018_23,,4
Tai Deng,,,20.6861265,105.3131185,"Michel Ferlus, Võ Thị Thường (VNE)",,,"<a href=""https://en.wikipedia.org/wiki/Michel_Ferlus"" target=""_blank"" style=""text-decoration:none"">Michel Ferlus</a>,<br/>Võ Thị Thường (VNE)",,http://lacito.vjf.cnrs.fr/pangloss/languages/Tai.php,Tai Deng,Tai-Kadai,,,,3,orange_blank,,,,,3
Tai Don,,,21.4981346,105.7204476,"Michel Ferlus, Trần Trí Dõi",,,"<a href=""https://en.wikipedia.org/wiki/Michel_Ferlus"" target=""_blank"" style=""text-decoration:none"">Michel Ferlus</a>,<br/><a href=""http://ussh.vnu.edu.vn/profile/tran-tri-doi"" target=""_blank"" style=""text-decoration:none"">Trần Trí Dõi</a>",,http://lacito.vjf.cnrs.fr/pangloss/languages/Tai.php,Tai Don,Tai-Kadai,,,,3,orange_blank,,"<table border=0><tr><td rowspan=2><a href=""http://www.mica.edu.vn/en/"" target=""_blank""><img src=""https://upload.wikimedia.org/wikipedia/commons/f/fb/Logo-mica-transp.gif"" width=28 align=""left"" /></a>&nbsp;</td><td><a href=""http://www.mica.edu.vn/research-actions/au-co-project/"" target=""_blank""><img src=""http://www.mica.edu.vn/images/vignettes_actualites/auco_logo.jpg"" width=28 /></a></td><td rowspan=2>&nbsp;<a href=""http://vnu.edu.vn/eng/"" target=""_blank""><img src=""https://upload.wikimedia.org/wikipedia/commons/c/ca/VNU.logo.jpg"" width=28 align=""right"" /></a></td></tr><tr><td><a href=""http://crlao.ehess.fr/"" target=""_blank""><img src=""http://alex.francois.online.fr/img/crlao_s.png"" width=28 /></a></td></tr></table>",,,3
Tai Lü,,,21.934306,100.732639,Lǐ Juān – 李娟,,,,,https://en.wikipedia.org/wiki/Tai_L%C3%BC_language,,Tai-Kadai,http://alex.francois.online.fr/lacito/img_lacito/Temple-bouddhiste_peuple-lu.jpeg,,,4,red_stars,lacito,,2012_17 ; 2018_23,"<a href=""http://lacito.vjf.cnrs.fr/membres/guerin.htm"" target=""_blank"" style=""text-decoration: none"" >F. Guérin</a>",3
Tai Paw,,,19.256781,104.4752416,"Michel Ferlus, Trần Trí Dõi",,,"<a href=""https://en.wikipedia.org/wiki/Michel_Ferlus"" target=""_blank"" style=""text-decoration:none"">Michel Ferlus</a>,<br/><a href=""http://ussh.vnu.edu.vn/profile/tran-tri-doi"" target=""_blank"" style=""text-decoration:none"">Trần Trí Dõi</a>",,http://lacito.vjf.cnrs.fr/pangloss/languages/Tai.php,Tai Paw,Tai-Kadai,,,,3,orange_blank,,"<table border=0><tr><td rowspan=2><a href=""http://www.mica.edu.vn/en/"" target=""_blank""><img src=""https://upload.wikimedia.org/wikipedia/commons/f/fb/Logo-mica-transp.gif"" width=28 align=""left"" /></a>&nbsp;</td><td><a href=""http://www.mica.edu.vn/research-actions/au-co-project/"" target=""_blank""><img src=""http://www.mica.edu.vn/images/vignettes_actualites/auco_logo.jpg"" width=28 /></a></td><td rowspan=2>&nbsp;<a href=""http://vnu.edu.vn/eng/"" target=""_blank""><img src=""https://upload.wikimedia.org/wikipedia/commons/c/ca/VNU.logo.jpg"" width=28 align=""right"" /></a></td></tr><tr><td><a href=""http://crlao.ehess.fr/"" target=""_blank""><img src=""http://alex.francois.online.fr/img/crlao_s.png"" width=28 /></a></td></tr></table>",,,3
Tai Yo,,,19.2909151,104.647,"Michel Ferlus, Trần Trí Dõi",,,"<a href=""https://en.wikipedia.org/wiki/Michel_Ferlus"" target=""_blank"" style=""text-decoration:none"">Michel Ferlus</a>,<br/><a href=""http://ussh.vnu.edu.vn/profile/tran-tri-doi"" target=""_blank"" style=""text-decoration:none"">Trần Trí Dõi</a>",,http://lacito.vjf.cnrs.fr/pangloss/languages/Tai.php,Tai Yo,Tai-Kadai,,,,3,orange_blank,,"<table border=0><tr><td rowspan=2><a href=""http://www.mica.edu.vn/en/"" target=""_blank""><img src=""https://upload.wikimedia.org/wikipedia/commons/f/fb/Logo-mica-transp.gif"" width=28 align=""left"" /></a>&nbsp;</td><td><a href=""http://www.mica.edu.vn/research-actions/au-co-project/"" target=""_blank""><img src=""http://www.mica.edu.vn/images/vignettes_actualites/auco_logo.jpg"" width=28 /></a></td><td rowspan=2>&nbsp;<a href=""http://vnu.edu.vn/eng/"" target=""_blank""><img src=""https://upload.wikimedia.org/wikipedia/commons/c/ca/VNU.logo.jpg"" width=28 align=""right"" /></a></td></tr><tr><td><a href=""http://crlao.ehess.fr/"" target=""_blank""><img src=""http://alex.francois.online.fr/img/crlao_s.png"" width=28 /></a></td></tr></table>",,,3
Tamang,,,27.7667,85.7000,Martine Mazaudon,mazaudon,,,Tamang,,Tamang,"ST, Tibeto-Burman",,,,2,orange_stars,lacito,,2012_17 ; 2018_23,,3
Tamazight,berbère,,32.1010215,-1.2319287,"Catherine Taine-Cheikh, Lameen Souag",,,,Berber,,,"Afro-Asiatic, Berber",,,,1,wht_stars,lacito,,2012_17 ; 2018_23,,2
Tampuan,,,13.31,105.58,Marie-Alexandrine Martin,,,,,,Tampuan,Austroasiatic,,,,3,orange_blank,,,,,3
Tanema,,,-11.687671,166.83758,Alexandre François,,http://www.lattice.cnrs.fr/en/alexandre-francois/,,Tanema,,Tanema,"Austronesian, Oceanic",https://www.ird.fr/var/ird/storage/images/media/ird.fr/actualites/photos-actualites/science-en-direct/vanikoro-2012/alexandre-et-lainol/362073-1-fre-FR/alexandre-et-lainol.jpg,,,3,orange_blank,lattice,"&nbsp;<br/><a href=""http://www.lattice.cnrs.fr/en/alexandre-francois"" target=""_blank""><img src=""http://alex.francois.online.fr/img/logo_lattice2.png"" width=""50"" /></a>",2012_17 ; 2018_23,,4
Tanimuca,,,-1.202428,-69.87305,Laurent Fontaine,fontaine,,,Tanimuca,,Tanimuca,Arawakan,,,,2,orange_stars,lacito,,2012_17 ; 2018_23,,5
Taqbaylit,kabyle,,36.5,3.93333,Samia Khichane,,,,,https://fr.wikipedia.org/wiki/Kabyle,,"Afro-Asiatic, Berber",https://upload.wikimedia.org/wikipedia/commons/thumb/c/ca/Bounouh_Awrir_22Mar.png/799px-Bounouh_Awrir_22Mar.png,,,4,red_stars,lacito,,2012_17 ; 2018_23,"<a href=""http://lacito.vjf.cnrs.fr/membres/leguy.htm"" target=""_blank"" style=""text-decoration: none"" >C. Leguy</a>",2
Tay Khang,,,18.4362924,104.4723301,Michel Ferlus,,https://en.wikipedia.org/wiki/Michel_Ferlus,,,http://lacito.vjf.cnrs.fr/pangloss/languages/Tai.php,Tay Khang,Tai-Kadai,,,,3,orange_blank,crlao,"<table border=0><tr><td rowspan=2><a href=""http://www.mica.edu.vn/en/"" target=""_blank""><img src=""https://upload.wikimedia.org/wikipedia/commons/f/fb/Logo-mica-transp.gif"" width=35 align=""left"" /></a>&nbsp;</td><td><a href=""http://www.mica.edu.vn/research-actions/au-co-project/"" target=""_blank""><img src=""http://www.mica.edu.vn/images/vignettes_actualites/auco_logo.jpg"" width=35 align=""bottom"" /></a></td></tr><tr><td><a href=""http://crlao.ehess.fr/"" target=""_blank""><img src=""http://alex.francois.online.fr/img/crlao_s.png"" width=35 align=""bottom"" /></a></td></tr></table>",,,3
Teanu,,,-11.593618,166.895317,Alexandre François,,http://www.lattice.cnrs.fr/en/alexandre-francois/,,Teanu,,Teanu,"Austronesian, Oceanic",http://alex.francois.online.fr/img/AlexFrancois_headphones_s.jpg,,http://alex.francois.online.fr/AF-dict-Teanu_e.htm,3,orange_blank,lattice,"&nbsp;<br/><a href=""http://www.lattice.cnrs.fr/en/alexandre-francois"" target=""_blank""><img src=""http://alex.francois.online.fr/img/logo_lattice2.png"" width=""50"" /></a>",2012_17 ; 2018_23,,4
Thavung,,,17.4,104.8,Michel Ferlus,,https://en.wikipedia.org/wiki/Michel_Ferlus,,,http://lacito.vjf.cnrs.fr/pangloss/languages/Aheu.php,Thavung,Austroasiatic,,,,3,orange_blank,crlao,"<table border=0><tr><td rowspan=2><a href=""http://www.mica.edu.vn/en/"" target=""_blank""><img src=""https://upload.wikimedia.org/wikipedia/commons/f/fb/Logo-mica-transp.gif"" width=35 align=""left"" /></a>&nbsp;</td><td><a href=""http://www.mica.edu.vn/research-actions/au-co-project/"" target=""_blank""><img src=""http://www.mica.edu.vn/images/vignettes_actualites/auco_logo.jpg"" width=35 align=""bottom"" /></a></td></tr><tr><td><a href=""http://crlao.ehess.fr/"" target=""_blank""><img src=""http://alex.francois.online.fr/img/crlao_s.png"" width=35 align=""bottom"" /></a></td></tr></table>",,,3
Thổ,,,19.4003352,105.4302383,Michel Ferlus,,https://en.wikipedia.org/wiki/Michel_Ferlus,,,http://lacito.vjf.cnrs.fr/pangloss/languages/Tho.php,Thổ,Austroasiatic,,,,3,orange_blank,crlao,"<table border=0><tr><td rowspan=2><a href=""http://www.mica.edu.vn/en/"" target=""_blank""><img src=""https://upload.wikimedia.org/wikipedia/commons/f/fb/Logo-mica-transp.gif"" width=35 align=""left"" /></a>&nbsp;</td><td><a href=""http://www.mica.edu.vn/research-actions/au-co-project/"" target=""_blank""><img src=""http://www.mica.edu.vn/images/vignettes_actualites/auco_logo.jpg"" width=35 align=""bottom"" /></a></td></tr><tr><td><a href=""http://crlao.ehess.fr/"" target=""_blank""><img src=""http://alex.francois.online.fr/img/crlao_s.png"" width=35 align=""bottom"" /></a></td></tr></table>",,,3
Thulung Rai,,,27.7,85.33,Aimée Lahaussois,,http://htl-test.linguist.univ-paris-diderot.fr/lahaussois,,Thulung_Rai,,Thulung+Rai,"ST, Tibeto-Burman",http://lacito.vjf.cnrs.fr/images/images_image_semaine/himalaya590.jpg,,,3,orange_blank,,,,,3
Tibetan,tibétain,,29.662883,91.1283213,Nicolas Tournadre,tournadre,,"<a href=""http://lacito.vjf.cnrs.fr/membres/tournadre.htm"" target=""_blank"" style=""text-decoration:none"">Nicolas Tournadre</a>,<br/><a href=""http://lacito.vjf.cnrs.fr/membres/simon.htm"" target=""_blank"" style=""text-decoration:none"">Camille Simon</a>,<br/><a href=""http://crlao.ehess.fr/index.php?490"" target=""_blank"" style=""text-decoration:none"">Katia Chirkova</a>",,,,"ST, Tibeto-Burman",,,,2,orange_stars,lacito,,2012_17 ; 2018_23,,3
Tikar,,,5.87004,11.6104,Gladys Guarisma,guarisma,,,,,,Bantoid,,,,1,wht_stars,lacito,,eldp,,2
Tikopia,,,-12.295452,168.821724,Alexandre François,,http://www.lattice.cnrs.fr/en/alexandre-francois/,,Tikopia,,Tikopia,"Austronesian, Oceanic",http://alex.francois.online.fr/img/AlexFrancois-terrainTikopia.jpg,,,3,orange_blank,lattice,"&nbsp;<br/><a href=""http://www.lattice.cnrs.fr/en/alexandre-francois"" target=""_blank""><img src=""http://alex.francois.online.fr/img/logo_lattice2.png"" width=""50"" /></a>",2012_17 ; 2018_23,,4
Tokodede,,,-8.68,125.28,Antoinette Schapper,,http://www.kitlv.nl/researchers-schapper/,,,,,Austronesian,,,,1,wht_stars,lacito,,2018_23,,4
Trinidad English,,anglais de Trinidad,10.42,-61.42,Bertrand Masquelier,masquelier,,,,,,English Creole,http://lacito.vjf.cnrs.fr/images/images_image_semaine/trinidad-1000.jpg,,,1,wht_stars,lacito,,,,5
Tuwari,,,-4.800207,142.09,Sylvain Loiseau,,https://cnrs.academia.edu/SylvainLoiseau,,,,,"Papuan, Walioic",,,,1,wht_stars,lacito,,2012_17 ; 2018_23,,4
Tzeltal,,,16.85,-92.416699,Gilles Polian,,,,,,,Mayan,,,,5,red_blank,lacito,,2012_17,"<a href=""http://lacito.vjf.cnrs.fr/membres/rebuschi.htm"" target=""_blank"" style=""text-decoration: none"" >G. Rebuschi</a>",5
Ubykh,oubykh,,43.67,39.67,Georges Dumézil,,http://lacito.vjf.cnrs.fr/pangloss/corpus/search.php?keywords=Dum%C3%A9zil,,Ubykh,,Ubykh,NW Caucasian,,,,3,orange_blank,,,,,1
Ujir,,,-5.69,134.26,Antoinette Schapper,,http://www.kitlv.nl/researchers-schapper/,,,,,Austronesian,,,,1,wht_stars,lacito,,2018_23,,4
Urzo,ourzo,,10.95,14.21,Véronique de Colombel,colombel,,,Ourzo,,,"Afro-Asiatic, Chadic",,,,1,wht_stars,lacito,,,,2
Vatlongos,,,-16.355503,168.253849,Eleanor Ridge,,https://www.soas.ac.uk/staff/staff88225.php,,,,Vatlongos,"Austronesian, Oceanic",,,,4,red_stars,lacito,"<a href=""https://www.soas.ac.uk/linguistics/"" target=""_blank""><img src=""https://lat1.lis.soas.ac.uk/ds/asv/soas_tree.png"" width=""30"" /></a>",2018_23,,4
Venezuela++,langue??,,,,Sophia Barreto,10.200798,-64.633464,,,,,,,,,5,red_blank,lacito,,,"<a href=""http://lacito.vjf.cnrs.fr/membres/despringre.htm"" target=""_blank"" style=""text-decoration: none"" >A.-M. Despringre</a>",5
Vera'a,,,-13.892528,167.428701,Alexandre François,,http://www.lattice.cnrs.fr/en/alexandre-francois/,,Vera_a,,Vera'a,"Austronesian, Oceanic",,,,3,orange_blank,lattice,"&nbsp;<br/><a href=""http://www.lattice.cnrs.fr/en/alexandre-francois"" target=""_blank""><img src=""http://alex.francois.online.fr/img/logo_lattice2.png"" width=""50"" /></a>",2012_17 ; 2018_23,,4
Veracruz Romani,,romani de Veracruz,19.3589389,-96.5742943,Cristian Padure,,,,Romani,,,"IE, Indo-Aryan",,,,4,red_stars,lacito,,2012_17 ; 2018_23,"<a href=""http://lacito.vjf.cnrs.fr/membres/adamou_en.htm"" target=""_blank"" style=""text-decoration: none"" >E. Adamou</a>",5
Vietnamese,vietnamien,,21.004491,105.8463902,"Alexis Michaud, Trần Đỗ Đạt,<br/>Mạc Đăng Khoa, Nguyễn Thị Lan",,,"<a href=""http://lacito.vjf.cnrs.fr/membres/michaud_en.htm"" target=""_blank"" style=""text-decoration:none"">Alexis Michaud</a>, Trần Đỗ Đạt,<br/>Mạc Đăng Khoa, Nguyễn Thị Lan",Vietnamese,,Vietnamese,Austroasiatic,,,,3,orange_blank,,"<table border=0><tr><td rowspan=2><a href=""http://www.mica.edu.vn/en/"" target=""_blank""><img src=""https://upload.wikimedia.org/wikipedia/commons/f/fb/Logo-mica-transp.gif"" width=36 align=""left"" /></a>&nbsp;</td><td><a href=""http://www.mica.edu.vn/research-actions/au-co-project/"" target=""_blank""><img src=""http://www.mica.edu.vn/images/vignettes_actualites/auco_logo.jpg"" width=36 /></a></td></tr><tr><td><a href=""http://lacito.vjf.cnrs.fr/index_en.htm"" target=""_blank""><img src=""https://upload.wikimedia.org/wikipedia/commons/4/48/Logo-LACITO-CNRS_large.png"" width=36 /></a></td></tr></table>",2012_17 ; 2018_23,,3
Vlach,valaque,,44.0809618,22.0978593,Marijana Petrovic,petrovic,,,Valaque,,,"IE, Romance",http://lacito.vjf.cnrs.fr/images/images_image_semaine/valakonje590.jpg,,,1,wht_stars,lacito,,2012_17 ; 2018_23,,1
Volow,,,-13.6547,167.7054,Alexandre François,,http://www.lattice.cnrs.fr/en/alexandre-francois/,,Volow,,Volow,"Austronesian, Oceanic",,,,3,orange_blank,lattice,"&nbsp;<br/><a href=""http://www.lattice.cnrs.fr/en/alexandre-francois"" target=""_blank""><img src=""http://alex.francois.online.fr/img/logo_lattice2.png"" width=""50"" /></a>",2012_17 ; 2018_23,,4
Vurës,,,-13.905677,167.451412,Alexandre François,,http://www.lattice.cnrs.fr/en/alexandre-francois/,,Vures,,Vurës,"Austronesian, Oceanic",,,,3,orange_blank,lattice,"&nbsp;<br/><a href=""http://www.lattice.cnrs.fr/en/alexandre-francois"" target=""_blank""><img src=""http://alex.francois.online.fr/img/logo_lattice2.png"" width=""50"" /></a>",2012_17 ; 2018_23,,4
Vute,,,6.13603,11.8839,Gladys Guarisma,guarisma,,,,,,Bantoid,,,,1,wht_stars,lacito,,eldp,,2
War,,,25.502220,91.333570,Anne Daladier,daladier,,,War,,War,Austroasiatic,http://lacito.vjf.cnrs.fr/images/images_image_semaine/2palmeraie590.jpg,,,2,orange_stars,lacito,,2012_17 ; 2018_23,,3
Wayana,,,3.3,-54.071,Hervé Rivière,,,,Wayana,http://lacito.vjf.cnrs.fr/pangloss/languages/Wayana.php,Wayana,Carib,http://lacito.vjf.cnrs.fr/images/images_image_semaine/wayana590.jpg,,,3,orange_blank,lacito,,,,5
Wersing,,,-8.34,124.93,Antoinette Schapper,,http://www.kitlv.nl/researchers-schapper/,,,,,Timor-Alor-Pantar,,,,1,wht_stars,lacito,,2018_23,,4
West Uvean,fagauvea,,-20.460497,166.5953323,"Claire Moyse-Faurie, Françoise Ozanne-Rivierre",moyse,,"<a href=""http://lacito.vjf.cnrs.fr/membres/ozanne.htm"" target=""_blank"" style=""text-decoration:none"">Françoise Ozanne-Rivierre</a>,<br/><a href=""http://lacito.vjf.cnrs.fr/membres/moyse.htm"" target=""_blank"" style=""text-decoration:none"">Claire Moyse</a>",Fagauvea,,Fagauvea,"Austronesian, Oceanic",http://lacito.vjf.cnrs.fr/images/images_image_semaine/ouvea_maison590.jpg,,,2,orange_stars,lacito,,,,4
Western Saudi Arabic,,arabe saoudien occidental,22.83,38.92,Samia Naïm,naim,,,,,,"Afro-Asiatic, Semitic",,,,1,wht_stars,lacito,,2012_17,,2
Wuzlam,ouldémé,,10.6269849,13.7424958,Véronique de Colombel,colombel,,,Ouldeme,,Ouldeme,"Afro-Asiatic, Chadic",http://lacito.vjf.cnrs.fr/images/images_image_semaine/Mandara_590.jpg,,,2,orange_stars,lacito,,,,2
Xârâcùù,,,-21.5280089,165.9702835,Claire Moyse-Faurie,moyse,,,Xaracuu,,Xârâcùù,"Austronesian, Oceanic",http://lacito.vjf.cnrs.fr/images/images_image_semaine/fleche-toit-cmf590.jpg,,,2,orange_stars,lacito,,2012_17,,4
Xârâgurè,,,-21.7450256,166.4575731,Claire Moyse-Faurie,moyse,,,Xaragure,,Xârâgurè,"Austronesian, Oceanic",,,,2,orange_stars,lacito,,eldp ; 2012_17,,4
Xumi,shixing,,28.269580,100.670615,Katia Chirkova,,http://crlao.ehess.fr/index.php?490,,,https://en.wikipedia.org/wiki/Shixing_language,Xumi,"ST, Tibeto-Burman",,,,3,orange_blank,crlao,,2012_17 ; 2018_23,,3
Yaka,aka,,3.65,17.27,Jacqueline M.C. Thomas,thomas,,,,,,Bantu,http://lacito.vjf.cnrs.fr/images/images_image_semaine/cri-d-animaux590.jpg,,,1,wht_stars,lacito,,,,2
Yamba,,,6.54,11.08,Jacqueline Leroy,leroy,,,Yamba,,,Grassfields Bantu,,,,1,wht_stars,lacito,,,,2
Yemeni Arabic,,arabe yéménite,15.4000,44.2333,Samia Naïm,naim,,"<a href=""http://lacito.vjf.cnrs.fr/membres/naim.htm"" target=""_blank"" style=""text-decoration:none"">Samia Naïm</a>,<br/>Mona al-Maqtari",Yemeni_Arabic,,Yemeni+Arabic,"Afro-Asiatic, Semitic",http://lacito.vjf.cnrs.fr/images/images_image_semaine/sanaa590.jpg,,,2,orange_stars,lacito,,eldp ; 2012_17,,2
Yucuna,,,-1.271655,-69.730620,Laurent Fontaine,fontaine,,,Yucuna,,Yucuna,Arawakan,http://lacito.vjf.cnrs.fr/images/images_image_semaine/maloca-triangle590.jpg,,,2,orange_stars,lacito,,2012_17 ; 2018_23,,5
Zenaga,,,16.919808,-15.661313,Catherine Taine-Cheikh,taine,,,Zenaga,,,"Afro-Asiatic, Berber",,,,1,wht_stars,lacito,,eldp ; 2012_17,,2
"Zuanga, Yuanga",,,-20.55,164.55,Isabelle Bril,bril,,,Yuanga,,Yuanga,"Austronesian, Oceanic",,,,2,orange_stars,lacito,,2012_17 ; 2018_23,,4
Zulgo,zoulgo,,10.83,14.06,Véronique de Colombel,colombel,,,Zoulgo,,,"Afro-Asiatic, Chadic",,,,1,wht_stars,lacito,,,,2
