Address,Description
"93 Wellington Road
E11 2AS",
"38 Rutland Road
E11 2DY","Kids toys, books bits n bobs"
"18 Chaucer Road
E11 2RE","Clothes, jewwellery, home decor items, books"
"39 Rutland Road
E11 2DY","Mainly childrens (girls) items (clothes and toys), various clothes and home items"
"69 Wellington Road
E11 2AS","Very random, from classic LPs to dishes"
"16 Spratt Hall Road
E11 2RQ","CDs, books, china, pictures, clothes, shoes, bags, costume jewellery"
"146 Overton Drive
E11 2LP","Plants, books, jewellery, garden and household items, toys, clothes, crafts"
"63 Addison Road
E11 2RG",Women's clothing and shoes. Children's books and toys. Boys clothing up to age 5/6
"120 Overton Drive
E11 2LP","Toys, games, books, music sheets, various household items and cakes"
"18 Rodney Road
E11 2DE","Books, knick knacks, Norwegian tea cakes"
"Struan House, High Street, E11 2AH",Clothes and shoes in immaculate condition and also some household goods like glassware etc. 
"64 Addison Road
E11 2RG","Kids & adults clothes. Books, toys and general household items"
"56 Overton Drive
E11 2NJ",A mixture of pre-loved and brand new goods. Toiletries from Molton Brown and Clarins. Some hand made craft items. Ideal gifts - shop early for Christmas!
"13 Wanstead Place
E11 2SW","Household stuff, toys, dvds, maybe clothes and crafts"
"The Corner House
E11 2DL","Clothes for teenage boys, kids ski wear, books and GCSE study guides"
"45 Seagry Road
E11 2NH",
"24 Rutland Road 
E11 2DY","General household items, some bags, a few toys, general bric- brac maybe a small item of furniture. Some clothes that have not been worn. "
"7 Carlton Terrace
E11 2EX",Retro toys & games Crockery & Linen OPI limited edition nail colours Also selling original water colour pictures. Money raised is for Essex and Herts air ambulance
"2 Carlton Terrace
E11 2EX","Vintage bags, clothes, books"
"26 Voluntary Place
E11 2RP","Ladies clothes size 10-12 including vintage items, books, younger boys clothes & toys, garden equipment, wool, knitting patterns & bricabrac. Emigrating to warmer climes so lots of items need to go!"
"3 Rodney Road 
E11 2DE","Kids toys, books, men's designer clothing, ladies accessories"
"16 Warwick Road 
E11 2DZ","Babies, boys and girls clothes and shoes(0-4 years), Toys, Women's clothes and shoes (S-L), Antiques."
"56 cranbourne Avenue
E11 2BQ","Household ,toys and bric-à-brac"
"44 Chaucer Road
E11 2RE","Pre loved wonders -Treasure chest of children's toys, games, books, puzzles, lego & clothes"
"67 Elmcroft Avenue
E11 2BN","Mostly kids clothes (Boys up to 4yo, Girls up to 8yo) + miscellaneous other items."
"42 Addison Road
E11 2RG","children toys , clothes and shoes, some ladies wear & shoes. Some household items. Freshly baked cakes/ cookies."
"1a Gordon Road
E11 2RA",Items for a new baby and mummy Maternity clothes Baby clothes Toys/books Brick a brac Household misc.
"73 Deynecourt Gardens
E11 2BT",A large selection of great quality womenswear and accessories. Plus well looked after kids clothing and toys
"55 Grosvenor Road
E11 2ES","New and vintage selection of children’s and adult’s clothing and accessories, toys, and general household bits and bobs"
"51 Grosvenor Road
E11 2ES",A cornucopia of goodies... plus a cake and lemonade stall
"63 Deynecourt Gardens
E11 2BT","Girls and boys clothing from Boden, Next, and others; stokke high chairs; car seat; roller skates and blades; cricket equipment - bag, signed bat, protective helmet, kits leg pads; and lots more."
"30 Spratt Hall Road
E11 2EY","Clothes, books, jeweleryClothes, books, jewelery"
"4 Drummond Road
E11 2JS","Quality clothes sizes 10 to 14. CD's, books, bric-a-brac."
"36 Addison Road
E11 2RG","Kids and adult clothes, toys and other kids items and general household items"
"8 Elmcroft Avenue
E11 2DU",Children’s toys/clothes. Home accessories.
"72 Cowley Road
E11 2HB","My stall will consist of clothes, ladies shoes, pictures, mirrors, vases and general household items."
"26 Hereford Road
E11 2EH","Sports equipment, books, kids toys and clothes, scooter drum kit."
"31 Elmcroft Avenue
E11 2DU",Mainly children’s toys and clothes and household items
"26a Grosvenor Road
E11 2EP",Selling homewares - accessories and furniture - and clothes
"26 Sylvan Road
E11 1qn","A cornucopia of random stuff! Women’s clothes, toddler clothes, glitter balls, a broom, an inflatable banana...and so much more!!"
"29 Warwick Road
E11 2DZ","Sewing creations - Bag for life, Oyster card holders, luggage tags, tooth fairy cushions. + general jumble"
"71 Nightingale Lane
E11 2EY",Pre-loved designer clothes and accessories
"24 Grove Park
E11 2DL","Clothes, books, lemonade, cakes and toys"
"38 Wellington Road
E11 2AU","Bric-a-brac, records, toys and much more"
"87 Warren Road 
E11 2LU","Family clothes, toys, Bric a brac"
"12 Hereford Road
E11 2EA","Homewares, kids clothes and toys."
"15 Langley Drive
E11 2LN","house clearance, furniture, clothes"
"13 Gloucester Road
E11 2ED","Lots of variety of items, including girls bike, scooters, toys and well known branded & good quality clothes - for both children & adults!"
"14 Hereford Road
E11 2EA","Cakes, children’s books and toys"
"11 Gloucester Road
E11 2ED","Huge selection of designer ladies wear (Ted Baker, Karen Millen, Reiss, Hobbs, etc...), lots new with tags. Quality ladies shoes & trainers, lots new & unworn. Plus children’s clothes and toys!!"
"5 Gloucester Road
E11 2ED",A typical yard sale - a bit of everything from the home.
"10 Gloucester Road
E11 2ED","clothes, CD, books, garden tools, childs play house, dog crate, etc."
"18 Warwick Road
E11 2DZ","Women’s, men’s and children’s clothes. Kids toys including dinos and cars."
"42 Cowley Road
E11 2HB","Mainly boys and girls clothes, shoes and toys and some household goods"
5 Chester Road E11 2 JR,"Children's clothes, books etc. Some bric-a-brac...."
"12 Rutland Road
E11 2DY",Gardening goods and plants and household items
"37 Draycott Road
E11 2NX","Childrens books and DVDs, 8 yrs and over."
"40 Chaucer Road
E11 2RE","Bit of everything. Vintage homeward, ladies clothes, kids clothe"
"58 Cowley Road
E11 2HP","Ephemera, from mirrors to furniture to who knows what"
"31 Ashbourne Avenue 
E18 1BJ",Mainly baby and childrenls wear and accessories
"17 Greenstone Mews
E11 2RS","Brica-brac, shelving uprights,  fixings, Tiles, books, CDs,"
"89 Cranbourne Avenue
E11 2BJ","Books, Toys, Clothing, children’s / ladies and small household items"
"2 Elderfield Walk
E11 2DT","Kids toys and books, fiction and non fiction books"
"57 Halstead Road
E11 2AY","Selling books, household objects, clothes, toys, art prints of Wanstead and a lot more!"
"28 Seagry Road
E11 2NH",Homeware
"84 Nightingale Lane
E11 2EZ","Bric-a-brac plus craft and art supplies inc paints, glues, stamps etc... we will be on the forecourt of Gallery 84 Nightingale Lane opp The Nightingale pub.."
"67 Cranbourne Avenue
E11 2BJ","Girls clothes 3-5yrs, women’s clothes, children’s camping equipment, toys"
"35 Warwick Road
E11 2DZ","Boys clothes 0-6 months, girls clothes 2-3 years, baby accessories / toys and vintage jewellery."
"Halstead Road
E11 2AZ","Children's books, clothes including Halloween outfits, toys, car seats"
"39 Vountary Place
E11 2RP","Clothes, baby and toddler items and toys, bikes, homeware, books"
"16 Seagry Road
E11 2NG","Bric a brac- clothes, books and accessories in good condition. Indian savoury items such as samosas and pakoras."
"United Reform Church
E11 2HD","Gifts, bric-a-brac and donated items. All proceeds will go to Church projects."
"3 Stanstead Road
E11 2ET","Girls clothes - mainly aged 6-10 - some nice things - toys - general bric a brac and hopefully cakes, and tea"
"79 Nightingale Lane
E11 2EY","Furniture, homewares, kitchen ware"
"16 Woodcote Road
E11 2QQ","oys, squishies, homeware, bags, clothes, beauty products and much more"
"29A Nightingale Lane
E11 2HD",Baby/children's clothes and toys Adult clothes/shoes
"33 Nightingale Lane
E11 2HD",
"49 Elmcroft Avenue
E11 2BN","Children’s clothing, toys, books, handbags"
"22 Spratt Hall Road
E11 2RQ","clothing,shoes,books,toys, furniture, pictures."
"34 Langley Drive
E11 2JX",
"24 Warwick Road
E11 2DZ","Babies, boys and girls clothes and shoes(0-4 years), Toys, Womens clothes and shoes (S-L), Antiques."
"38 Dangan Road
E11 2RF",
"19 Redbridge Lane West
E11 2JX",
"29 The Warren Drive
E11 2LR","Tvs, DVD player ,picture frames ,shoes , kids bits , toys , iPad cases , gadgets ,"
"116 Overton Drive
E11 2LP","Toys, books, clothes, cowboy things, bric a brac!"
"34 Rutland Road
E11 DY",Kids toys/clothes/books amongst other general items
"91 Gordon Road
E11 2RA","Table out the front of my house with various items, a lot of kids toys and baby items"
"27 Spratt Hall Road
E11 2RQ","Mixed items pictures , jewellery, linen, etc"
"50 Elmcroft Avenue
E11 2BL","vintage China, clothes .bric a brac"
"8a Gloucester Road
E11 2ED","childrens books, clothes, roller blades, scooter, bric a brac"
"27 Addison Road
E11 2RG",women and childrens clothes accessories costume jewellery cakes beauty
"59 Elmcroft Avenue
E11 2BN","Boy and girls children’s clothes, toys, books, ladies clothes, general household items, Bric-a-brac"
"51 Addison Road
E11 2RG","Household, toys, bric-a-brac, pictures, clothes"
"76 Redbridge Lane West
E11 2LA","New and nearly new women’s clothing and footwear, women’s fashion accessories, kids nearly new designer clothing and books."
"32 Rutland Road
E11 2DY","Toys, children's clothes, crockery, bric-a-brac"
"The Corner House
E11 2DL",Home made cards and cakes at the corner house
"The Corner House
2 Grove Park
E11 2DL",
"The Corner House
2 Grove Park
E11 2DL",
"The Corner House
2 Grove Park
E11 2DL","Books, Toys ( Playmobil, Sylvanians, Lego, Build a bear) Children’s clothing and miscellaneous"
"The Corner House
2 Grove Park
E11 2DL","Books, Toys, Clothing, children’s / ladies and small household items"
"The Corner House
2 Grove Park
E11 2DL","Clothes, new, used, designer, vintage!"
"The Corner House
2 Grove Park
E11 2DL","Toys, books, dvds, house stuff, miscellaneous"
"The Corner House
2 Grove Park
E11 2DL","Household & decorative ceramics /glassware /textiles, vhs/dvds/books, womens clothing & accessories."
"The Corner House
2 Grove Park
E11 2DL","The Corner House stall - Candles, diffusers, clothes, shoes, bags, toys and pushchair"
"17 Spratt Hall Road
E11 2RQ",
"30 The Avenue
E11 2EF",General jumble. Lots of books.
"27 Rutland Road
E11 2DY","Children’s clothes (up to c 7 years old, many in ‘as new’ condition), children’s toys and books, adult books and DVDs, household items, baby items"
"44 Buckingham Road
E11 2EB","plants, homemade preserves, books and games"
"7 Carlton Terrace
E11 2EX",
"2 Carlton Terrace
E11 2EX",
"92 Nightingale Lane
E11 2EZ","Stall 1: Children’s toys, books and clothing (boy 4-7yrs). Proceeds in aid of Women in Need - helping women and children escape domestic violence. Women’s/men’s clothing, general household bric a brac etc.
Stall 2: Stall selling larger children’s toys (Imaginext, Octonauts pods etc), lots of dressing up for boy and girl, Hatley raincoats, Gro clock, Ikea children’s armchairs and more.
"
"17 The Green
E11 2NT","Variety of old and new items, e.g. clothes, toys, storage and household items."
"Flat 3, Newbury Court
Cranbourne Avenue
E11 2BG","We are moving overseas so have lots on offer, including baby items and clothes, kitchenware, clothes and more. 
"
"41 Sprall Hall Road
E11 2RQ","Clothes, a couple of bits of vintage furniture, records for £1 each and loads of other things!"
"14 Straun House
E11 2AH","girls clothing new born to 4 years old, shoes & soft toys. Also giving away some of the above for free"
