{
  "licenseType": "Unknown",
  "dc:description": "Imported at Tue Jul 31 05:29:59 PDT 2018 from Sheet1.",
  "exportable": true,
  "dc:title": "Wanstead Fringe Jumble Trail stalls 2019",
  "attribution": "Wanstead Fringe",
  "attributionLink": "http://wansteadfringe.org",
  "dc:modified": "2019-09-14T07:06:12Z",
  "dc:identifier": "1oCRkrcj8MeHSxYuQ11IlafL658pd9u3dYmmLGUrQ",
  "tableSchema": {"columns": [
    {
      "datatype": "location",
      "name": "col0",
      "validateData": false,
      "title": "Address"
    },
    {
      "datatype": "string",
      "name": "col1",
      "validateData": false,
      "title": "Description"
    }
  ]}
}