{
  "licenseType": "Unknown",
  "dc:description": "Imported at Sat Feb 25 17:55:24 PST 2017 from dayalan 1-98 Setup for Excel2KML.csv.",
  "exportable": true,
  "createdBy": "Jeanette Zerneke",
  "dc:title": "Dayalan - South India Sites & Artifacts 3-18-17",
  "attribution": "ECAI / Maritime Buddhism Project - Dayalan",
  "attributionLink": "http://ecai.org/maritimebuddhism",
  "dc:modified": "2017-03-18T04:35:30Z",
  "dc:identifier": "1iUeAaE0Rg8oYpRqLcNUwwkVjFuqbhHYcXbU8aiKm",
  "tableSchema": {"columns": [
    {
      "datatype": "string",
      "name": "col0",
      "validateData": false,
      "title": "Name"
    },
    {
      "datatype": "location",
      "name": "col1",
      "validateData": false,
      "title": "Latitude",
      "latitudeLongitudeColumns": {
        "latitudeColumn": "col1",
        "longitudeColumn": "col2"
      }
    },
    {
      "datatype": "double",
      "name": "col2",
      "validateData": false,
      "title": "Longitude",
      "latitudeLongitudeColumns": {
        "latitudeColumn": "col1",
        "longitudeColumn": "col2"
      }
    },
    {
      "datatype": "date",
      "name": "col3",
      "validateData": false,
      "title": "TimeBegin"
    },
    {
      "datatype": "date",
      "name": "col4",
      "validateData": false,
      "title": "TimeEnd"
    },
    {
      "datatype": "string",
      "name": "col5",
      "validateData": false,
      "title": "AppendDataColumnsToDescription"
    },
    {
      "datatype": "double",
      "formatPattern": "0",
      "name": "col6",
      "validateData": false,
      "title": "ID"
    },
    {
      "datatype": "string",
      "name": "col7",
      "validateData": false,
      "title": "Name of the Site"
    },
    {
      "datatype": "string",
      "name": "col8",
      "validateData": false,
      "title": "Location"
    },
    {
      "datatype": "string",
      "name": "col9",
      "validateData": false,
      "title": "Name of the Village"
    },
    {
      "datatype": "string",
      "name": "col10",
      "validateData": false,
      "title": "Taluk"
    },
    {
      "datatype": "string",
      "name": "col11",
      "validateData": false,
      "title": "District"
    },
    {
      "datatype": "string",
      "name": "col12",
      "validateData": false,
      "title": "North"
    },
    {
      "datatype": "double",
      "name": "col13",
      "validateData": false,
      "title": "Degrees"
    },
    {
      "datatype": "double",
      "name": "col14",
      "validateData": false,
      "title": "Minutes"
    },
    {
      "datatype": "double",
      "name": "col15",
      "validateData": false,
      "title": "Seconds"
    },
    {
      "datatype": "string",
      "name": "col16",
      "validateData": false,
      "title": "East"
    },
    {
      "datatype": "double",
      "name": "col17",
      "validateData": false,
      "title": "Degrees"
    },
    {
      "datatype": "double",
      "name": "col18",
      "validateData": false,
      "title": "Minutes"
    },
    {
      "datatype": "double",
      "name": "col19",
      "validateData": false,
      "title": "Seconds"
    },
    {
      "datatype": "string",
      "name": "col20",
      "validateData": false,
      "title": "Approach to the Site"
    },
    {
      "datatype": "string",
      "name": "col21",
      "validateData": false,
      "title": "Nature of the Findings"
    },
    {
      "datatype": "string",
      "name": "col22",
      "validateData": false,
      "title": "Condition of the Findings"
    },
    {
      "datatype": "string",
      "name": "col23",
      "validateData": false,
      "title": "Size of the Findings"
    },
    {
      "datatype": "string",
      "name": "col24",
      "validateData": false,
      "title": "Brief Description"
    },
    {
      "datatype": "string",
      "name": "col25",
      "validateData": false,
      "title": "Chronology"
    },
    {
      "datatype": "string",
      "name": "col26",
      "validateData": false,
      "title": "DateCertainty"
    },
    {
      "datatype": "string",
      "name": "col27",
      "validateData": false,
      "title": "Ownership"
    },
    {
      "datatype": "string",
      "name": "col28",
      "validateData": false,
      "title": "Associated Findings"
    },
    {
      "datatype": "string",
      "name": "col29",
      "validateData": false,
      "title": "Local Tradition"
    },
    {
      "datatype": "string",
      "name": "col30",
      "validateData": false,
      "title": "Photo Reference"
    },
    {
      "datatype": "string",
      "name": "col31",
      "validateData": false,
      "title": "Published Reference"
    },
    {
      "dc:description": "Images associated with each site profile",
      "datatype": "string",
      "formatPattern": "<a href='%1$s'>%1$s<\/a>",
      "name": "col32",
      "validateData": false,
      "title": "SiteImage"
    },
    {
      "datatype": "string",
      "name": "col33",
      "validateData": false,
      "title": "ImageDisplay"
    },
    {
      "dc:description": "notes about data and changes made to make it functional",
      "datatype": "string",
      "name": "col34",
      "validateData": false,
      "title": "ECAI note"
    }
  ]}
}