STATUS,NUMBER,STREET,ADDRESS,TAX ID #,ZIPCODE,app sent,NOTES,BANK OWNED?,CURRENT OWNER,OWNERS MAILING ADDRESS,additional notes,,,
,385,TITUS AVE,"385 TITUS AVE Rochester New York Rochester, NY",076.14-8-10,"Rochester, NY",14617,,Foreclosure Auction 3/22/16(ownership changed re-registered),yes,Fannie Mae,14221 Dallas Pkwy ste 1000. Dallas TX 75254,CK#6196,$100.00,"Also: Safeguard Properties 7887 Safeguard Cir. Valley View, OH 44125"
FOR SALE,837,TITUS AVE,"837 TITUS AVE Rochester New York Rochester, NY",076.15-4-1,"Rochester, NY",14617,,,,Bayview Loan Servciing LLC,4425 Ponce De leon Blvd. 6th Fl. Coral Gables FL 33146,CK#252231,$100.00,Also: Cyprexx Services LLC 3804 Coconut Palm Dr. Tampa FL 33647
,1408,TITUS AVE,"1408 TITUS AVE Rochester New York Rochester, NY",076.16-3-30,"Rochester, NY",14617,,,yes,Caliber Home Loans,"715 S Metropolitan Ave. Oklahoma City, OK 73108",CK#6340063,$100.00,"Also: Safeguard Properties 7887 Safeguard Cir. Valley View, OH 44125"
,1418,TITUS AVE,"1418 TITUS AVE Rochester New York Rochester, NY",076.16-3-32,"Rochester, NY",14617,,,,Carrington Mortgage Service,1600 S Douglass Rd 200-A. Anaheim CA92806,CK#690917,$100.00,
,1871,TITUS AVE,"1871 TITUS AVE Rochester New York Rochester, NY",07.14-1-26,"Rochester, NY",14622,,,"Bayview Loan Servicing, LLC","4425 Ponce De Leon Blvd 5th Fl, Coral Gables, FL  33146",,CK#272305,$100.00,
,2125,TITUS AVE,"2125 TITUS AVE Rochester New York Rochester, NY",077.14-3-12,"Rochester, NY",14622,,Forclosure was released on 4/21/2016,yes,Nationstar Mortgage LLC,"8950 Cypress Waters Blvd. Dallas, TX",CK#6384317,$100.00,"Also: Safeguard Properties 7887 Safeguard Cir. Valley View, OH 44125"
,2796,TITUS AVE EXT,"2796 TITUS AVE EXT Rochester New York Rochester, NY",077.12-1-47,"Rochester, NY",14622,,,YES,"DITECH FINACIAL, LLC","7360 S KYRENE RD, STE. 101 TEMPE, AZ 85283",CK#6407137,$100.00,"Also: Safeguard Properties 7887 Safeguard Cir. Valley View, OH 44125"
,991,THOMAS AVE,"991 THOMAS AVE Rochester New York Rochester, NY",047.18-2-8,"Rochester, NY",14617,,,,BEATRICE LEE,"1 Home Campus MAC F2303-04J Des Moines, IA 50328",CK#9014670806,$100.00,PROPERTY MANAGER: WELLS FARGO BANK NA
,21,TOPPER DR,"21 TOPPER DR Rochester New York Rochester, NY",062.15-4-28,"Rochester, NY",14622,,transferred to HUD 4/4/16,,USA/HUD,"Secretary of HUD: 100 Penn Sq E. Philadelphia, PA 19107",CK#4001039391,$100.00,
,37,VINTON RD,"37 VINTON RD Rochester New York Rochester, NY",092.06-1-42,"Rochester, NY",14622,,,yes,Nationstar Mortgage LLC,"8950 Cypress Waters Blvd. Dallas, TX",CK#6308580,$100.00,
,240,BENNETT AVE,240 BENNETT AVE Rochester New York 14609,092.46-1-1,14609,,,yes,Wells Fargo Bank NA,"1 Home Campus MAC F2303-04J Des Moines, IA 50328",CK#9014373356,$ 100.00,,
,319,WAHL RD,319 WAHL RD Rochester New York 14609,092.11-3-51,14609,,,YES,MIDFIRST BANK,999 NW GRAND BLVD OAKLAHOMA CITY OK 73118,CK#:00663289,$ 100.00,ALSO SAFEGAURD PROPERTIES,
FORECLOSURE,365,BENNETT AVE,365 BENNETT AVE Rochester New York 14609,092.32-2-67,14609,7/31/2015,Foreclosure Auction 4/25/16,Yes,291427,"1000 Technology Drive, O'Fallon, MO  622368",CK#291427,$ 100.00,Previous owner: Justin Shaw,
,370,WALZFORD RD,370 WALZFORD RD Rochester New York 14622,077.15-1-26,14622,,,yes,Nationstar Mortage LLC,"8950 Cypress Waters Blvd. Dallas, TX 75063",CK#255725,$ 100.00,"also: Mortgage Contracting Services LLC 6504 International Pkwy ste: 1500. Plano, TX 75093",
,310,BLEAKER ROAD,310 BLEAKER ROAD Rochester New York 14609,092.14-2-18,14609,4/13/2016,,yes,Wells Fargo Bank NA,"1 Home Campus MAC F2303-04J Des Moines, IA 50328",CK#7030519393,$ 100.00,,
FORECLOSURE,440,BRANDON RD,440 BRANDON RD Rochester New York 14622,077.11-7-36,14622,,Foreclosure Auction 12/18/15,yes,Caliber Home Loans,"13801 Wireless Way. Oklahoma City, OK 73134",CK#6381082,$ 100.00,"Also: Safeguard Properties 7887 Safeguard Cir. Valley View, OH 44125",
FORECLOSURE,44,BRETT RD,44 BRETT RD Rochester New York 14609,17.15-2-72,14609,,,yes,Chase Bank,highriskviolations@chase.com,CK#186,$ 100.00,,
,229,BROCKLEY,229 BROCKLEY Rochester New York 14609,107.15-3-47,14609,4/19/2016,,YES,Wells Fargo Bank NA,ALSO: WELLS FARGO BANK N.A 1HOME CAMPUS MAC F230304-J DES MOINES IA 50328,CK#4001067553,$ 100.00,,
,37,BRODERICK,37 BRODERICK Rochester New York 14622,062.15-3-70,14622,4/14/2016,,yes,Wells Fargo Bank NA,"1 Home Campus MAC F2303-04J Des Moines, IA 50328",CK#7030519396,$ 100.00,,
,110,BROOKDALE PK,110 BROOKDALE PK Rochester New York 14609,092.10-1-6,14609,,,yes,Nationstar Mortage LLC,8950 Cypress Waters Blvd. Dallas TX 75063,CK#5308579,$ 100.00,"Also: Safeguard Properties 7887 Safeguard Cir. Valley View, OH 44125",
,245,BROOKDALE PK,245 BROOKDALE PK Rochester New York 14609,092.10-2-30,14609,,,,"Ditech Financial, LLC","7360 S Kyrene Rd, Ste. 101, Tempe, Az  85283",CK#6407138,$ 100.00,7887 Safeguard,
,253,BROOKDALE PK,253 BROOKDALE PK Rochester New York 14609,092.1-2-31,14609,,,yes,CitiMortgage,"1000 Technology Dr. O'Fallon, MO 63368",CK#132325469,$ 100.00,"Also: Safeguard Properties 7887 Safeguard Cir. Valley View, OH 44125",
,76,ARAGON AVE,76 ARAGON AVE Rochester New York 14622,077.07-2-23,14622,,paid rental fee,,Stephen Meyvis,179 Dellwood Rd. Roch NY 14616,,,,
,397,BARRY RD,397 BARRY RD Rochester New York 14617,091.06-2-11,14617,,no fee (to be renovated and sold),,Jerry Yaravitz,151 Timber Cove Ln. Apt C. Webster NY 14580,,,,
,150,S BAY FRONT LN,150 S BAY FRONT LN  Rochester New York 14622,093.17-1-48,14622,,,,James M Flammia Sr,109 kings gate N. Roch NY 14617,CK#774,$ 100.00,,
,109,BAYTON DR,109 BAYTON DR  Rochester New York 14622,062.15-6-52,14622,,,yes,Nationstar Mortage LLC,8950 Cypress Waters Blvd. Dallas TX 75063,CK#6308581,$ 100.00,"Also: Safeguard Properties 7887 Safeguard Cir. Valley View, OH 44125",
FORECLOSURE,281,BAY VILLAGE DR,281 BAY VILLAGE DR Rochester New York 14609,092.12-3-1./281,14609,,Foreclosure Auction 4/18/16,yes,"Seterus, Inc","14523 SW Millikan Way. Ste 200. Beaverton, OR 97005",CK#6386963,$ 100.00,,
,458,BAY VILLAGE DR,458 BAY VILLAGE DR Rochester New York 14609,092.12-3-1./458,14609,,,yes,"Seterus, Inc","14523 SW Millikan Way. Ste 200. Beaverton, OR 97005",CK#6313271,$ 100.00,"Also: Safeguard Properties 7887 Safeguard Cir. Valley View, OH 44125",
FORECLOSURE,95,BENNETT AVE,95 BENNETT AVE Rochester New York 14609,092.53-2-53,14609,7/31/2015,Foreclosure Auction 4/18/16,yes,CitiMortgage,"1000 Technology Drive, O'Fallon, MO  622368",CK#291284,$ 100.00,"Also: Safeguard Properties 7887 Safeguard Cir. Valley View, OH 44125",
,133,BENNETT AVE,133 BENNETT AVE Rochester New York 14609,092.45-2-53,14609,,,yes,PennyMac,"6101 Condor Dr. Moorpark, CA 93021",CK#20012150,$ 100.00,"Prop manager: Rick Giancursio AFAS c/o Turnkey Property management 21 White Trail Rise. Rochester, NY 14622. phone #585-737-3505",
FOR 2015,386,BROOKVIEW DR,386 BROOKVIEW DR Rochester New York 14617,076.19-3-18,14617,,,,Richard Leinen,"196 Beals ST. Canandaigua, NY 14424",CK#171,$ 100.00,,
,386,BROOKVIEW DR,386 BROOKVIEW DR Rochester New York 14617,076.19-3-18,14617,,Celink will maintain/secure property while vacant/registry paid by Five brother mortgage,,Celink,"3900 Captial City Blvd., Lansing, MI  48906",CK#710478,$ 100.00,,
,994,BROWN RD,994 BROWN RD Rochester New York 14622,77.13-3-74,14622,,,,Salvatore Stalteri,"251 Gilmore Rd. Brockport, NY",CK#3438,$ 100.00,,
,116,CEDARGROVE DR,116 CEDARGROVE DR Rochester New York 14617,076.16-1-67,14617,,vacant per IPS complaint 2015-0544,,Kelly Shackelford,116 Cedargrove Dr. Roch NY 14617,CK#7030519398,$ 100.00,,
,95,CHIMAYO RD,95 CHIMAYO RD Rochester New York 14617,076.14-4-15,14617,,,yes,"Seterus, Inc",14523 SW Millikan Way. Ste 200. Beaverton OR 97005,CK#6301858,$ 100.00,"Also: Safeguard Properties 7887 Safeguard Cir. Valley View, OH 44125",
,77,CLIFFORDALE PK,77 CLIFFORDALE PK Rochester New York 14609,107.07-3-27,14609,,,yes,Midfirst Bank,"999 N West Grand Blvd. Oklahoma City, OK 73118",CK#00642856,$ 100.00,"Also: Safeguard Properties 7887 Safeguard Cir. Valley View, OH 44125",
,83,CLIFFORDALE PK,83 CLIFFORDALE PK Rochester New York 14609,107.07-3-28,14609,,,yes,Caliber Home Loans,"3701 Regent Blvd. Irving, TX 75063",CK#123283,$ 100.00,Also: M&M mortgage services. C/O Leyla Perez 12245 SW 132nd Ct. Miami FL 33186,
,194,COOPER RD,194 COOPER RD Rochester New York 14617,076.11-5-33,14617,4/14/2016,,yes,Wells Fargo Bank NA,"1 Home Campus MAC F2303-04J Des Moines, IA 50328",CK#7030519401,$ 100.00,,
,53,CULVER PKWY,53 CULVER PKWY Rochester New York 14609,107.10-2-8,14609,,,,Celink,"3900 Capital City Blvd, Lansing, MI  48906",CK#708135,$ 100.00,,
,274,EATON RD,274 EATON RD Rochester New York 14617,061.06-2-34,14617,,,YES,THE BANK OF NEW YORK MELLON C/O SELECT PORTFOLIO SERVICING,3217 S DECKER LAKE DRIVE WEST VALLY CITY UT 84165,CK#20151,$ 100.00,SAFE GUARD PROPERTIERS,
,49,EDGEWATER LN,49 EDGEWATER LN Rochester New York 14617,061.12-1-4,14617,,,yes,Assuant  Field Assets,"101 W Louis Henna Blvd Ste 400. Austin, TX 78728",CK#20009017,$ 100.00,,
FORECLOSURE,240,ELLINWOOD DR,240 ELLINWOOD DR Rochester New York 14622,077.17-2-32,14622,,"4/13/16 Phone call from Midfirst Bank (Christy Hill), transferred to HUD",yes,HUD/USA,,CK#00652887,$ 100.00,,
,264,ELLINWOOD DR,264 ELLINWOOD DR Rochester New York 14622,077.17-2-3,14622,,,,Judith Hain,"214 Bayview Dr. Roch, NY 14609",CK#3422,$ 100.00,,
,362,FALSTAFF RD,362 FALSTAFF RD Rochester New York 14617,107.11-6-59,14617,,,,Mark R. Paprocki,115 N Briarwood Dr. Roch NY 14617,CK#1425,$ 100.00,,
,382,FALSTAFF RD,382 FALSTAFF RD Rochester New York 14609,107.11-6-56,14609,,,YES,Wells Fargo Bank NA,"1 Home Campus MAC F2303-04J Des Moines, IA 50328",CK#9014677673,$ 100.00,,
,118,FILON AVE,118 FILON AVE Rochester New York 14622,077.07-2-69,14622,,,,USA/HUD,"4100 Will Rogers Pkwy. Oklahoma City, OK 73108",CK#048896,$ 100.00,also: Ason's Construction 3100 S Tillotson Ave Muncie IN 47302,
,192,FLEETWOOD DR,192 FLEETWOOD DR Rochester New York 14609,092.1-2-66,14609,,"boxes not checked, no statement of plan (returned app)",,Quicken Loans,"635 Woodward Ave. Detroit, MI 48226",CK#260234,$ 100.00,,
,128,FOREST AVE,128 FOREST AVE Rochester New York 14622,077.19-2-4,14622,,,yes,Dakota Asset Services,17171 Park Row. Ste 215. Houston TX 77084,CK#20011617,$ 100.00,,
FORECLOSURE,1969,GOODMAN ST N,1969 GOODMAN ST N Rochester New York 14609,092.09-3-11,14609,,Foreclosure Auction 4/15/16,M & T Bank,"475 Crosspoint Pkwy. Getzville, NY 14608",CK#140735137,$100.00,"Also: MSI, Inc 500 grapevine Hwy. Ste 400. Hurst TX 76054",,
,2116,GOODMAN ST N,2116 GOODMAN ST N Rochester New York 14609,092.37-1-85,14609,,,M & T Bank,"475 Crosspoint Pkwy. Getzville, NY 14608",CK#140809289,$100.00,"Also: MSI, Inc 500 grapevine Hwy. Ste 400. Hurst TX 76054",,
,36,GREENSIDE LN,36 GREENSIDE LN Rochester New York 14617,91.7-1-57,14617,,,"REOCO, LLC","250 Tequesta Dr. #306. Tequesta, FL 33469",CK#16458,$100.00,,,
,42,HARRISON TER,42 HARRISON TER Rochester New York 14617,047.66-1-56,14617,,,,Bank of America,"16001 N Dallas Pkwy, Addison, TX 75001",CK# 6443943,,,
FORECLOSURE,146,HARTSDALE RD,146 HARTSDALE RD Rochester New York 14617,077.11-5-59,14617,,Foreclosure Auction 2/03/16,yes,M&T Bank,"475 Crosspoint Pkwy. Getzville, NY 14068",CK#140735137,$ 100.00,"Also: MSI, Inc.500 Grapevine Hwy. Ste 400. Hurst TX 76054",
,282,HARTSDALE RD,282 HARTSDALE RD Rochester New York 14622,077.11-5-37,14622,,,yes,Caliber Home Loans,3701 Regent Blvd. Irving TX 75063,CK#133126,$ 100.00,,
,6,HASTINGS LN,6 HASTINGS LN Rochester New York 14617,061.19-2-32,14617,,,,PHH Mortgage Corp,"2001 Bishop Gate Blvd.  Mt Laurel, NJ 08054",CK#3608504,$ 100.00,,
,321,HEBERLE RD,321 HEBERLE RD Rochester New York 14609,092.11-4-64,14609,,transferred to HUD,yes,USA/HUD,"C/O Information Systems & network Corp. Shepherd Mall office Complex. 2401 NW 23rd St. Ste 1D. Oklahoma City, OK 73107",,$ 100.00,CK# 7030475333,
,144,HERMITAGE RD,144 HERMITAGE RD Rochester New York 14617,061.11-4-46,14617,3/8/2016,vacant per IPS complaint 2015-0118,yes,"Wells Fargo Bank, NA","3476 Stateview Blvd. Fort Mill, SC 29715",CK# 6000821022,$ 100.00,ALSO: WELLS FARGO BANK N.A 1HOME CAMPUS MAC F230304-J DES MOINES IA 50328,
,172,HERMITAGE RD,172 HERMITAGE RD Rochester New York 14617,061.11-4-42,14617,,,,"Ditech Financial, LLC","7360 S Kyrene Rd, Ste. 101, Tempe, Az  85283",CK#6433092,$ 100.00,,
,1880,HUDSON AVE,1880 HUDSON AVE Rochester New York 14617,076.19-4-65,14617,,,,Stephen Matkwsky,50 Veronica Dr. Roch NY 14617,CK#4960,$ 100.00,,
,589,HURSTBOURNE,589 HURSTBOURNE Rochester New York 14617,107.12-1-79,14617,,,,Myers Own Homes LLC,2 Abbotswood Crescent. Penfield NY 14526,CK#453,$ 100.00,,
,79,IMPALA DR,79 IMPALA DR Rochester New York 14609,092.09-2-40,14609,,,,CitiMortgage,"1000 Technology Drive, O'Fallon MO  63368",CK#132325468,$ 100.00,,
,6,W IMPERIAL HTS,6 W IMPERIAL HTS Rochester New York 14617,076.08-1-10,14617,,,,Cheryl Gurjansky,,CK#217387,$ 100.00,,
,103,KEATING AVE,103 KEATING AVE  Rochester New York 14622,062.15-6-87,14622,4/13/2016,,YES,Wells Fargo Bank NA,WELLS FARGO BANK N.A 1HOME CAMPUS MAC F230304-J DES MOINES IA 50328,CK#7030525469,$ 100.00,,
,58,KNAPP AVE,58 KNAPP AVE Rochester New York 14609,092.53-2-40,14609,,,yes,Wells Fargo Bank NA,"1 Home Campus, MAC F2303-04J Des Moines IA 50328",CK#7030519394,$ 100.00,,
,117,KNAPP AVE,117 KNAPP AVE Rochester New York 14609,092.53-2-29.1,14609,3/29/2016,vacant per FMGM per IPS complaint 2016-0153,yes,PHH-PPR,"1 Mortgage Way. Mt laurel, NJ 08054",CK#20012329,$ 100.00,Also: Assurant Field Asset Services: VPR Dept. 101 W Louis Henna Blvd. # 400. Austin TX 78728,
,253,LAKE BREEZE PK,253 LAKE BREEZE PK Rochester New York 14622,077.07-5-38,14622,,,YES,"Wells Fargo Bank, NA","1 Home Campus, MAC F2303-04J Des Moines IA 50328",CK:7030501815,$ 100.00,,
,423,LAKE FRONT,423 LAKE FRONT  Rochester New York 14617,047.66-1-28,14617,,,,Samuel M Dimarzo,423 Lake Front. Roch NY 14617,CK#1007,$ 100.00,,
,441,LAKE SHORE BLVD,441 LAKE SHORE BLVD Rochester New York 14617,047.19-1-53,14617,3/16/2016,,yes,Specialized Asset management,"8742 Lucent Blvd. ste 300. Littleton, CO 80129",CK#6197,$ 100.00,,
,714,LAKE SHORE BLVD,714 LAKE SHORE BLVD Rochester New York 14617,047.19-4-55,14617,,,,Caliber Home Loans,"13801 Wireless Way, Oklahoma City, OK  73134",CK#6430088,$ 100.00,,
,907,LAKE SHORE BLVD,907 LAKE SHORE BLVD Rochester New York 14617,061.08-1-5,14617,,,,The Estate of James D Sand,"907 Lakeshore Blvd Rochester, NY 14617",CK#9014677672,$ 100.00,WELLS FARGO BANK NA PROPERTY MANAGER,
,576,LAURELTON RD,576 LAURELTON RD Rochester New York 14609,017.11-3-42,14609,,abandoned house per IPS complaint 2014-1145,,Angela M Maurizio,576 Laurelton Rd. Roch NY 14609,CK#9014677674,$ 100.00,WELLS FARGO BANK NA PROPERTY MANAGER,
,395,LONG ACRE RD,395 LONG ACRE RD Rochester New York 14621,91.06-4-1,14621,,,yes,"Wells Fargo Bank, NA","3476 Staeview Blvd. Fort Mill, SC 29715",CK#9013590290,$ 100.00,,
,244,MALLARD DR,244 MALLARD DR  Rochester New York 14622,062.15-2-31,14622,,see IPS complaint 2015-0739,,Daniel E Morin,244 Mallard Dr. Roch NY 14622,CK#90144670805,$ 100.00,"WELLS FARGO BANK NA, PROPERTY MANAGER",
,96,MAPLEHURST RD,96 MAPLEHURST RD Rochester New York 14617,076.17-7-47,14617,,,YES,US HUD/ASONS,3100 S. Tillotson ave. Muncie IN 47302,CK#048234,$ 100.00,,
,73,NANDOR DR,73 NANDOR DR Rochester New York 14617,092.14-4-82,14617,4/7/2016,transferred to bank 2/1/16,yes,Wells Fargo Bank NA,"1 Home Campus MAC F2303-03R Des Moines, IA 50328",CK#7030519397,$ 100.00,HSBC BANK,
,85,PARDEE RD,85 PARDEE RD Rochester New York 14609,107.07-1-27,14609,,,YES,Wells Fargo Home Mortgage,"One Home Campus MAC F2303-04J Des Moines, IA 50328",CK#7030304532,$ 100.00,,
,299,PATTONWOOD DR,299 PATTONWOOD DR Rochester New York 14617,047.18-2-34,14617,,Code Compliance/SafeGuard Properties,YES,HSBC Mortgage,636 Grand Regency Blvd,CK#6453671,$ 100.00,,
,195,PAXTON RD,195 PAXTON RD Rochester New York 14617,076.17-5-17,14617,3/29/2016,,yes,Bank of America,"1705 Corporate Dr PTX-C35. Plano, TX 75024",#6407354,$ 100.00,"BANK OF AMERICA 16001 N DALLAS PKY ADDISON, TX 75001 (ASLO SAFEGUARD PROPERTIES)",
,31,PEART AVE,31 PEART AVE Rochester New York 14622,077.42-1-18,14622,,,,David Russell,31 Peart Ave. Roch Ny 14622,CK#612836,$ 100.00,,
,225,PEART AVE,225 PEART AVE Rochester New York 14622,077.07-3-53,14622,,,,Lawrence McCarthy,"1463 Apple Valley Rd. Apple Valley, CA 92307",CK#8727,$ 100.00,,
,253,PT PLEASANT RD,253 PT PLEASANT RD Rochester New York 14622,062.83-2-23,14622,,,,First Niagara Bank,"4224 Ridge Lea Rd, Amherst, NY  14226",CK#706271,$ 100.00,,
,193,RANSFORD,193 RANSFORD Rochester New York 14622,092.06-3-1.1,14622,,,yes,Caliber Home Loans,"13801 Wireless Way Oklahoma City, OK 73134",CK#6447464,$ 100.00,"Property Manager: Curtis Amesbury, Jr (585)733-7595",
FORECLOSURE,95,RIDGEWOOD DR,95 RIDGEWOOD DR Rochester New York 14617,077.18-2-76,14617,,Foreclosure Auction 2/02/16,yes,M&T Bank,475 Crosspoint Pkwy. Getzville NY 14068,CK#140775461,$ 100.00,"Also: MSI Inc 500 grapevine Hwy. Ste 400. Hurst, TX 76054",
,338,ROGERS PARKWAY,338 ROGERS PARKWAY Rochester New York 14617,076.14-5-53,14617,,,yes,Caliber Home Loans,"13801 Wireless Way Oklahoma City, OK 73134",CK#6407873,$ 100.00,"Property Manager: Omer Kapic 724 Ridge Road Webster, NY 14580, also SAFEGAURD PROOERTIES.",
,219,ROSEMONT DR,219 ROSEMONT DR Rochester New York 14617,076.18-3-55,14617,,,yes,"Wells Fargo Bank, NA","3476 Stateview Blvd. Fort Mill, SC 29715",CK#7029402079,$ 100.00,,
,33,RUSSELL AVE,33 RUSSELL AVE Rochester New York 14622,092.06-2-3,14622,,,,,33 RUSSELL AVENUE ROCHESTER NY 14622,CK#7030519395,$ 100.00,PROPERTY MANAGER WELLS FARGO BANK NA,
,127,RUSSELL AVE,127 RUSSELL AVE Rochester New York 14617,092.6-2-14,14617,,,transferred from M&T Bank to State of NY,State of NY Mortgage Agency,"641 Lexington Ave. New York, NY 10022",CK#217386,$ 100.00,,
,73,SCHOLFIELD RD,73 SCHOLFIELD RD Rochester New York 14617,076.17-2-35,14617,,transferred from federal national mort to BOA,YES,"Bank of America, NA","7105 Corporate Dr. Plano, TX 75024",CK#6319565,$ 100.00,"Also: Safeguard Properties 7887 Safeguard Cir. Valley View, OH 44125",
DUE 4/1/16,326,SENECA AVE,326 SENECA AVE Rochester New York 14621,077.11-1-53,14621,3/16/2016,WELLS FARGO BANK,yes,Wells Fargo Bank,"3476 Statview Blvd. Fort Mills, SC 29715",CK#7030488708,$ 100.00,ALSO: WELLS FARGO BANK N.A 1HOME CAMPUS MAC F230304-J DES MOINES IA 50328,
,556,SENECA AVE,556 SENECA AVE Rochester New York 14621,091.06-5-5,14621,,WELLS FARGO BANK,,,"1 Home Campus, MAC F2303-04J Des Moines IA 50328",CK#7029556383,$ 100.00,,
,401,WASHINGTON AVE,401 WASHINGTON AVE Rochester New York 14617,061.07-1-39,14617,,,no,Mortgagee: Caliber Home Loans,"6030 Conncection Drive Irving, TX 75039",Ck #154192,$ 100.00,Also: Richard Gross address unknown,
,584,WASHINGTON AVE,584 WASHINGTON AVE Rochester New York 14617,47.19-2-45,14617,,,,JMHS Group LLC,1900 Empire Blvd. #225. Webster NY 14580,CK#747,$ 100.00,,
,905,WESTGATE AT THE HARBOR,905 WESTGATE AT THE HARBOR Rochester New York 14617,047.56-2-1./905,14617,,,,SHELLPOINT MORTGAGE SERVICES,"15 S MAIN STREET SUITE 700 GREENVILLE, SC 29601",CK#281667,$ 100.00,PROPERTY MANAGER: CODE COMPLIANCE 6504 INTERNATIONAL PKWY SUIT 1500 GREENVILLE SC 29601,
FORECLOSURE,31,WINFIELD RD,31 WINFIELD RD Rochester New York 14622,077.14-4-5,14622,4/14/2016,Foreclosure Auction 4/18/16,,Duane P Gosley,31 Winfield Rd. Roch NY 14622,CK#7030525470,$ 100.00,ALSO: WELLS FARGO BANK N.A 1HOME CAMPUS MAC F230304-J DES MOINES IA 50328,
,374,WINFIELD RD,374 WINFIELD RD Rochester New York 14622,077.15-1-78,14622,,,,Nesta Abick (executor),"331 Elmora Ave. APT 3-J. Elizabeth, NJ 07208",CK#2079,$ 100.00,additional contact info: #908-906-2937 and nestamae@gmail.com,
,778,WINONA BLVD,778 WINONA BLVD Rochester New York 14617,076.06-4-29,14617,,,,CitiMortgage,"1000 Technology Drive, O'Fallon, MO  63368",CK# 291282,$ 100.00,"Also: Safeguard properties. 7887 Safeguard Cir. Valley View, OH 44125",
,1185,WINTON RD N,1185 WINTON RD N Rochester New York 14609,107.12-3-44,14609,,,yes,Seterus INC,"14523 SW Millikan Way. Ste 200. beaverton, OR 97005",CK#6315765,$ 100.00,"Also: Safeguard properties. 7887 Safeguard Cir. Valley View, OH 44125",
,414,SIMPSON RD,414 SIMPSON RD Rochester New York 14617,091.06-2-17,14617,,,YES,US/HUD,"400 Will Rogers Pkwy. Ste 300. Oklahoma City, OK 73108",CK#320200,$ 100.00,,
,130,WORTHINGTON RD,130 WORTHINGTON RD Rochester New York 14622,077.14-4-97,14622,,WELLS FARGO BANK NA PROPERTY MANAGER,,LISA ROCKLEIN,"1 Home Campus MAC F2303-04J Des Moines, IA 50328",CK#7030519400,$ 100.00,"Aslo: Safeguard Properties, 7887 Safeguard Circle, Valley View, OH  44125 #(800)852-8306",
,330,SOMERSHIRE DR,330 SOMERSHIRE DR Rochester New York 14617,076.11-5-53,14617,5/17/2016,WELLS FARGO BANK PROPRTY MANAGER,,Joselito & Jacqueline Perez,330 Somershire Dr. Roch. NY 14617,CK#7030671842,$ 100.00,,
,36,YORKSHIRE,36 YORKSHIRE Rochester New York 14609,107.07-4-80,14609,,,,Celink,"3900 Capital City Blvd, Lansing, MI  48906",CK#710601,$ 100.00,,
,2438,ST PAUL BLVD,2438 ST PAUL BLVD Rochester New York 14617,076.17-5-92,14617,,,,Fay E. Mosher,"1 Home Campus MAC F2303-04J Des Moines, IA 50328",CK#7030519399,$ 100.00,PROPERTY MANAGER WELLS FARGO BANK NA,
,52,SUMMERVILLE DR,52 SUMMERVILLE DR Rochester New York 14617,047.64-2-6,14617,,,yes,Clear Spring LS,18451 N Dallas Pkwy. Ste 100 Dallas TX 75287,CK#271178,$ 100.00,,
FORECLOSURE,127,TAFT AVE,"127 TAFT AVE Rochester New York Rochester, NY",092.45-1-17,"Rochester, NY",14609,,Foreclosure Auction 1/11/16,yes,Bank of New York Mellon,2550 Commes Centre Dr 1st Floor. Lake Forest CA 92630,CK#14791,$100.00,
,345,TAFT AVE,"345 TAFT AVE Rochester New York Rochester, NY",92.37-1-63,"Rochester, NY",14609,,updated 6/3/16,yes,PNC Mortgage,7681 Tylers Place Blvd. West Chester OH 45069,CK#6420601,$100.00,"Also: Larry Magguilli. 300 Monroe Ave. Rochester, NY 14618 Homes1960@aol.com"
,149,THORNDYKE RD,"149 THORNDYKE RD Rochester New York Rochester, NY",076.14-7-55,"Rochester, NY",14617,,,yes,Secretary of HUD,"451 SW 7th St. Washington, DC 20410",CK#044817,$100.00,
,220,THORNDYKE RD,"220 THORNDYKE RD Rochester New York Rochester, NY",076.14-8-23,"Rochester, NY",14617,3/29/2016,,yes,Carrington Mortgage Service,1600 S Douglass Rd 200-A. Anaheim CA92806,CK#696226,$100.00,also: Default_coll_preserve@carringtonms.com
