{
  "licenseType": "Unknown",
  "dc:description": "Imported at Thu Aug 18 11:45:51 PDT 2016 from Copy of Registered Vacant Properties_August 2016 - Copy.xls.",
  "exportable": true,
  "dc:title": "Copy of Registered Vacant Properties_August 2016 - Copy",
  "dc:modified": "2016-08-18T19:00:53Z",
  "dc:identifier": "1VrMXHznEjy39QFs6mRA8E2jX34vryfD5pAlfc1Ft",
  "tableSchema": {"columns": [
    {
      "datatype": "string",
      "name": "col0",
      "validateData": false,
      "title": "STATUS"
    },
    {
      "datatype": "double",
      "name": "col1",
      "validateData": false,
      "title": "NUMBER"
    },
    {
      "datatype": "string",
      "name": "col2",
      "validateData": false,
      "title": "STREET"
    },
    {
      "datatype": "location",
      "name": "col3",
      "validateData": false,
      "title": "ADDRESS"
    },
    {
      "datatype": "string",
      "name": "col4",
      "validateData": false,
      "title": "TAX ID #"
    },
    {
      "datatype": "double",
      "name": "col5",
      "validateData": false,
      "title": "ZIPCODE"
    },
    {
      "datatype": "date",
      "name": "col6",
      "validateData": false,
      "title": "app sent"
    },
    {
      "datatype": "string",
      "name": "col7",
      "validateData": false,
      "title": "NOTES"
    },
    {
      "datatype": "string",
      "name": "col8",
      "validateData": false,
      "title": "BANK OWNED?"
    },
    {
      "datatype": "string",
      "name": "col9",
      "validateData": false,
      "title": "CURRENT OWNER"
    },
    {
      "datatype": "string",
      "name": "col10",
      "validateData": false,
      "title": "OWNERS MAILING ADDRESS"
    },
    {
      "datatype": "string",
      "name": "col11",
      "validateData": false,
      "title": "additional notes"
    },
    {
      "datatype": "string",
      "name": "col12",
      "validateData": false
    },
    {
      "datatype": "string",
      "name": "col13",
      "validateData": false
    },
    {
      "datatype": "string",
      "name": "col14",
      "validateData": false
    }
  ]}
}