Technology,Thumbnail,URL,Oneliner,Description,Time,Audience,Problem,Collaboration,Structure,Review,Licensing,University,Complexity,Existing Policy of Logo Use,Can we use the logo?,Email,Address,Status,Windows Store?,UniversityOwned,VideoURL
SoundCloud,http://www.sonicscoop.com/site/wp-content/uploads/2012/06/soundcloud-logo.gif,http://soundcloud.com/,"Create, record and share audio clips","SoundCloud is the world’s leading social sound platform where anyone can create sounds and share them everywhere.

Recording and uploading sounds to SoundCloud lets people easily share them privately with their friends or publicly to blogs, sites and social networks.",4,5,1,1,1,4,Free,No,Medium,,yes,http://help.soundcloud.com/customer/portal/emails/new,,"emailed via form, received reply",,,
YouTube,http://www.youtube.com/yt/brand/media/image/YouTube-logo-full_color.png,http://www.youtube.com/,"Video-sharing website on which users can upload, share, and view videos","YouTube allows people to discover, watch and share originally-created videos. YouTube provides a forum for people to connect, inform, and inspire others across the globe and acts as a distribution platform for original content creators and advertisers large and small.",4,5,5,3,1,4,Free,No,Medium,,?,Ross Mahon <rossmahon@google.com>,,"emailed, completed a request form: https://support.google.com/youtube/contact/brand_request",,,
Flickr,http://www.bloggingpro.com/wp-content/uploads/2012/07/flickr.jpg,http://www.flickr.com/,On-line photo management and sharing application,"Flickr is an image hosting and video hosting website, web services suite, and online community.

Multiple ways to upload your photos to Flickr—through the web, your mobile device, email or your favorite photo applications.

Upload your photos once to Flickr, then easily and safely share them through Facebook, Twitter, email, blogs and more.",4,5,3,4,4,4,Free,No,Medium,,?,permissions-requests@yahoo-inc.com,,emailed,,,
Blogger,http://upload.wikimedia.org/wikipedia/commons/thumb/3/31/Blogger.svg/256px-Blogger.svg.png,http://www.blogger.com,"Blogging tool with beautiful, customizable templates and layouts","Blogger is a web-based tool from Google that helps you publish to the web instantly - whenever the urge strikes. It's the leading tool in the rapidly growing area of web publishing known as weblogs, or ""blogs.""

Blogger gives you a way to automate (and greatly accelerate) the blog publishing process without writing any code or worrying about installing any sort of server software or scripts. And yet, it still gives you total control over the look and location of your blog.",5,5,2,3,2,5,Free,No,Low,,?,Ross Mahon <rossmahon@google.com>,,"emailed, completed online form: https://services.google.com/fb/forms/permissionsbrand/",,,
Doodle,http://descary.com/wp-content/uploads/2009/2006/10/doodle-logo.jpg,http://doodle.com/,Meeting and other appointment scheduler,"Doodle is a free Internet calendar tool for time management, and coordinating meetings.  Doodle interacts with various external calendaring systems, such as IBM Lotus Notes. Through the use of a widget for Lotus Notes, users are able to create and manage Doodle polls within a Lotus Notes client application. Google Calendar, Yahoo Calendar, Microsoft Outlook and Apple iCal can be utilized with Doodle to track dates. Google Map may also be used to share the location of the event.",1,1,1,1,4,1,Free,No,Low,,yes,"http://doodle.com/about/contactForm.html
Doodle Support <support@doodle.com>",,"emailed via form, received reply",,,
Twitter,https://si0.twimg.com/a/1352758754/images/resources/twitter-bird-callout.png,http://www.twitter.com,Real-time social network limited to 140 characters,"Twitter has been referred to as micro-blogging service, as it is like blogging but you can only create messages of 140 characters long or less. It's particularly suited to applications where thought-provoking soundbites or time-dependent updates need to be provided. It can also be accessed (both receiving and posting) from most mobile phones, making it a very portable technology.",3,4,1,3,1,4,Free,No,Low,https://about.twitter.com/press/brand-assets,yes,,,,,,
SkyDrive,http://www.businesscomputingworld.co.uk/wp-content/uploads/2012/06/SkyDrive_0.jpg,https://skydrive.live.com/,"On-line storage, sharing and working","SkyDrive is a file hosting service that allows users to upload and sync files to a cloud storage and then access them from a Web browser or their local device. It is part of the Windows Live range of online services and allows users to keep the files private, share them with contacts, or make the files public. Publicly shared files do not require a Windows Live ID to access.",5,3,1,5,4,3,Free,No,High,http://www.microsoft.com/en-us/legal/intellectualproperty/Trademarks/Logo/default.aspx,?,,,,,,
Skype,http://upload.wikimedia.org/wikipedia/commons/4/4b/Skype_Logo.png,http://www.skype.com/,"Video and voice calls, instant messaging and file sharing","The service allows users to communicate with peers by voice, video, and instant messaging over the Internet. Phone calls may be placed to recipients on the traditional telephone networks. Calls to other users within the Skype service are free of charge, while calls to landline telephones and mobile phones are charged via a debit-based user account system. Skype has also become popular for its additional features, including file transfer, and videoconferencing.",1,1,1,5,1,3,Free,No,Low,http://www.skype.com/en/legal/brand-guidelines/#generalRule,?,permissions@skype.net,,emailed,,,
WordPress,http://s.w.org/about/images/logos/wordpress-logo-stacked-rgb.png,http://www.wordpress.com,On-line blogging tool with pages and plugins,"Wordpress provides a free blog managed by the developers of the WordPress software. It includes custom design templates, integrated statistics, automatic spam protection and more",5,5,1,3,4,5,Free,No,Medium,http://wordpressfoundation.org/trademark-policy/,yes,,,,,,
Google Alerts,http://optimistconsulting.co.uk/wp-content/uploads/2013/03/Google-Alerts-image.jpg,http://www.google.com/alerts,Email alerts when new search results are found for your queries,"Google Alerts is very useful way of staying ahead of developments on a specific topic.

By setting up an alert for one or more keywords whenever Google finds information that relates to those keywords it will inform you automatically, thus you can offload some of the searching to Google itself.",3,1,5,1,1,1,Free,No,Low,,yes,Ross Mahon <rossmahon@google.com>,,"emailed, completed online form: https://services.google.com/fb/forms/permissionsbrand/",,,
Scrible,http://www.scrible.com/images/press/scribleLogo_trans_big.png,http://www.scrible.com/,Web page highlighter and annotator,"Scrible allows you to richly annotate web pages with multiple styles & colours. By adding a personal layer on top of existing web content you can add extra information that's relevant only to you. You can also add sticky notes, create categories and tags, and share you notations with others.",5,1,1,3,1,3,Free,No,Medium,http://www.scrible.com/beta/legal/terms_of_service,?,http://www.scrible.com/faq,,emailed via form,,,
Google+,https://lh5.googleusercontent.com/-2r7nkB71SpM/AAAAAAAAAAI/AAAAAAAAExc/Avog9qId-tQ/s250-c-k/photo.jpg,https://plus.google.com,Google+ aims to make sharing on the web more like sharing in real life,"Google+ is a social network provided for free by Google

Circles allow you to manage your relationships with others in ways which more accurately reflect relationships offline. 

Photos allow you to host and share all your photos directly online.

Hangouts provide real time audio and video sharing with up to 15 people, as a well as screen sharing and collaboration.",4,4,1,5,4,4,Free,No,Medium,,?,Ross Mahon <rossmahon@google.com>,,"emailed, completed online form: https://services.google.com/fb/forms/permissionsbrand/",,,
Survey Monkey,http://www.siliconbeat.com/wp-content/uploads/2013/11/surveymonkey.jpg,http://www.surveymonkey.com/,Create and publish online surveys in minutes,"Survey Monkey is a web based tool. Users will need to register to use it (it is free for smallish surveys, larger surveys will incur a modest charge). Not a great deal of question options, but highly customisable and it is possible to collect the data in real time and display it live.",1,3,5,1,1,1,Free,No,Low,https://www.surveymonkey.com/mp/brandassets/,yes,,,,,,
Wikipedia,http://upload.wikimedia.org/wikipedia/commons/5/53/Wikipedia-logo-en-big.png,http://www.wikipedia.org/,Free online user created encyclopedia,"Wikipedia is a free, collaboratively edited, and multilingual Internet encyclopedia supported by the non-profit Wikimedia Foundation. Its 22 million articles (over 4 million in English alone) have been written collaboratively by volunteers around the world. In it's very short life it has transformed how millions of people connect to information.",1,5,5,4,3,3,Free,No,Medium,http://wikimediafoundation.org/wiki/Trademark_policy,yes,,,,,,
Google Drive,http://cdn1.mos.techradar.com///art/internet/Google/google-drive/google-drive-logo-580-75.jpg,https://drive.google.com,Web based file collaboration and storage,"Google Drive is now the home of Google Docs, a suite of productivity apps, that offer collaborative editing on documents, spreadsheets, presentations, and more.

Google Docs is a tool for real time collaborative editing. Documents can be shared, opened, and edited by multiple users at the same time. Users cannot be notified of changes, but the application can notify users when a comment or discussion is made or replied to, facilitating collaboration.",5,3,1,5,4,5,Free,No,Medium,,?,Ross Mahon <rossmahon@google.com>,,"emailed, completed online form: https://services.google.com/fb/forms/permissionsbrand/",,,
CiteULike,http://www.citeulike.org/static/img/slogo.gif,http://www.citeulike.org/,"Citation tool to store, search, organize, and share scholarly papers","CiteULike is an online referencing tool, that can automatically extract bibliographical data from a webpage and then store it into your own personal online library of references.

Like Delicious it is social in as much as what you bookmark can be made viewable by others.

CiteULike can also re-export your online bibliography into other formats, such as those that can be read by EndNote.",4,4,1,3,4,2,Free,No,Medium,,?,support13@citeulike.org,,emailed,,,
Evernote,http://alphaefficiency.com/wp-content/uploads/2011/01/Evernote_Icon_256.jpg,http://www.evernote.com/,Web based notetaking service with powerful mobile apps,"Evernote makes it easy to remember things big and small from your notable life using your computer, phone, and the web.

Chances are, if you can see it or think of it, Evernote can help you remember it. Type a text note. Clip a web page. Snap a photo. Grab a screenshot. Evernote will keep it all safe.

Everything you capture is automatically processed, indexed, and made searchable.",5,1,1,4,3,4,Free,No,Medium,http://evernote.com/trademark/,?,,,emailed via form,,,
Facebook,http://blogs-images.forbes.com/tomiogeron/files/2012/01/facebook_logo2.png,http://www.facebook.com/,Social network with powerful collaboration and extensibility,"Facebook is particuarly used by students in higher education, probably due to it's roots in an American university.

Facebook has millions of users worldwide including many in this country.

Students have made their own user groups on Facebook for their courses and post messages to their fellow students regarding social events and course material. It's an excellent way to 'stay in touch' with the group as a whole and not leave anyone out.",4,3,2,5,4,4,Free,No,Low,https://www.facebookbrand.com/dos-donts,yes,,,,,,
Dropbox,https://cf.dropboxstatic.com/static/images/brand/logotype-vflFbF9pY.png,http://www.dropbox.com/,"Web based file storage, working and sharing","Dropbox allows users to create a special folder on each of their computers, which Dropbox then synchronises so that it appears to be the same folder (with the same contents) regardless of the computer it is viewed on. Files placed in this folder are also accessible through a web site and mobile phone applications.",3,1,1,5,1,3,Free,No,Low,https://www.dropbox.com/branding,yes,,,,,,
Google Scholar,http://library.poly.edu/sites/default/files/image/2012/09/GoogleScholarLogo.jpg,http://scholar.google.co.uk/,Search scholarly literature across many disciplines and sources,"Other tools such as Google Scholar will search only peer reviewed articles, instantly providing you with scholarly articles and how often they have been cited (although it should be noted that questions have been raised over just how comprehensive the listing is).",1,1,5,1,2,1,Free,No,Low,,?,Ross Mahon <rossmahon@google.com>,,"emailed, completed online form: https://services.google.com/fb/forms/permissionsbrand/",,,
Zotero,http://www.zotero.org/static/images/theme/zotero.png,http://www.zotero.org/,"Research tool that helps you gather, organize, and analyze sources","Zotero is an easy-to-use yet powerful research tool that helps you gather, organize, and analyze sources (citations, full texts, web pages, images, and other objects), and lets you share the results of your research in a variety of ways.",1,1,1,4,4,3,Free,No,Medium,,?,press@zotero.org,,emailed,,,
Google Earth,http://images1.wikia.nocookie.net/__cb20101130020153/logopedia/images/9/9e/Google_Earth_logo.png,http://earth.google.co.uk/,"3D simulations of Earth, Mars, Moon and the stars","Google's satellite image-laden virtual earth is simply fantastic. You can sightsee all of the world's most famous places and add your own comments and photgraphy of your own travels. A hand tool is the ability to pinpoint any place in the world and provide a link to it on Google Earth. The package will open and the world will zoom and spin toward you, showing exactly where your destination is.",1,1,5,1,1,1,Free,No,Medium,,?,Ross Mahon <rossmahon@google.com>,,"emailed, completed online form:https://services.google.com/fb/forms/permissionsbrand/",,,
Google Maps,http://i.imgur.com/TiPFG.png,http://www.techdigest.tv/google-maps-logo-2012.jpg,Zoomable maps focused on an address or post code,"Using the same satellite imagery as Google Earth but in more of a 'flat map' manner, Google Maps are an excellent way to show other users a particular destination in the world. The advantage other Google Earth is that Google Maps do not need to be installed first, thus they are more accessible to users.",1,1,5,4,1,3,Free,No,Low,,?,Ross Mahon <rossmahon@google.com>,,"emailed, completed online form: https://services.google.com/fb/forms/permissionsbrand/",,,
Delicious,http://nameshapers.com/wp-content/uploads/2011/08/delicious_logo.jpg,http://delicious.com,On-line social bookmarking service,"Delicious is very similar to Google Bookmarks, but it is more of a social bookmarking system, so by default what you bookmark is also viewable by others.

Delicious uses the terminology tags rather than labels but it works in the same way as Google Bookmarks.",4,4,1,3,1,3,Free,No,Low,,?,press@delicious.com,,emailed,,,
Zoho,https://www.zoho.com/presskit_logo/zoho.png,http://www.zoho.com/,Suite of online web applications offering easy collaboration,"The Zoho Office Suite is a Web-based online office suite containing word processing, spreadsheets, presentations, databases, note-taking, wikis, customer relationship management.

Zoho uses an open Application Programming Interface for its Writer, Sheet, Show, Creator, Meeting, and Planner products. It also has plugins into Microsoft Word, Microsoft Excel, an OpenOffice.org plugin, and a plugin for Firefox.",4,2,1,5,4,4,Free,No,High,,?,press@zohocorp.com,,emailed,,,
Jing,http://assets.techsmith.com/Images/content/wp-logos-techsmith-headers/jing-logo-gray.png,http://www.techsmith.com/jing.html,Downloadable software that captures your computer screen,"Jing is a screencasting computer program. The software takes a picture or video of the user's computer screen and uploads it to the Web, FTP, computer or clipboard. If uploaded to the web, the program automatically creates a URL to the image that can be shared with others. Jing is compatible with Macintosh and Microsoft Windows.Users must sign up for an account before using the software.",1,5,1,1,1,4,Free,No,Medium,,?,press@techsmith.com,,emailed,,,
Audioboo,http://www.harding.edu/hulearn/images/Icons/Audioboo.jpg,http://audioboo.fm/,A mobile & web platform to record and share audio,"Audioboo is a tool for audio producers to record, upload and share audio.
A boo is made up of any clip of audio, a picture, a location, a title and a description.
Via a smartphone app or the desktop website, Audioboo has a range of accounts to suit everyone from micro bloggers to broadcasters. Every Audioboo channel, account, playlist and boo is easily embedded into websites, Twitter, Facebook and elsewhere. Audioboo is the home of audio sharing for educators, broadcasters and sports and music organisations.",4,5,1,1,1,3,Free,No,Low,,yes,amanda.brown@audioboo.fm,"10A Maltings Place
169 Tower Bridge Road
London SE1 3LJ
Tel: + 44 207 403 6688","emailed, received reply.",,,
LinkedIn®,http://www.wordtracker.com/attachments/LinkedIn-Logo.png,http://linkedin.com/,Identity management for building a professional network,LinkedIn is a social networking website for people in professional occupations. Users can upload their resume/CV or design their own profile in order to showcase work and community experiences. Job seekers can review the profile of hiring managers and discover which of their existing contacts can introduce them. Users can post their own photos and view photos of others to aid in identification. People can recommend the work of others.,2,5,4,2,3,5,Free*,No,High,https://developer.linkedin.com/documents/branding-guidelines#general-use,yes,http://help.linkedin.com/app/ask,,"emailed via form, received reply",,,
Prezi,http://upload.wikimedia.org/wikipedia/commons/thumb/b/b4/Prezi_logo_transparent_2012.svg/480px-Prezi_logo_transparent_2012.svg.png,http://prezi.com/,Web-based presentation software using a single zoomable canvas,"Prezi is a cloud-based presentation software and storytelling tool for exploring and sharing ideas on a virtual canvas. Prezi is distinguished by its Zooming User Interface, which enables users to zoom in and out of their presentation media. In higher education, Prezi is sometimes used to present complex thoughts, narratives or other visual information.",3,5,1,5,1,4,Free,No,Medium,http://prezi.com/terms-of-use/#toc9,yes,,,,,,
Screenr,http://cdn.screenr.com/public/1.8/images/screenr_logo_small.gif,http://www.screenr.com/,Instant screencasts: Just click record,"Screenr is a web-based tool that lets you create screencasts without installing any software. You just click the record button and your screen activity is recorded along with narration from your microphone. Screenr then publishes your screencast in high-definition Flash format. Screenr makes it easy to share your screencast on Twitter, YouTube or anywhere else on the web. Even iPhone users can view your screencast",1,5,1,1,1,4,Free,No,Low,,yes,"https://screenrbusiness.zendesk.com/anonymous_requests/new, Wilbert Mariano <notifications-support@screenr.com>",,"emailed via form, received reply",,,
Trello,http://2.bp.blogspot.com/-F6d_2pX0pd8/T7a0MWoUMuI/AAAAAAAABPc/V-DVaFpJrbA/s1600/Trello+Logo.png,https://trello.com/,Project management using task boards,"Trello is a collaboration tool that organizes your projects into boards. In one glance, Trello tells you what's being worked on, who's working on what, and where something is in a process.
Boards are made up of multiple lists. Lists contain cards. Cards move from list to list to indicate progression.",3,1,1,5,5,3,Free,No,Low,https://trello.com/c/KqVRLtGK/103-logos,yes,,,,,,
Acrobat Reader,http://wwwimages.adobe.com/www.adobe.com/downloadcenter/images/reader/reader_128.jpg,http://get.adobe.com/reader/,A reader and annotator for PDF files,"Adobe Reader software is the global standard for electronic document sharing. It is the only PDF file viewer that can open and interact with all PDF documents. Use Adobe Reader to view, search, digitally sign, verify, print, and collaborate on Adobe PDF files.",1,1,1,2,1,3,Free,Yes,Low,http://brandcenterdl.adobe.com/Corpmktg/Brandmktg/Campaign_Assets/guidelines/corporate/corporate_brand_guidelines.pdf,?,askbrand@adobe.com,"United Kingdom
Adobe Systems Europe Ltd
Market House
34-38 Market Street
Maidenhead
Berkshire
SL6 8AD
United Kingdom
Tel: +44 1628 590 000
Fax: +44 1628 590 100",emailed,,,
Dbee,http://dbchannel.dbee.me/img/clientLogo.png,http://www.dbee.me/,Social network focused on debating and rating,"dbee LIFE is a real-time 'debate & rate' social network enabling you to share views on any subject, in open community or closed groups. Create debate by posting opinions, photos, videos and links, score and be scored on posts, and rise or fall in the dbee leagues.",4,5,4,3,3,5,Free,No,Medium,,yes,info@myplanetlife.com,,"emailed, received a reply",,,
Bambuser,http://static.bambuser.com/themes/b4/images/b4/bambuser-logo.png,http://bambuser.com/,Live broadcast via smartphone and interaction with viewers,"Bambuser is a simple-to-use live video service that allows users to quickly and easily capture, share and watch live video through mobile phones and computers. Bambuser also enables instant sharing to the world's favorite social networks including Facebook, Twitter and Tumblr.",4,5,1,1,1,3,Free,No,Low,http://bambuser.com/tou,?,Hans Eriksson: hans@bambuser.com,,emailed,,,
Storify,https://encrypted-tbn1.gstatic.com/images?q=tbn:ANd9GcTDUeDnMpywGELqn114Fedfwua9I_Z9PL--CaJUyI72PSJnE7y5Pg,http://storify.com/,Storify helps its users tell stories by curating social media.,"Storify lets you curate social networks to build social stories, bringing together media scattered across the Web into a coherent narrative. We are building the story layer above social networks, to amplify the voices that matter and create a new media format that is interactive, dynamic and social.",5,3,4,1,1,3,Free,No,Low,,yes,"http://feedback.storify.com/, Skyler <support@storify.com>",,"emailed via form, received reply",,,
Pocket,http://www.teleread.com/wp-content/uploads/2012/09/Pocket_Logo_Small.png,http://getpocket.com/,Web service that allows you to save and later view web discoveries,"When you find something on the web that you want to view later, put it in Pocket. It automatically syncs to your phone, tablet or computer so you can view it any time, even without an internet connection.

Use Pocket when you discover an interesting article, video or web page, but don’t have time to view it. Once it's in Pocket, it's on your phone, tablet or computer. You can read an article during a flight, see a web page while you wait in line or watch a video while relaxing at home.",5,1,1,1,4,1,Free,No,Low,,yes,"press@getpocket.com
Jonathan Bruck <jbruck@readitlater.com>",,"emailed, reply received",,,
Tumblr,http://www.shapecollage.com/blog/wp-content/uploads/2012/04/Tumblr-Icon.png,https://www.tumblr.com/,A feature rich and free blog hosting platform,"Tumblr lets you effortlessly share anything.

Post text, photos, quotes, links, music, and videos from your browser, phone, desktop, email or wherever you happen to be. You can customize everything, from colors to your theme's HTML.",5,5,1,1,3,5,Free,No,Low,,?,permissions-requests@yahoo-inc.com,,emailed,,,
Popcorn Maker,http://www.h-online.com/imgs/43/9/4/5/7/7/4/Mozilla_Popcorn_Maker_logo_200-abacdce7e21ef3ab.png,https://popcorn.webmaker.org/,"Online tool that makes it easy to enhance, remix and share web video","Popcorn Maker is an web app for combining web media with images, text, maps, and other dynamic web content.

Once created, Popcorn Maker hosts remixes as simple HTML pages in the cloud, which can be shared or embedded in blogs or other sites. Furthermore, every remix provides a “Remix” button, allowing anyone watching to become a creator themselves.",1,5,1,1,1,1,Free,No,Medium,,yes,matt@mozillafoundation.org,,"emailed, received reply",,,
Pinterest,http://edudemic.com/wp-content/uploads/2012/04/pinterest-logo.jpg,http://www.google.co.uk/url?sa=t&rct=j&q=&esrc=s&source=web&cd=1&cad=rja&sqi=2&ved=0CB0QFjAA&url=http%3A%2F%2Fpinterest.com%2F&ei=fvylUNL3HYaK0AWJ2oCwDA&usg=AFQjCNGYdTjZS91Kx4sKELv7h8_0QUrSLw&sig2=OE6ziJ5Tb0_iGh0-YPRB9w,Image based content sharing website,"Pinterest is a Virtual Pinboard.

Pinterest lets you organize and share all the beautiful things you find on the web. People use pinboards to plan their weddings, decorate their homes, and organize their favorite recipes.

Best of all, you can browse pinboards created by other people. Browsing pinboards is a fun way to discover new things and get inspiration from people who share your interests.",4,5,1,3,1,5,Free,No,Low,http://business.pinterest.com/brand-guidelines/,yes,,,,,,
Vimeo,http://vimeo.com/assets/downloads/logos/vimeo_logo_dark.jpg,http://vimeo.com/,High-quality video uploading and sharing website,"Vimeo is a popular video sharing service in which users can upload videos to be hosted online and shared and watched by others. 

Vimeo user videos are often more artistic and the service does not allow commercial video content.",4,5,1,3,1,4,Free,No,Medium,http://vimeo.com/about/brand_guidelines,yes,,,,,,
Wikispaces,http://www.tangient.com/wikispaces.png,http://www.wikispaces.com,Simple and easy to use wikis,"A wiki is a space on the Web where you can share work and ideas, pictures and links, videos and media — and anything else you can think of.

Wikispaces is special because we give you a visual editor and a bunch of other tools to make sharing all kinds of content as easy for students as it is for their teachers.",5,3,1,5,3,4,Free,No,Medium,http://wikimediafoundation.org/wiki/Trademark_policy,yes,,,,,,
Box of Broadcasts,https://moody.st-andrews.ac.uk/moodle/pluginfile.php/103329/block_html/content/bob.jpg,http://bobnational.net/,Record and view TV and radio on-line from free-to-air channels in the UK,"Box of Broadcasts is an off-air recording and media archive service. It is available to BUFVC members holding an ERA+ licence which includes the University of Exeter.

This scheduling service allows University staff and students to record programmes which will be broadcast over the next seven days as well as retrieving programmes from the last seven days of recorded channels.",1,1,5,1,1,1,Free,Yes,Medium,,yes,bob@bufvc.ac.uk,,"emailed, received reply. new version coming out in Jan 2014",,,
Scoop.it,http://www.scoop.it/resources/img/v3/presscoverage/logo_white.png,http://www.scoop.it/,Curating tool for creating an on-line magazine/portfolio,"Scoop.it is a publishing platform. It helps you build content from your favourite websites and social media sites into online magazines that you can share with the world. Once you have chosen what you want to share you feed them through your social networks or blogs quickly and simply.

Fast efficient content curation at your fingertips.",4,5,1,1,1,5,Free,No,Low,http://www.scoop.it/terms-of-use,?,http://www.scoop.it/contact,,emailed via form,,,
Padlet,http://3.bp.blogspot.com/-6UtMor9namc/URQdf8Ys37I/AAAAAAAAACE/EekWZppl3GU/s1600/padlet_blog_300.png,http://padlet.com/,On-line digital paper for posting and sharing anything you like,"Padlet is an Internet application that allows people to express their thoughts on a common topic easily. It works like an online sheet of paper where people can put any content (e.g. images, videos, documents, text) anywhere on the page, together with anyone, from any device.",5,5,3,3,1,1,Free,No,Low,http://jn.padlet.com/knowledgebase/articles/153270-trademark-guidelines,yes,,,,,,
Screencast-O-Matic,http://www.screencast-o-matic.com/images/logo-header.png,http://www.screencast-o-matic.com/,One-click screen capture recording via the web,"Screencast-O-Matic allows you to create a recording of what you're doing on your computer, complete with video and audio, simply using a website.

Your recording can then be shared with others online, or saved as a video file to your computer.",3,5,1,1,1,4,Free,No,Low,http://www.screencast-o-matic.com/tos,?,http://www.screencast-o-matic.com/,,emaile via form,,,
Yammer,http://upload.wikimedia.org/wikipedia/commons/1/1f/Yammer_logo.png,http://www.yammer.com,Enterprise social network,"Yammer is an Enterprise Social Network that brings together people, conversations, content, and business data in a single location. With Yammer, you can easily stay connected to coworkers and information, collaborate with team members and make an impact at work. And because Yammer can be easily accessed through a web browser or mobile device, you can connect and collaborate with coworkers anytime, anywhere.",5,2,1,5,3,3,Free,No,Medium,https://about.yammer.com/terms/,?,bwong@yammer-inc.com,,emailed,,,
Azendoo,http://www.rudebaguette.com/assets/logo-azendoo-e1385380218346.png,https://en.azendoo.com/,Project management tools and team collaboration,"Online project management solution. Allows you to easily organize and optimize your work and your collaboration with others. Manage your to do list online, connect with colleagues, follow everyones progress or get a bird's-eye view of several projects simultaneously. Azendoo is ready to launch smartphone and tablet versions.",5,1,1,5,5,2,free,No,High,https://en.azendoo.com/terms,?,contact@azendoo.com,,emailed,,,
Socrative,http://www.socrative.com/images/logo.png,http://www.socrative.com/,In lecture web-based student response system,"Socrative is a smart student response system that empowers teachers to engage their classrooms through a series of educational exercises and games via smartphones, laptops, and tablets.

Teachers login through their device and select an activity which controls the flow of questions and games. Students simply login with their device and interact real time with the content.",2,4,4,1,1,3,Free,No,Low,,,,,,,,
WeVideo,https://d3tvj3lw2y3r4c.cloudfront.net/hub/logo.png,http://www.wevideo.com/,Online video creation platform,"WeVideo is an online video creation platform that helps you tell compelling stories and share them with friends and family.

WeVideo provide an adaptive video learning environment that is ideal for class projects where students may have a wide disparity of skills.

WeVideo comes with three editing modes, from Novice to Advanced. The adaptive interface allows students to move seamlessly between each level, based on their experience and familiarity with video editing.",4,5,1,4,3,4,Free,No,Medium,,,,,,,,
Conceptboard,https://conceptboard.com/_/images/cb-logo--horizontal.png,https://conceptboard.com/,"Team collaboration for visually
focused projects","Conceptboard provides an easy online whiteboard application for presentations and group work. Content, documents and ideas can be visualized as a perfect basis for creative interaction.

Teachers can give direct feedback on students' work while students can use their own device. Conceptboard combines the functionalities of a pinboard, a flip chart and a whiteboard in a digital work environment.",4,4,1,4,1,5,Free,No,Medium,,,,,,,,
