{
  "licenseType": "Custom",
  "dc:description": "The Tech Trumps are pocket sized cards in the top trump style which summarise how digital technologies can be applied to the dimensions of work-integrated assessment model for authentic assessment, as designed by Education Quality & Enhancement staff at the University of Exeter. They summarise the affordances of each digital technology in the context of the dimensions model.\n\nPlease note that whilst the University selects these links carefully, we cannot guarantee, or be held responsible for, their quality or content.\n\nFor more information, reasons for inclusion/exclusion, and guidance for rating, please see the Guide to the Tech Trumps link.",
  "exportable": true,
  "dc:title": "\"Tech Trumps\" - Collaborate version",
  "attribution": "Guide to the Tech Trumps",
  "attributionLink": "https://docs.google.com/document/d/1nqzv1B7Oz1aLSMNkoGv1dO7cEDpD3emc-SXS1CawUzY/edit?usp=sharing",
  "dc:modified": "2015-08-04T11:41:39Z",
  "dc:identifier": "1fB6EXqE41N5bNdgPc_WSTZQ51Jc_WAiXgz516B48",
  "tableSchema": {"columns": [
    {
      "dc:description": "The name of the technology in question",
      "datatype": "string",
      "name": "col0",
      "validateData": false,
      "title": "Technology"
    },
    {
      "datatype": "double",
      "name": "col1",
      "validateData": false,
      "title": "Number"
    },
    {
      "datatype": "location",
      "name": "col2",
      "validateData": false,
      "title": "Location"
    },
    {
      "datatype": "date",
      "name": "col3",
      "validateData": false,
      "title": "Date"
    },
    {
      "dc:description": "The website address of the technology in question",
      "datatype": "string",
      "formatPattern": "<a href='%1$s'>%1$s<\/a>",
      "name": "col4",
      "validateData": false,
      "title": "URL"
    },
    {
      "dc:description": "Verbose description of the technology (~80 words max)",
      "datatype": "string",
      "name": "col5",
      "validateData": false,
      "title": "Description"
    },
    {
      "dc:description": "The URL to the logo of the technology",
      "datatype": "string",
      "formatPattern": "<img src='%s' height='60'/>",
      "name": "col6",
      "validateData": false,
      "title": "Thumbnail"
    },
    {
      "dc:description": "Does the technology provide a way to connect with new audiences?",
      "datatype": "double",
      "name": "col7",
      "validateData": true,
      "title": "Audience",
      "validValues": "1,2,3,4,5"
    },
    {
      "dc:description": "Does the technology provide structures for managing activities?",
      "datatype": "double",
      "name": "col8",
      "validateData": true,
      "title": "Structure",
      "validValues": "1,2,3,4,5"
    },
    {
      "dc:description": "Does the technology provide a way to create and manage related content over time?",
      "datatype": "double",
      "name": "col9",
      "validateData": true,
      "title": "Time",
      "validValues": "1,2,3,4,5"
    },
    {
      "dc:description": "Does the technology provide the opportunity to co-create with others?",
      "datatype": "double",
      "name": "col10",
      "validateData": true,
      "title": "Collaboration",
      "validValues": "1,2,3,4,5"
    },
    {
      "dc:description": "Does the technology provide methods for commenting on previous contributions?",
      "datatype": "double",
      "name": "col11",
      "validateData": true,
      "title": "Review",
      "validValues": "1,2,3,4,5"
    },
    {
      "dc:description": "Does the technology provide a source of real world data and/or problems?",
      "datatype": "double",
      "name": "col12",
      "validateData": true,
      "title": "Problem",
      "validValues": "1,2,3,4,5"
    },
    {
      "datatype": "string",
      "name": "col13",
      "validateData": false,
      "title": "Relevance"
    },
    {
      "dc:description": "Method by which the technology is licensed, e.g. \"Free\"",
      "datatype": "string",
      "name": "col14",
      "validateData": false,
      "title": "Licensing"
    },
    {
      "dc:description": "If the technology is one provided by the University of Exeter?",
      "datatype": "string",
      "name": "col15",
      "validateData": true,
      "title": "University",
      "validValues": "Yes, Partial (College), No"
    },
    {
      "datatype": "string",
      "name": "col16",
      "validateData": true,
      "title": "Complexity",
      "validValues": "Low, Medium, High"
    },
    {
      "datatype": "string",
      "name": "col17",
      "validateData": false,
      "title": "Format"
    },
    {
      "dc:description": "Key aim of the technology in a single short sentence",
      "datatype": "string",
      "name": "col18",
      "validateData": false,
      "title": "Oneliner"
    },
    {
      "datatype": "string",
      "formatPattern": "<a href='%1$s'>%1$s<\/a>",
      "name": "col19",
      "validateData": false,
      "title": "Guide"
    },
    {
      "dc:description": "Whether copyright has been granted for use of the logo, either explicitly through contacting the company or implicitly through information supplied on a company's website",
      "datatype": "string",
      "name": "col20",
      "validateData": false,
      "title": "Copyright"
    },
    {
      "dc:description": "URL of existing policy",
      "datatype": "string",
      "formatPattern": "<a href='%1$s'>%1$s<\/a>",
      "name": "col21",
      "validateData": false,
      "title": "Existing Policy of Logo Use"
    },
    {
      "dc:description": "Have we been explicitly granted permission to use the logo?",
      "datatype": "string",
      "name": "col22",
      "validateData": false,
      "title": "Can we use the logo?"
    },
    {
      "dc:description": "rICH'S TEST",
      "datatype": "string",
      "name": "col23",
      "validateData": false,
      "title": "New Column"
    },
    {
      "dc:description": "Contact for logo permission",
      "datatype": "string",
      "name": "col24",
      "validateData": false,
      "title": "Email"
    },
    {
      "dc:description": "Address for logo permission",
      "datatype": "string",
      "name": "col25",
      "validateData": false,
      "title": "Address"
    },
    {
      "dc:description": "Current status of logo permission",
      "datatype": "string",
      "name": "col26",
      "validateData": false,
      "title": "Status"
    },
    {
      "dc:description": "Does the tech have a Windows 8 App?",
      "datatype": "string",
      "name": "col27",
      "validateData": true,
      "title": "Windows Store?",
      "validValues": "Yes,No"
    },
    {
      "dc:description": "Used to include a CSS style that will hide a specific technology without deleting it.",
      "datatype": "string",
      "name": "col28",
      "validateData": true,
      "title": "display",
      "validValues": "inline,none"
    },
    {
      "dc:description": "Technologies explicitly owned by UoE",
      "datatype": "string",
      "name": "col29",
      "validateData": true,
      "title": "UniversityOwned",
      "validValues": "Yes,No"
    },
    {
      "dc:description": "Does the technology provide support for developing critical thinking skills?",
      "datatype": "double",
      "name": "col30",
      "validateData": true,
      "title": "Critical thinking",
      "validValues": "1,2,3,4,5"
    },
    {
      "datatype": "double",
      "name": "col31",
      "validateData": false,
      "title": "Critical thinking"
    },
    {
      "dc:description": "Does the technology provide support for working as a team?",
      "datatype": "double",
      "name": "col32",
      "validateData": true,
      "title": "Working as a team",
      "validValues": "1,2,3,4,5"
    },
    {
      "dc:description": "Does the technology help users develop the skill of leading others?",
      "datatype": "double",
      "name": "col33",
      "validateData": true,
      "title": "Leading others",
      "validValues": "1,2,3,4,5"
    },
    {
      "datatype": "double",
      "name": "col34",
      "validateData": false,
      "title": "Leading others"
    },
    {
      "dc:description": "Does the technology help users to be more resourceful?",
      "datatype": "double",
      "name": "col35",
      "validateData": true,
      "title": "Adapting",
      "validValues": "1,2,3,4,5"
    },
    {
      "datatype": "double",
      "name": "col36",
      "validateData": false,
      "title": "Adapting"
    },
    {
      "dc:description": "Does the technology help students to become global citizens?",
      "datatype": "double",
      "name": "col37",
      "validateData": true,
      "title": "Culturally connected",
      "validValues": "1,2,3,4,5"
    },
    {
      "datatype": "double",
      "name": "col38",
      "validateData": false,
      "title": "Culturally connected"
    },
    {
      "dc:description": "What are the key features of the technology?",
      "datatype": "string",
      "name": "col39",
      "validateData": false,
      "title": "Features"
    },
    {
      "datatype": "string",
      "name": "col40",
      "validateData": false,
      "title": "Features"
    },
    {
      "dc:description": "The URL for an 'insight' video that explains the Tech Trump and it's pedagogical value",
      "datatype": "string",
      "formatPattern": "<a href='%1$s'>%1$s<\/a>",
      "name": "col41",
      "validateData": false,
      "title": "VideoURL"
    }
  ]}
}