{
  "licenseType": "Unknown",
  "dc:description": "Copied at Thu Mar 31 07:20:19 PDT 2016 from http://www.google.com/fusiontables/DataSource?docid=1ykJvdLXOJPWRm8rIcuVha0mlkIjTAAtPTUK4h6g0. null",
  "exportable": true,
  "dc:title": "NCCountyVS_ED",
  "dc:modified": "2016-10-26T16:55:08Z",
  "dc:identifier": "1sjuIvCjk-U1gtmMTeMVLrh3cSuIRSCtWqoW3FXMw",
  "tableSchema": {"columns": [
    {
      "datatype": "string",
      "name": "col0",
      "validateData": false,
      "title": "County"
    },
    {
      "datatype": "location",
      "name": "col1",
      "validateData": false,
      "title": "geometry"
    },
    {
      "datatype": "double",
      "name": "col2",
      "validateData": false,
      "title": "geometry_vertex_count"
    },
    {
      "datatype": "string",
      "name": "col3",
      "validateData": false,
      "title": "VS_Type"
    },
    {
      "dc:description": "Election Day Voting System Type",
      "datatype": "string",
      "name": "col4",
      "validateData": false,
      "title": "ED_VS"
    },
    {
      "datatype": "string",
      "name": "col5",
      "validateData": false,
      "title": "ED_VS_ADA"
    },
    {
      "datatype": "string",
      "name": "col6",
      "validateData": false,
      "title": "County"
    },
    {
      "datatype": "string",
      "name": "col7",
      "validateData": false,
      "title": "Color"
    }
  ]}
}