{
  "licenseType": "Creative Commons",
  "dc:description": "Presentation of the results of a LDA Gibbs Topic Model generated with R (topicmodels). The ideal number of topics was generated by comparison of the loglikelihood of different models.",
  "exportable": true,
  "createdBy": "Thomas Koentges",
  "dc:title": "ColensoLettersTopicModels",
  "attribution": "The Colenso Project - Thomas Koentges",
  "attributionLink": "http://colensoandtherepublicofletters.weebly.com",
  "dc:modified": "2015-03-11T02:35:24Z",
  "dc:identifier": "1thLcTnppgdspjmawxVStMus18_vs7g9Ec29S3LRF",
  "tableSchema": {"columns": [
    {
      "datatype": "string",
      "name": "col0",
      "validateData": false,
      "title": "SourceFile"
    },
    {
      "datatype": "date",
      "name": "col1",
      "validateData": false,
      "title": "Date (precise)"
    },
    {
      "datatype": "string",
      "name": "col2",
      "validateData": false,
      "title": "Addressee"
    },
    {
      "datatype": "location",
      "name": "col3",
      "validateData": false,
      "title": "Place"
    },
    {
      "datatype": "string",
      "name": "col4",
      "validateData": false,
      "title": "Letter Body"
    },
    {
      "datatype": "double",
      "name": "col5",
      "validateData": false,
      "title": "Topic 1: sir dear colenso truly yours mclean napier line send note harding monday july call morning see tuesday evening date enclosed hoping kindly tomorrow quite town"
    },
    {
      "datatype": "double",
      "name": "col6",
      "validateData": false,
      "title": "Topic 2: will well see now papers old new the house land week town luff england one told may money got also man sold just send others"
    },
    {
      "datatype": "double",
      "name": "col7",
      "validateData": false,
      "title": "Topic 3: paper vol papers new also read one sent may members meeting moa trans zealand hector inst send last copy volumes copies published lately society institute"
    },
    {
      "datatype": "double",
      "name": "col8",
      "validateData": false,
      "title": "Topic 4: like ago reply england true bed ever just one reading word your christ better hearing reason wholly short first port unknown within able miss highly"
    },
    {
      "datatype": "double",
      "name": "col9",
      "validateData": false,
      "title": "Topic 5: natives upon native among that made the also chiefs chief sir district service letter road government man wellington waitangi ahuriri land station wairarapa archdeacon governor"
    },
    {
      "datatype": "double",
      "name": "col10",
      "validateData": false,
      "title": "Topic 6: dear kind colenso napier well january hope december february believe yours late regards christmas mrs march sincerely note your thank year write better with keeping"
    },
    {
      "datatype": "double",
      "name": "col11",
      "validateData": false,
      "title": "Topic 7: will see shall know say hope little you get may find now glad write much must like can look way hear think well just sure"
    },
    {
      "datatype": "double",
      "name": "col12",
      "validateData": false,
      "title": "Topic 8: harding hill last letter sunday good bishop see also evening old long dannevirke herald one night day came late copy read paper return much mrs"
    },
    {
      "datatype": "double",
      "name": "col13",
      "validateData": false,
      "title": "Topic 9: auckland will the yet yesterday good doz times governor private got march general article lose fox red believe hours ordered speech just order agent bill"
    },
    {
      "datatype": "double",
      "name": "col14",
      "validateData": false,
      "title": "Topic 10: will now may one and time can say however years believe even ever never much think wish present matter must also know great many case"
    },
    {
      "datatype": "double",
      "name": "col15",
      "validateData": false,
      "title": "Topic 11: the also great water far however high little two known several this place form side around common course forest one ground small trees low country"
    },
    {
      "datatype": "double",
      "name": "col16",
      "validateData": false,
      "title": "Topic 12: new zealand specimens sir hooker specimen ferns plants species time little november several found however flora among much mentioned seen plant many work kew years"
    },
    {
      "datatype": "double",
      "name": "col17",
      "validateData": false,
      "title": "Topic 13: one now time much last day long said work since think heard told must yet sent good back thought see another well seen way done"
    },
    {
      "datatype": "double",
      "name": "col18",
      "validateData": false,
      "title": "Topic 14: letter received last now long sent write wrote time ago send just however writing know letters written still answer reply since october suppose post hope"
    },
    {
      "datatype": "double",
      "name": "col19",
      "validateData": false,
      "title": "Topic 15: sir wellington dear maori colenso hector note time notes government please essay will napier return much printed grey may send wish manuscript ask work written"
    },
    {
      "datatype": "double",
      "name": "col20",
      "validateData": false,
      "title": "Topic 16: one balfour also well little specimens week found mail sent lot small may kind bush put last the two box think pleased next hope good"
    },
    {
      "datatype": "double",
      "name": "col21",
      "validateData": false,
      "title": "Topic 17: new copy copies book zealand also first maori printed work sent early the published government press small errors printer books one name england day page"
    },
    {
      "datatype": "double",
      "name": "col22",
      "validateData": false,
      "title": "Topic 18: send evening said give morning present make left very still thus going lad schools service take usual save words nga after might asked mind read"
    },
    {
      "datatype": "double",
      "name": "col23",
      "validateData": false,
      "title": "Topic 19: old well may many town colenso dear much good hand william poor ever better father august and years knowing family remember also pleased best health"
    },
    {
      "datatype": "double",
      "name": "col24",
      "validateData": false,
      "title": "Topic 20: will bishop may new committee zealand dear society bay the books lord press station printing his god natives england small williams letter arrived however sirs"
    },
    {
      "datatype": "double",
      "name": "col25",
      "validateData": false,
      "title": "Topic 21: god will love word may shall colenso thee thou heart man child life from words come things now thy good men sir father the even"
    },
    {
      "datatype": "double",
      "name": "col26",
      "validateData": false,
      "title": "Topic 22: night last weather day may well napier week rain fine days cold bush next yesterday kind today friday hope return meeting saturday sunday wet woodville"
    }
  ]}
}