{
  "licenseType": "Unknown",
  "dc:description": "Map 1 for Cross-country relationships between life expectancy, intertemporal choice and age at first birth.",
  "exportable": true,
  "dc:title": "Map 1 for Cross-country relationships between life expectancy, intertemporal choice and age at first birth",
  "attribution": "Bulley & Pepper",
  "dc:modified": "2017-05-17T09:00:32Z",
  "dc:identifier": "1wXx9nA2KP4YX8r9WmMsGPlXTQM9m5ToPTTcFlaX9",
  "tableSchema": {"columns": [
    {
      "datatype": "location",
      "name": "col0",
      "validateData": false,
      "title": "Country"
    },
    {
      "datatype": "double",
      "name": "col1",
      "validateData": false,
      "title": "Percent willing to wait"
    },
    {
      "datatype": "double",
      "name": "col2",
      "validateData": false,
      "title": "GDP"
    },
    {
      "datatype": "double",
      "name": "col3",
      "validateData": false,
      "title": "Life expectancy"
    },
    {
      "datatype": "double",
      "name": "col4",
      "validateData": false,
      "title": "Age at first birth"
    },
    {
      "datatype": "location",
      "name": "col5",
      "validateData": false,
      "title": "geometry"
    }
  ]}
}