紹介所名,郵便番号,地図用住所,住所１,住所２,電話番号,FAX番号
㈲旭川家政婦紹介所,070-0036,北海道旭川市6条通り11-右8号,北海道旭川市6条通り11-右8号,,0166-23-8821,0166-23-8835
㈲帯広看護婦家政婦紹介所,080-0012,北海道帯広市西2条南20ｰ10,北海道帯広市西2条南20ｰ10,,0155-23-4934,0155-25-1912
北見介護サービス㈲,090-0008,北海道北見市大正56-52,北海道北見市大正56-52,,0157-36-5712,0157-66-1126
㈲人材サッポロ,001-0010,北海道札幌市北区北10条西4ｰ1-9,北海道札幌市北区北10条西4ｰ1,,011-700-3303,011-700-3302
旭川大丸ケアサービス㈱,070-0034,北海道旭川市四条通1-1963,北海道旭川市四条通1-1963,,0166-21-5002,0166-21-5456
㈲ケア・サービス苫小牧,053-0807,北海道苫小牧市青葉町1-2-3,北海道苫小牧市青葉町1-2-3,,0144-72-4811,0144-72-4839
㈲ケアアシスト,063-0061,北海道札幌市西区西町北2-3-3,北海道札幌市西区西町北2-3-3,,011-665-8772,011-665-8797
㈱北海サービス,003-0001,北海道札幌市白石区東札幌一条4-8-1,北海道札幌市白石区東札幌一条4-8-1,,011-811-6311,011-811-1888
㈱緑ケアライフサービス,070-0034,北海道旭川市4条通13-1385-3,北海道旭川市4条通13-1385-3,,0166-23-7177,0166-27-2247
青森看護師家政婦紹介所,030-0862,青森県青森市古川2-15-7,青森県青森市古川2-15-7,ジョブメイトビル,017-773-1232,017-773-1233
㈲上十三看護婦家政婦紹介所,034-0083,青森県十和田市西3番町14-21,青森県十和田市西3番町14-21,,0176-23-2001,0176-25-4858
㈱ナカノ人材サービス,036-8004,青森県弘前市大町2-10-13,青森県弘前市大町2-10-13,,0172-36-9878,0172-36-3216
㈲間山家政婦紹介所,030-0801,青森県青森市新町2-2-21,青森県青森市新町2-2-21,,017-722-5451,017-722-5453
㈲ケアサービス弘前看護婦家政婦紹介所,036-8183,青森県弘前市品川町155-2,青森県弘前市品川町155-2,,0172-32-3923,0172-32-3924
㈲一関看護婦家政婦紹介所,021-0891,岩手県一関市桜木町7-19,岩手県一関市桜木町7-19,,0191-23-2505,0191-23-2535
なかざわ介護サービス,017-0866,秋田県大館市北神明町9-58-3,秋田県大館市北神明町9-58-3,,0186-42-1495,0186-42-1495
㈲ひまわりケアサービス,016-0844,秋田県能代市花園町25-7,秋田県能代市花園町25-7,,0185-55-0660,0185-54-5463
㈲みどりケアサービス,010-0933,秋田県秋田市川元松丘町4-57,秋田県秋田市川元松丘町4-57,,018-862-3527,018-824-2794
まちだケアサービス,015-0822,秋田県由利本荘市田町17,秋田県由利本荘市田町17,,0184-23-4715,0184-23-4715
㈲ケアワーク新庄,996-0032,山形県新庄市上金沢町9-37,山形県新庄市上金沢町9-37,,0233-22-2018,0233-23-0638
㈲岡本看護婦家政婦紹介所,989-6143,宮城県大崎市古川中里1-8-15,宮城県大崎市古川中里1-8-15,,0229-22-1057,0229-22-1059
㈲かくだ介護センター,981-1523,宮城県角田市梶賀字高畑北154,宮城県角田市梶賀字高畑北154,,0224-62-3607,0224-87-6010
気仙沼ケア人材サービス,988-0084,宮城県気仙沼市八日町2ｰ2ｰ4,宮城県気仙沼市八日町2ｰ2ｰ4,,0226-22-0022,0226-25-7791
㈲白百合看護婦家政婦紹介所,981-0911,宮城県仙台市青葉区台原1-10-28,宮城県仙台市青葉区台原1-10-28,,022-234-3921,022-276-0064
㈲ライフサポートたかはし,986-0861,宮城県石巻市蛇田字中埣1番地,宮城県石巻市蛇田字中埣1番地,,0225-96-3304,0225-96-3431
㈱仙台在宅介護センター,980-0003,"38.269090, 140.888056",宮城県仙台市青葉区小田原4-2-10,,022-267-2668,022-267-2671
つきだて看護婦家政婦紹介所,987-2243,宮城県栗原市築館萩沢東77-12,宮城県栗原市築館萩沢東77-12,,0228-23-7812,0228-23-7818
㈲はさま看護婦・家政婦紹介所,987-0511,宮城県登米市迫町佐沼字中江2-21,宮城県登米市迫町佐沼字中江2-21,,0220-22-8064,0220-23-2728
㈲ひまわり看護婦家政婦紹介所,983-0803,宮城県仙台市宮城野区小田原2-4-20,宮城県仙台市宮城野区小田原2-4-20,,022-256-3367,022-256-3830
㈱星ケアサービス,980-0011,宮城県仙台市青葉区上杉1-15-22,宮城県仙台市青葉区上杉1-15-22,,022-261-1655,022-261-1665
㈲みちのく家政婦紹介所,984-0051,宮城県仙台市若林区新寺1-2-12,宮城県仙台市若林区新寺1-2-12,,022-291-5777,022-291-5769
㈲ケアサポートみやぎ,982-0011,宮城県仙台市太白区長町6-2-1,宮城県仙台市太白区長町6-2-1,ウィング仙台ビル2F,022-304-5852,022-304-5851
㈲あけぼの介護センター,980-0001,宮城県仙台市青葉区中江1-13-11,宮城県仙台市青葉区中江1-13-11,,022-796-6360,022-796-6388
㈱ワンハートサービス,986-0867,宮城県石巻市わかば3-11-2,宮城県石巻市わかば3-11-2,,0225-23-7561,0225-98-4627
㈱マザーズありすサポート,981-8006,宮城県仙台市泉黒松2-19-7,宮城県仙台市泉黒松2-19-7,第3えりあビル,022-380-1118,022-207-3993
大槻看護婦家政婦紹介所,963-0205,福島県郡山市堤1-150,福島県郡山市堤1-150,,024-952-5095,024-952-5095
㈲サンケアネット慈恵,960-8018,福島県福島市松木町14-7,福島県福島市松木町14-7,,024-534-2649,024-534-2650
㈲つくば紹介所,300-1243,茨城県つくば市大井1535-11,茨城県つくば市大井1535-11,,029-830-7717,029-830-7637
㈲日立看護師家政婦紹介所,317-0061,茨城県日立市東町1-15-3,茨城県日立市東町1-15-3,,0294-21-5029,0294-23-1039
石岡看護師介護士紹介所,315-0005,茨城県石岡市鹿ノ子2-4-37,茨城県石岡市鹿ノ子2-4-37,,0299-24-0079,0299-24-0191
笠間家政婦紹介所,309-1611,茨城県笠間市笠間1768,茨城県笠間市笠間1768,,0296-72-0943,0296-72-0943
（有）共立看護婦家政婦紹介所,310-0062,茨城県水戸市大町3-2-11,茨城県水戸市大町3-2-11,,029-221-2585,029-221-2585
髙橋家政婦紹介所,310-0036,茨城県水戸市新荘1-1-42,茨城県水戸市新荘1-1-42,,029-221-6020,029-221-6020
新治看護婦家政婦紹介所,300-0043,茨城県土浦市中央1-5-13,茨城県土浦市中央1-5-13,,029-821-1198,029-824-0564
ひまわり家政婦紹介所,308-0825,茨城県筑西市下中山540-7,茨城県筑西市下中山540-7,,0296-24-9900,0296-24-9900
平山家政婦紹介所,300-0031,茨城県土浦市東崎町9-5,茨城県土浦市東崎町9-5,,029-821-1776,029-821-1776
㈲水戸介護家事ｻｰﾋﾞｽ水戸看護婦家政婦紹介,310-0041,茨城県水戸市上水戸1-8-19,茨城県水戸市上水戸1-8-19,,029-221-3696,029-302-4170
ケアスタッフ紹介所みのわ,310-0851,茨城県水戸市千波町727-1石川ﾋﾞﾙ403,茨城県水戸市千波町727-1石川ﾋﾞﾙ403,,029-305-3316,029-305-3117
㈲石井家政婦紹介所,320-0817,栃木県宇都宮市本丸町16-12,栃木県宇都宮市本丸町16-12,,028-634-4334,028-633-5505
㈲ケアサポート石川,328-0031,栃木県栃木市日ノ出町9-27,栃木県栃木市日ノ出町9-27,,0282-22-0902,0282-22-0912
㈲ケアワーカー出野,321-4305,栃木県真岡市荒町4-22-4,栃木県真岡市荒町4-22-4,,0285-84-1097,0285-82-1665
ウエク家政婦紹介所,326-0806,栃木県足利市柳原町893-3,栃木県足利市柳原町893-3,,0284-41-3235,0284-41-3235
大島看護婦家政婦紹介所,327-0832,栃木県佐野市植上町1334-1,栃木県佐野市植上町1334-1,,0283-22-5741,0283-22-5741
小山看護婦家政婦紹介所,323-0032,栃木県小山市天神町1-6-3,栃木県小山市天神町1-6-3,,0285-22-0328,0285-22-1444
㈲中野家政婦・ケアスタッフ紹介所,329-2726,栃木県那須塩原市扇町9-2,栃木県那須塩原市扇町9-2,,0287-36-0345,0287-36-0345
㈲ケアサービスむらおか,320-0814,栃木県宇都宮市三番町2-10,栃木県宇都宮市三番町2-10,,028-634-6993,028-636-8215
㈲ケアメイトやまぐち,320-0035,栃木県宇都宮市伝馬町3-2,栃木県宇都宮市伝馬町3-2,,028-633-2502,028-637-3559
成友商事有限会社家政婦（夫）紹介所,373-0018,群馬県太田市丸山町1132,群馬県太田市丸山町1132,,0276-37-1233,0276-37-1376
㈲篠田看護婦家政婦紹介所,371-0021,群馬県前橋市住吉町2-2-2,群馬県前橋市住吉町2-2-2,,027-231-4135,027-231-6437
㈲中里会中里看護師家政婦(夫)紹介所,376-0013,群馬県桐生市広沢町2-3400,群馬県桐生市広沢町2-3400,,0277-54-1358,0277-54-3745
㈲ケアセンター平成,372-0007,群馬県伊勢崎市安堀町甲1615-1,群馬県伊勢崎市安堀町甲1615-1,,0270-23-1164,0270-23-1197
㈲ケアーサービス平和,370-0069,群馬県高崎市飯塚町1301-1,群馬県高崎市飯塚町1301-1,,027-386-6725,027-386-6825
㈲アイケアほしの,372-0031,群馬県伊勢崎市今泉町2-832-2,群馬県伊勢崎市今泉町2-832-2,,0270-25-5366,0270-21-9719
㈲京成家政婦紹介所,272-0034,千葉県市川市市川3-28-6,千葉県市川市市川3-28-6,,047-326-1331,047-326-1332
㈱千葉総合介護サービス,286-0201,千葉県富里市日吉台4-6-14,千葉県富里市日吉台4-6-14,,0476-92-1720,0476-92-1361
野田家政婦紹介所,278-0006,千葉県野田市柳沢24,千葉県野田市柳沢24,,04-7122-0608,04-7122-1976
㈱ヘルスケアナラシノ,275-0017,千葉県習志野市藤崎3-38-6,千葉県習志野市藤崎3-38-6,,047-403-7222,047-471-8550
㈲松戸看護婦家政婦紹介所,271-0092,千葉県松戸市松戸1129ｰ1,千葉県松戸市松戸1129ｰ1,ﾆｭｰﾊﾟｳﾘｽﾀﾋﾞﾙ2F,047-362-2624,047-362-2241
安房看護婦家政婦紹介所,294-0046,千葉県館山市新宿45-1,千葉県館山市新宿45-1,,0470-22-0766,0470-22-0766
有限会社市川家政婦紹介所,272-0034,千葉県市川市市川1-17-22,千葉県市川市市川1-17-22,,047-322-2711,047-325-0016
㈲五井看護婦家政婦紹介所,290-0056,千葉県市原市五井2254-4,千葉県市原市五井2254-4,,0436-22-8961,0436-23-8037
㈲新船橋看護婦家政婦紹介所,273-0005,千葉県船橋市本町1-25-31,千葉県船橋市本町1-25-31,ソシアルハイムＡ101,047-422-3262,047-425-2771
ナーシングサービス片岡,292-0056,千葉県木更津市木更津3-14-28,千葉県木更津市木更津3-14-28,,0438-22-2407,0438-25-3360
鴨川看護婦家政婦紹介所,296-0023,千葉県鴨川市押切75,千葉県鴨川市押切75,,04-7093-5788,04-7093-5788
㈲旭家政婦紹介所,289-2512,千葉県旭市東足洗1352-2,千葉県旭市東足洗1352-2,,0479-63-4332,0479-63-4456
㈲平林看護婦家政婦紹介所,270-0023,千葉県松戸市八ヶ崎7-45-3グリーンヒル八ヶ崎103号,千葉県松戸市八ヶ崎7-45-3グリーンヒル八ヶ崎103号,,047-341-4434,047-343-0493
㈲弘誠会看護婦家政婦紹介所,288-0042,千葉県銚子市末広町6-15,千葉県銚子市末広町6-15,,0479-22-0588,0479-25-5177
㈱ケアフレンドモリタ家政婦紹介所,260-0012,千葉県千葉市中央区本町3-2-14,千葉県千葉市中央区本町3-2-14,,043-222-1059,043-221-5058
内山家政婦看護師紹介所,260-0028,千葉県千葉市中央区新町25-2,千葉県千葉市中央区新町25-2,,043-242-3634,043-242-3635
㈱ケイヨウケアインテリジェント,273-0005,千葉県船橋市本町6-17-13,千葉県船橋市本町6-17-13,,047-423-7634,047-425-0418
朝霞家政婦（夫）紹介所,351-0005,埼玉県朝霞市根岸台7-29-6,埼玉県朝霞市根岸台7-29-6,,048-463-0644,048-463-0656
㈲春日部ケアサポート,344-0067,埼玉県春日部市中央4-6-9,埼玉県春日部市中央4-6-9,,048-754-7907,048-754-7925
㈲熊谷家事介護センター,360-0031,埼玉県熊谷市末広1-34-1,埼玉県熊谷市末広1-34-1,,048-521-2134,048-525-8449
㈲ナーシングケアーセンター,344-0067,埼玉県春日部市中央5-3-4,埼玉県春日部市中央5-3-4,,048-734-2437,048-738-3102
㈲越谷看護婦家政婦紹介所,343-0816,埼玉県越谷市弥生町6-18,埼玉県越谷市弥生町6-18,,048-966-3430,048-964-4485
本庄看護婦家政婦紹介所,367-0041,埼玉県本庄市駅南1-18-16,埼玉県本庄市駅南1-18-16,,0495-21-8888,0495-23-2951
㈲ファーストケアまちや,330-0052,埼玉県さいたま市浦和区本太3-1-14,埼玉県さいたま市浦和区本太3-1-14,,048-813-5106,048-813-5107
㈱蕨看護婦家政婦紹介所,335-0003,埼玉県蕨市南町2-25-2,埼玉県蕨市南町2-25-2,,048-441-3269,048-431-0993
㈲あおば介護・家政婦紹介所,332-0021,埼玉県川口市西川口5-3-15,埼玉県川口市西川口5-3-15,,048-250-5312,048-250-5313
㈲ケアプラザ,359-0038,埼玉県所沢市北秋津791-2増田ﾋﾞﾙ201,埼玉県所沢市北秋津791-2増田ﾋﾞﾙ201,,04-2998-5921,04-2993-0177
㈲浦和看護婦家政婦紹介所,336-0931,埼玉県さいたま市緑区原山1-3-21,埼玉県さいたま市緑区原山1-3-21,,048-887-4612,048-885-9721
ムサシノ看護師家政婦紹介所,330-0063,埼玉県さいたま市浦和区高砂4-19-18,埼玉県さいたま市浦和区高砂4-19-18,,048-837-1365,048-837-1365
松木ベビーシッター看護婦家政婦紹介所,330-0854,埼玉県さいたま市大宮区桜木町2-2-10,埼玉県さいたま市大宮区桜木町2-2-10,松木ビル5階,048-641-0852,048-644-7405
㈲ライフサービス細井紹介所,330-0845,埼玉県さいたま市大宮区仲町3-138,埼玉県さいたま市大宮区仲町3-138,,048-641-8092,048-641-8127
羽生看護婦家政婦紹介所,361-0021,埼玉県行田市富士見町2-15-8,埼玉県行田市富士見町2-15-8,,048-554-3375,048-554-3838
㈲愛生,162-0805,東京都新宿区矢来町134-4,東京都新宿区矢来町134-4,,03-3267-6423,03-3267-6424
㈲回生看護婦家政婦紹介所,113-0033,東京都文京区本郷5-27-10,東京都文京区本郷5-27-10,,03-3811-1691,03-3811-1963
㈲加藤介護サービス　紹介事業部,113-0021,東京都文京区本駒込1-27-3,東京都文京区本駒込1-27-3,,03-3946-4141,03-3945-6188
㈲土井紹介所,113-0022,東京都文京区千駄木5-28-5,東京都文京区千駄木5-28-5,,03-3821-0870,03-3821-0713
㈲栃木家政婦紹介所,113-0021,東京都文京区本駒込3-11-9,東京都文京区本駒込3-11-9,,03-3821-0767,03-3828-2210
㈲奈良原家政婦紹介所,113-0021,東京都文京区本駒込6-1-18,東京都文京区本駒込6-1-18,,03-3941-1750,03-3941-1767
㈱ケアワーク弥生,113-0032,東京都文京区弥生2-15-13,東京都文京区弥生2-15-13,,03-3811-1039,03-3811-1267
㈲行安看護婦家政婦紹介所,112-0002,東京都文京区小石川2-4-2,東京都文京区小石川2-4-2,,03-3811-4838,03-3812-4538
㈲渡瀬,113-0021,東京都文京区本駒込1-21-14,東京都文京区本駒込1-21-14,,03-3946-7151,03-3946-7152
㈲老松ケアサービス,112-0012,東京都文京区大塚5-15-10,東京都文京区大塚5-15-10,,03-3941-0811,03-3943-3937
上町看護婦家政婦紹介所,112-0012,東京都文京区大塚4-20-15,東京都文京区大塚4-20-15,,03-3941-1564,03-3941-1564
㈲大正看護婦家政婦紹介所,113-0033,東京都文京区本郷4-30-11,東京都文京区本郷4-30-11,,03-3811-7751,03-3812-5969
㈲文京まこと,113-0021,東京都文京区本駒込6-1-8,東京都文京区本駒込6-1-8,,03-3945-3631,03-3945-3643
（資）みどり看護婦家政婦紹介所,113-0033,東京都文京区本郷5-25-14,東京都文京区本郷5-25-14,,03-3811-1516,03-3811-9094
㈲ミヤザワ家政婦紹介所,112-0002,東京都文京区小石川5-2-10,東京都文京区小石川5-2-10,,03-3811-4660,03-3811-5145
㈲下平看護婦家政婦紹介所,102-0083,東京都千代田区麹町4-3,東京都千代田区麹町4-3,,03-3261-7484,03-3261-4384
㈱エヌ・ティ豊島,171-0014,東京都豊島区池袋2-73-1,東京都豊島区池袋2-73-1,小玉様片,03-3986-5678,03-3988-3555
㈲シルバーケア・サービス豊住,179-0085,東京都練馬区早宮3-9-21,東京都練馬区早宮3-9-21,,03-3993-3675,03-3993-3350
㈲畑紹介所,174-0052,東京都板橋区蓮沼町32-12,東京都板橋区蓮沼町32-12,,03-3969-0511,03-3969-0537
㈲豊玉ハートランド,176-0013,東京都練馬区豊玉中3-16-13ｻﾝﾜｺｰﾎﾟﾗｽ,東京都練馬区豊玉中3-16-13ｻﾝﾜｺｰﾎﾟﾗｽ,,03-3992-0168,03-3992-1625
㈱ユーモア,174-0064,東京都板橋区中台1-44-4第一ﾓﾐｼﾞﾋﾞﾙ1F,東京都板橋区中台1-44-4第一ﾓﾐｼﾞﾋﾞﾙ1F,,03-3550-0239,03-3550-0550
㈱すがも家政婦紹介所,170-0002,東京都豊島区巣鴨4-43-8,東京都豊島区巣鴨4-43-8,,03-3917-4848,03-3917-0474
㈱グレイス・ケアー,171-0022,東京都豊島区南池袋4-17-2-101,東京都豊島区南池袋4-17-2-101,,03-3987-6446,03-3987-7275
平賀家政婦(夫)紹介所,177-0044,東京都練馬区上石神井2-30-10,東京都練馬区上石神井2-30-10,,03-3920-1988,03-3920-1778
㈲友愛ケアービジネス,114-0004,東京都北区堀船3-29-14,東京都北区堀船3-29-14,,03-3911-5357,03-3912-2938
㈲昭和看護婦家政婦紹介所,143-0023,東京都大田区山王2-34-27,東京都大田区山王2-34-27,,03-3771-0177,03-3771-0179
長原家政婦紹介所,145-0064,東京都大田区上池台1-14-10,東京都大田区上池台1-14-10,,03-3720-2595,
エンジョブ医療・福祉人材紹介,143-0021,東京都大田区北馬込2-30-8RKIﾋﾞﾙ4F,東京都大田区北馬込2-30-8RKIﾋﾞﾙ4F,,03-3776-0421,03-3776-6694
㈲芙蓉ケアサービス,143-0016,東京都大田区大森北2-12-8-104,東京都大田区大森北2-12-8-104,,03-3766-7116,03-3298-9187
㈱アーチ福祉＆サービス人材センター,144-0035,東京都大田区南蒲田3-15-16,東京都大田区南蒲田3-15-16,,03-3742-0650,03-3744-1512
㈱トーリツ,124-0023,東京都葛飾区東新小岩7-2-12,東京都葛飾区東新小岩7-2-12,,03-5698-5671,03-3691-8597
㈱ﾗｯｸｺｰﾎﾟﾚｰｼｮﾝ ﾗｯｸ人材ｻｰﾋﾞｽ,131-0046,東京都墨田区京島1-47-17,東京都墨田区京島1-47-17,グランロイヤル曳舟2F,03-5655-7509,03-5655-7524
㈱永仁介護サービス,132-0035,東京都江戸川区平井4-1-19,東京都江戸川区平井4-1-19,,03-3683-4441,03-3683-4443
㈲ヒューマンサポート同愛,110-0004,東京都台東区下谷2-12-2,東京都台東区下谷2-12-2,,03-3872-7058,03-3873-4890
㈲白十字看護婦家政婦紹介所,110-0016,東京都台東区台東1-35-4,東京都台東区台東1-35-4,,03-3831-8988,03-3831-8989
㈱ジャストケアセンター,141-0022,東京都品川区東五反田4-8-7,東京都品川区東五反田4-8-7,,03-3443-6661,03-3443-6665
㈱ライフケアーサービスセンター,140-0001,東京都品川区北品川3-3-3東和ビル3F,東京都品川区北品川3-3-3東和ビル3F,,03-3471-3883,03-3471-3899
㈲キャリアコネクト,140-0004,東京都品川区南品川4-11-1,東京都品川区南品川4-11-1,グリーンハイム南品川102,03-3472-6151,03-3472-6152
㈲佐賀看護婦家政婦紹介所,140-0015,東京都品川区西大井2-23-1,東京都品川区西大井2-23-1,,03-3771-2030,03-3775-0065
㈲城南ケアサービス,140-0015,東京都品川区西大井2-4-14,東京都品川区西大井2-4-14,,03-3772-1643,03-3772-1628
㈱福住家政婦紹介所,108-0072,東京都港区白金1-11-12,東京都港区白金1-11-12,,03-3441-4404,03-3441-8160
㈱やさしい手,153-0044,東京都目黒区大橋2-24-3中村ビル6F,東京都目黒区大橋2-24-3中村ビル6F,,03-5433-5090,03-5433-5083
㈱ゆたか在宅福祉サービス,142-0053,東京都品川区中延6-5-20,東京都品川区中延6-5-20,,03-3783-4439,03-5702-6571
㈲梅元家政婦紹介所,123-0841,東京都足立区西新井6-3-8,東京都足立区西新井6-3-8,,03-3854-0841,03-3856-5420
㈲ケアサービス大和田,116-0003,東京都荒川区南千住2-14-7,東京都荒川区南千住2-14-7,,03-3802-4566,03-3807-2951
㈲加島看護婦家政婦紹介所,120-0036,東京都足立区千住仲町16-4,東京都足立区千住仲町16-4,ゆいま～るビル,03-3888-4652,03-3881-3051
佐々木ケアサービス㈱,120-0015,東京都足立区足立4-37-11,東京都足立区足立4-37-11,,03-3852-2611,03-3840-0258
末広,120-0015,東京都足立区梅田2-4-17-905,東京都足立区梅田2-4-17-905,,03-3886-5003,03-3849-1516
竹ノ塚看護婦家政婦紹介所,121-0823,東京都足立区伊興2-5-8,東京都足立区伊興2-5-8,,03-3853-0211,03-3853-1193
㈲むつみ看護婦家政婦紹介所,123-0845,東京都足立区西新井本町4-4-4,東京都足立区西新井本町4-4-4,,03-3856-0381,03-5691-0662
㈲ワークオフィス・谷,107-0052,東京都港区赤坂6-10-45-203,東京都港区赤坂6-10-45-203,,03-5544-8315,03-5544-8316
㈱太子ホームヘルパーケア・サービス,154-0023,東京都世田谷区若林1ｰ1ｰ27ｰ101,東京都世田谷区若林1ｰ1ｰ27ｰ101,,03-3413-0806,03-3413-8773
㈱ﾒﾃﾞｨｶﾙｴﾝﾌﾟﾛｲﾒﾝﾄNNC日本ﾅｰｽｾﾝﾀｰ,150-0022,東京都渋谷区恵比寿南1-3-9新井ﾋﾞﾙ2F,東京都渋谷区恵比寿南1-3-9新井ﾋﾞﾙ2F,,03-3793-0523,03-3793-0613
㈲広尾紹介サービス,150-0012,東京都渋谷区広尾5-16-1-401,東京都渋谷区広尾5-16-1-401,,03-3473-2052,03-3473-2545
㈲石川ケアサービス,156-0057,東京都世田谷区上北沢5-35-13,東京都世田谷区上北沢5-35-13,,03-3302-5828,03-3290-6120
㈲経堂ケアサービス家政婦紹介所,156-0052,東京都世田谷区経堂1-27-16,東京都世田谷区経堂1-27-16,,03-3420-4646,03-3427-3737
㈲笹塚ケア・ニジュウイチ,151-0073,東京都渋谷区笹塚1-40-7,東京都渋谷区笹塚1-40-7,,03-5790-6677,03-5790-6679
㈲玉川ケアサービス,158-0096,東京都世田谷区玉川台1-13-14,東京都世田谷区玉川台1-13-14,用賀武井ビル302号,03-3709-4509,03-3709-7772
㈱日本介護センター職業紹介所,151-0053,東京都渋谷区代々木1-30-6,東京都渋谷区代々木1-30-6,第一ユーアイビル5F,03-3373-4125,03-3373-4140
野沢サービス家政婦紹介所,154-0003,東京都世田谷区野沢2-24-2,東京都世田谷区野沢2-24-2,,03-3424-4501,03-3424-4503
㈲ヘルパーサービス和知,155-0032,東京都世田谷区代沢5-7-3,東京都世田谷区代沢5-7-3,,03-3411-3108,03-3411-4674
㈲アオバケアサービス,161-0033,東京都新宿区下落合4-24-12,東京都新宿区下落合4-24-12,,03-3951-4827,03-3951-4857
三和家政婦紹介所,166-0002,東京都杉並区高円寺北3-20-9,東京都杉並区高円寺北3-20-9,サイチハイツ1F,03-3337-4449,03-3223-0708
しらさぎ看護師・家政婦（夫）紹介所,167-0022,東京都杉並区下井草3-41-7ｻﾝﾋﾞﾙ2F,東京都杉並区下井草3-41-7ｻﾝﾋﾞﾙ2F,,03-3399-1997,03-3399-8867
㈲白鳥,166-0011,東京都杉並区梅里1-7-14,東京都杉並区梅里1-7-14,シャトー新高円寺403,03-3313-3058,03-3316-6414
東海看護婦家政婦紹介所,160-0023,東京都新宿区西新宿8-3-31#601,東京都新宿区西新宿8-3-31#601,,03-3361-1192,03-5337-7935
㈲堀ノ内ケアサービス,166-0013,東京都杉並区堀ノ内3-2-13妙光堂ﾋﾞﾙ1Ｆ,東京都杉並区堀ノ内3-2-13妙光堂ﾋﾞﾙ1Ｆ,,03-3311-4610,03-3311-1665
㈲松庵ケアサービス,167-0054,東京都杉並区松庵3-39-10ﾒｿﾞﾝｵｰｸ202,東京都杉並区松庵3-39-10ﾒｿﾞﾝｵｰｸ202,,03-3333-4783,03-3331-9028
ヤマネ家政婦紹介所,162-0052,東京都新宿区戸山3-9-13,東京都新宿区戸山3-9-13,,03-3200-7477,03-3200-7477
㈱畑中ケアサービス,169-0072,東京都新宿区大久保1-16-23,東京都新宿区大久保1-16-23,,03-3209-2013,03-3209-2055
㈱美徳介護サービス,160-0011,東京都新宿区若葉1-8,東京都新宿区若葉1-8,,03-3351-1806,03-3351-1140
㈲高円寺ケアサービス,166-0003,東京都杉並区高円寺南2-10-20,東京都杉並区高円寺南2-10-20,,03-3311-1352,03-3311-1358
城西家政婦紹介所,165-0022,東京都中野区江古田3-6-9 1F,東京都中野区江古田3-6-9 1F,,03-3951-1897,03-3951-1227
㈱ケアワーク北多摩,188-0011,東京都西東京市田無町5-8-15,東京都西東京市田無町5-8-15,,042-461-8180,042-461-5226
㈲一（はじめ）家政婦紹介所,180-0006,東京都武蔵野市中町1-29-5,東京都武蔵野市中町1-29-5,,0422-51-4841,0422-51-6933
家政・介護人材バンク（㈱家族のみかた）,190-0011,東京都立川市高松町2-25-1 2-C,東京都立川市高松町2-25-1 2-C,,042-527-1234,042-527-1286
㈱立川ケアサービス,190-0012,東京都立川市曙町2-22-7曙AYビル1F,東京都立川市曙町2-22-7曙AYビル1F,,042-522-1155,042-528-6262
（資）かもめ家政婦紹介所,183-0042,東京都府中市武蔵台2-33-7,東京都府中市武蔵台2-33-7,,042-321-0354,042-321-0215
㈲小金井ケア・ワーカー・サービス,184-0011,東京都小金井市東町5-23-30,東京都小金井市東町5-23-30,,042-381-0456,042-387-7891
㈲小平ホームケアサービス,187-0031,東京都小平市小川東町1-27-13,東京都小平市小川東町1-27-13,,042-341-0373,042-341-0373
㈱白百合ケアセンター,196-0033,東京都昭島市東町1-16-9昭和ﾊﾟｰｸﾋﾞﾙ1F,東京都昭島市東町1-16-9昭和ﾊﾟｰｸﾋﾞﾙ1F,,042-521-7771,042-521-7775
アヒル,187-0025,東京都小平市津田町2-2-26,東京都小平市津田町2-2-26,,042-318-2576,042-318-9409
㈲南多摩会ナース＆ケアサービス,206-0024,東京都多摩市諏訪1-9-1,東京都多摩市諏訪1-9-1,,042-373-5588,042-373-2211
㈲福生ふれあいの友福生家政婦紹介所,197-0011,東京都福生市福生2167-5,東京都福生市福生2167-5,,042-552-0924,042-553-8327
よふき看護婦家政婦紹介所,189-0001,東京都東村山市秋津町3-35-9,東京都東村山市秋津町3-35-9,,042-395-6500,042-395-6748
㈱かたばみ,183-0055,東京都府中市府中町1-12-7ｾﾝﾀｰﾋﾞﾙ2F,東京都府中市府中町1-12-7ｾﾝﾀｰﾋﾞﾙ2F,,042-364-5359,042-364-5409
㈲多摩ヘルパーセンター,192-0081,東京都八王子市横山町8-7 K-1ﾋﾞﾙ4F,東京都八王子市横山町8-7 K-1ﾋﾞﾙ4F,,042-645-1881,042-642-5500
㈲めぐみ,194-0013,東京都町田市原町田5-8-9,東京都町田市原町田5-8-9,,042-722-7218,042-727-9644
㈱たかばんヘルパー家政婦紹介所,195-0054,東京都町田市三輪町662,東京都町田市三輪町662,,044-987-0851,044-987-0869
㈲八王子メディカルサービス,193-0934,東京都八王子市小比企町435-1,東京都八王子市小比企町435-1,ファーストヒルズいそま201,042-637-4078,042-637-6244
㈲金沢ケア・サービス,236-0016,神奈川県横浜市金沢区谷津町157,神奈川県横浜市金沢区谷津町157,,045-784-8861,045-784-8845
港南家政婦紹介所,234-0051,神奈川県横浜市港南区日野1-1-1,神奈川県横浜市港南区日野1-1-1,岡本ビル201,045-843-6220,045-843-6291
㈱ｻｶﾞﾐｹｱｻﾎﾟｰﾄ 紹介業部門ウェルファ,252-0236,神奈川県相模原市中央区富士見6-15-9,神奈川県相模原市中央区富士見6-15-9,,042-758-2300,042-776-0855
㈲三和看護婦家政婦紹介所,249-0006,神奈川県逗子市逗子3-1-26,神奈川県逗子市逗子3-1-26,近藤ビル3F,046-871-5985,046-871-5583
㈲新丸子ケア・サービス,211-0005,神奈川県川崎市中原区新丸子町767,神奈川県川崎市中原区新丸子町767,セピアハイム3階,044-738-1107,044-738-1136
㈲関看護婦家政婦紹介所,230-0023,神奈川県横浜市鶴見区市場西中町7-32,神奈川県横浜市鶴見区市場西中町7-32,,045-501-5050,045-501-0158
㈲赤心看護婦家政婦紹介所,238-0017,神奈川県横須賀市上町3-33,神奈川県横須賀市上町3-33,,046-822-1372,046-825-3850
㈲中央ライフ・ケア,238-0052,神奈川県横須賀市佐野町2-36,神奈川県横須賀市佐野町2-36,,046-851-1184,046-851-1335
㈲同仁家事介護サービス,248-0005,神奈川県鎌倉市雪ノ下2-16-10,神奈川県鎌倉市雪ノ下2-16-10,,0467-22-8461,0467-22-8472
中村看護婦家政婦紹介所,251-0052,神奈川県藤沢市藤沢817,神奈川県藤沢市藤沢817,,0466-22-3279,0466-22-3381
㈲元町ケアサービス,231-0861,神奈川県横浜市中区元町2-91,神奈川県横浜市中区元町2-91,,045-641-3769,045-671-9533
㈱ゆりが丘ケアスタッフ,214-0014,神奈川県川崎市多摩区登戸3375-1,神奈川県川崎市多摩区登戸3375-1,第二TSSビル701号,044-934-4166,044-934-4165
㈲介護サービスサンライズ,250-0005,神奈川県小田原市中町1-9-6,神奈川県小田原市中町1-9-6,,0465-24-3053,0465-24-3054
㈲アテンドサービス湘南,259-1131,神奈川県伊勢原市伊勢原4-670-1,神奈川県伊勢原市伊勢原4-670-1,プリメール伊勢原306,0463-97-1500,0463-97-1501
㈲潮田介護サービス,230-0041,神奈川県横浜市鶴見区潮田町2-113-1,神奈川県横浜市鶴見区潮田町2-113-1,,045-511-5590,045-511-5592
㈲笹島看護師家政婦紹介所,230-0026,神奈川県横浜市鶴見区市場富士見町9-35,神奈川県横浜市鶴見区市場富士見町9-35,,045-501-6655,045-501-6277
㈲ひかり看護婦家政婦紹介所,230-0062,神奈川県横浜市鶴見区豊岡町32-11,神奈川県横浜市鶴見区豊岡町32-11,,045-581-3418,045-581-9110
㈲茅ヶ崎ケアサービス,253-0053,神奈川県茅ヶ崎市東海岸北3-9-3,神奈川県茅ヶ崎市東海岸北3-9-3,,0467-82-2448,0467-57-5963
㈲湘南ケアサービス,251-0027,神奈川県藤沢市鵠沼桜が岡3-5-26,神奈川県藤沢市鵠沼桜が岡3-5-26,,0466-29-2855,0466-29-2885
㈲三条看護婦家政婦紹介所ﾊｲﾃﾞｲ,955-0013,新潟県三条市井栗1-28-10,新潟県三条市井栗1-28-10,,0256-38-1211,0256-38-7833
㈲燕看護婦家政婦紹介所,959-1241,新潟県燕市小高610-1,新潟県燕市小高610-1,,0256-63-8273,0256-62-3099
㈲愛冨岡看護婦・ｹｱﾎｰﾑﾍﾙﾊﾟｰ紹介所,950-0907,新潟県新潟市中央区幸町12-11,新潟県新潟市中央区幸町12-11,,025-247-5014,025-247-5022
㈲新潟看護婦家政婦紹介所,950-0904,新潟県新潟市中央区水島町1-7,新潟県新潟市中央区水島町1-7,,025-244-1925,025-244-5408
㈲ケアワーカー藤井紹介所,950-0083,新潟県新潟市中央区蒲原町8-6,新潟県新潟市中央区蒲原町8-6,,025-244-6703,025-249-1650
㈲新発田家政婦紹介所,957-0061,新潟県新発田市住吉町4-5-24,新潟県新発田市住吉町4-5-24,,0254-24-7737,0254-24-7802
となみ家政婦紹介所,939-1844,富山県南砺市野口191-1,富山県南砺市野口191-1,,0763-62-1279,0763-62-3774
㈲ケアサービス金沢,920-0865,石川県金沢市長町2-7-24,石川県金沢市長町2-7-24,,076-222-8855,076-254-6988
㈱メディカルブレーン,921-8161,石川県金沢市有松3-7-26 1F,石川県金沢市有松3-7-26 1F,,076-256-3120,076-241-5619
㈲稲木ケア・サービス,918-8203,福井県福井市上北野2-22-9,福井県福井市上北野2-22-9,,0776-54-2734,0776-53-3218
㈲中央介護・家政職紹介所,400-0031,山梨県甲府市丸の内3-29-23,山梨県甲府市丸の内3-29-23,,055-233-4020,055-220-7229
㈲松橋看護師家政婦(夫)紹介所,380-0928,長野県長野市若里5-10-48,長野県長野市若里5-10-48,若里信越ビル202,026-223-0039,026-226-4482
㈲サンセール・ケア・サービス,424-0818,静岡県静岡市清水区江尻町8-14,静岡県静岡市清水区江尻町8-14,,054-364-4633,054-364-4449
㈲かやの里,418-0003,静岡県富士宮市ひばりが丘526-2,静岡県富士宮市ひばりが丘526-2,,0544-26-4298,0544-26-1034
㈲中島家政婦紹介所,413-0027,静岡県熱海市紅葉ガ丘町9-1,静岡県熱海市紅葉ガ丘町9-1,,0557-83-2400,0557-85-2456
㈱ｴﾎﾟｯｸｹｱｻｰﾋﾞｽ紹介事業部宮下家政婦紹介所,420-0867,静岡県静岡市葵区馬場町9田辺ビル2Ｆ,静岡県静岡市葵区馬場町9田辺ビル2Ｆ,,054-653-7380,054-653-7388
湯ヶ島家政婦紹介所,410-2324,静岡県伊豆の国市中島270-1,静岡県伊豆の国市中島270-1,,0558-76-5312,0558-76-8136
伊東家政婦紹介所,414-0032,静岡県伊東市音無町5-6,静岡県伊東市音無町5-6,,0557-37-2900,0557-36-1646
㈲トータルサービス御殿場,412-0042,静岡県御殿場市萩原779-28,静岡県御殿場市萩原779-28,,0550-82-1399,0550-84-0581
双葉家政婦紹介所,424-0813,静岡県静岡市清水区宝町4-22,静岡県静岡市清水区宝町4-22,,054-366-0549,054-366-6055
㈲セントラル富士介護センター,417-0052,静岡県富士市中央町2-2-17,静岡県富士市中央町2-2-17,,0545-53-3303,0545-53-6790
アサヒ家政婦紹介所,432-8023,静岡県浜松市中区鴨江1-14-24,静岡県浜松市中区鴨江1-14-24,,053-452-5267,053-458-9017
吉原看護婦家政婦紹介所,417-0043,静岡県富士市荒田島町6-27,静岡県富士市荒田島町6-27,,0545-52-1978,0545-52-3043
㈲沼津ケアセンター白鳥,410-0003,静岡県沼津市新沢田町7-33,静岡県沼津市新沢田町7-33,,055-929-7020,055-929-7026
川口家政婦紹介所,420-0853,静岡県静岡市葵区追手町10-1010,静岡県静岡市葵区追手町10-1010,,054-252-3517,054-252-3517
㈱大橋ケアサービス,503-0894,岐阜県大垣市新地町1-1,岐阜県大垣市新地町1-1,,0584-75-3429,0584-75-3485
㈱華陽ケアサポート,500-8227,岐阜県岐阜市北一色6-2-35,岐阜県岐阜市北一色6-2-35,,058-245-0760,058-248-3180
㈲トータルケア幸誠,505-0022,岐阜県美濃加茂市川合町4-11-29,岐阜県美濃加茂市川合町4-11-29,,0574-28-3223,0574-28-3270
㈲平和看護婦家政婦紹介所,500-8268,岐阜県岐阜市茜部菱野1-46,岐阜県岐阜市茜部菱野1-46,,058-271-2674,058-276-2359
㈱睦ケアセンター,502-0851,岐阜県岐阜市鷺山1178-1,岐阜県岐阜市鷺山1178-1,,058-232-0711,058-232-0869
㈲森看護婦家政婦紹介所,503-0878,岐阜県大垣市竹島町14,岐阜県大垣市竹島町14,,0584-78-3280,0584-78-7522
㈲山之上看護婦家政婦紹介所,506-0053,岐阜県高山市昭和町1-207,岐阜県高山市昭和町1-207,,0577-32-6347,0577-32-6380
㈱介護サービス各務原,504-0832,岐阜県各務原市蘇原花園町3-22,岐阜県各務原市蘇原花園町3-22,,058-383-8008,058-383-3852
㈱サポート･ワン･サービスつしま紹介所,496-0036,愛知県津島市愛宕町4－113,愛知県津島市愛宕町4－113,,0567-26-3921,0567-26-3922
池下家政婦紹介所,464-0065,愛知県名古屋市千種区堀割町1-14,愛知県名古屋市千種区堀割町1-14,,052-761-8155,052-761-8156
㈲伊藤ケアサービス,466-0027,愛知県名古屋市昭和区阿由知通3-23,愛知県名古屋市昭和区阿由知通3-23,,052-731-1187,052-731-0152
岩田看護婦家政婦紹介所,466-0062,愛知県名古屋市昭和区狭間町21,愛知県名古屋市昭和区狭間町21,,052-731-1442,052-741-3397
共益家政婦紹介所,460-0007,愛知県名古屋市中区新栄2-12-14,愛知県名古屋市中区新栄2-12-14,,052-251-9777,052-242-2843
㈲至誠看護婦家政婦紹介所,460-0022,愛知県名古屋市中区金山2-1-15,愛知県名古屋市中区金山2-1-15,,052-331-0136,052-331-0139
㈱東洋ケアプランニング,453-0042,愛知県名古屋市中村区大秋町2-35,愛知県名古屋市中村区大秋町2-35,,052-461-4555,052-461-7799
㈲ますみライフケアサービス,483-8223,愛知県江南市赤童子町御宿66,愛知県江南市赤童子町御宿66,,0587-56-4358,0587-59-7213
㈲トータルケアサービス瑞穂,460-0008,愛知県名古屋市中区栄5-23-19,愛知県名古屋市中区栄5-23-19,,052-251-3801,052-261-0846
㈲菊園エージェンシー,466-0843,愛知県名古屋市昭和区菊園町4-17,愛知県名古屋市昭和区菊園町4-17,,052-841-3793,052-841-3834
㈲杉山家政婦紹介所,445-0071,愛知県西尾市熊味町下池田10,愛知県西尾市熊味町下池田10,サンポール徳次107,0563-57-3296,0563-57-3435
㈲ひまわり介護サービス,489-0915,愛知県瀬戸市北浦町1-23-12,愛知県瀬戸市北浦町1-23-12,,0561-82-0225,0561-82-0527
丸栄家政婦紹介所,460-0008,愛知県名古屋市中区栄3-25-26,愛知県名古屋市中区栄3-25-26,,052-241-3841,052-241-4951
㈲丸八介護サービス,453-0812,愛知県名古屋市中村区西米野町1-76-6,愛知県名古屋市中村区西米野町1-76-6,,052-471-3938,052-481-1903
㈲ヤナセ看護婦家政婦紹介所,444-0062,愛知県岡崎市松本町1-18,愛知県岡崎市松本町1-18,,0564-21-2039,0564-21-2109
㈲ケアサービス曙,464-0850,愛知県名古屋市千種区今池4-8-3,愛知県名古屋市千種区今池4-8-3,梅村ﾋﾞﾙ2F,052-731-7634,052-731-7889
㈲あい愛ライフ春日井,480-0305,愛知県春日井市坂下町7-760-526,愛知県春日井市坂下町7-760-526,,0568-88-4560,0568-88-3793
㈲ケアーサービス清友,464-0087,愛知県名古屋市千種区清明山2-3-8,愛知県名古屋市千種区清明山2-3-8,,052-711-5093,052-711-5235
㈲ヘルパーサービス金澤,453-0855,愛知県名古屋市中村区烏森町5-43,愛知県名古屋市中村区烏森町5-43,,052-471-1638,052-471-9402
㈲アサヒホームサービス家政婦紹介所,515-0045,三重県松阪市駅部田町208,三重県松阪市駅部田町208,,0598-26-6171,0598-26-2331
㈲伊賀家政婦紹介所,518-0005,三重県伊賀市高畑747-1,三重県伊賀市高畑747-1,,0595-21-1030,0595-21-1057
㈲ケアーサービス親和,514-0004,三重県津市栄町1-851,三重県津市栄町1-851,,059-228-2409,059-228-2715
大正家政婦紹介所,516-0037,三重県伊勢市岩渕2-4-24,三重県伊勢市岩渕2-4-24,,0596-28-3073,0596-25-0687
㈲ヒューマン・ケア・ステーションみえ,511-0912,三重県桑名市星見ヶ丘6-919,三重県桑名市星見ヶ丘6-919,,0594-33-4411,0594-33-1801
中七家政婦紹介所,510-0254,三重県鈴鹿市寺家3-36-6,三重県鈴鹿市寺家3-36-6,,059-387-0280,059-389-5708
㈲呉竹家政婦紹介所,612-8086,京都府京都市伏見区京町北7-10-1,京都府京都市伏見区京町北7-10-1,,075-601-0906,075-605-7287
淳風看護婦家政婦紹介所,600-8373,京都府京都市下京区下五条町462,京都府京都市下京区下五条町462,,075-351-2771,075-351-2785
信愛看護婦家政婦紹介所,605-0989,京都府京都市東山区本町新5-163-4,京都府京都市東山区本町新5-163-4,,075-561-3236,075-541-6061
ラ・ポールおとくにケアサービス,617-0845,京都府長岡京市下海印寺上内田18,京都府長岡京市下海印寺上内田18,,075-955-7310,075-955-2926
丹後看護婦家政婦紹介所,626-0033,京都府宮津市宮村1442,京都府宮津市宮村1442,,0772-22-7765,0772-22-7765
福知山家政婦紹介所,620-0035,京都府福知山市字内記48-7,京都府福知山市字内記48-7,,0773-22-3003,
平安看護婦家政婦紹介所,602-0845,京都府京都市上京区寺町通り今出川下ル,京都府京都市上京区寺町通り今出川下ル,真如堂前町114,075-231-3810,075-212-2220
朝日看護婦家政婦紹介所,605-0855,京都府京都市東山区,京都府京都市東山区,東大路松原上る辰巳町99-3,075-561-1764,075-561-1765
正光看護婦家政婦紹介所,617-0002,京都府向日市寺戸町笹屋20番19,京都府向日市寺戸町笹屋20番19,,075-932-0118,075-932-0118
㈱まほろばケアセンター,630-8115,奈良県奈良市大宮町6-1-11,奈良県奈良市大宮町6-1-11,新大宮第二ﾋﾞﾙ3F,0742-34-7401,0742-35-1019
㈱ﾊｯﾋﾟｰﾗｲﾌ家政婦・看護師紹介ｾﾝﾀｰ,630-8013,奈良県奈良市三条大路1-10-50,奈良県奈良市三条大路1-10-50,協栄ビル201,0742-30-5575,0742-30-5576
平和家政婦紹介所,635-0095,奈良県大和高田市大中64番地,奈良県大和高田市大中64番地,,0745-52-1901,0745-52-5099
八木家政婦紹介所,634-0078,奈良県橿原市八木町2-2-18,奈良県橿原市八木町2-2-18,,0744-22-2276,0744-22-2276
㈲愛染看護婦家政婦紹介所,640-8137,和歌山県和歌山市吹上2-4-41,和歌山県和歌山市吹上2-4-41,,073-422-1221,073-425-6023
㈲ハートフルケア紀南,646-0024,和歌山県田辺市学園30-19,和歌山県田辺市学園30-19,,0739-22-5712,0739-22-5737
ナースイン㈱看護婦家政婦紹介所,649-0304,和歌山県有田市箕島33-1,和歌山県有田市箕島33-1,紀州有田商工会議所ﾋﾞﾙ303,0737-82-1187,0737-82-2477
むつみ看護婦家政婦紹介所,647-0032,和歌山県新宮市王子町3-11-26,和歌山県新宮市王子町3-11-26,,0735-22-9644,0735-22-9644
㈲大阪相愛ケアサービスセンター,572-0836,大阪府寝屋川市木田町9-34,大阪府寝屋川市木田町9-34,,072-822-5394,072-825-3321
㈱泉北介護センター,590-0135,大阪府堺市南区別所1006-1,大阪府堺市南区別所1006-1,,072-291-9639,072-298-9641
長野家事介護サービス,586-0022,大阪府河内長野市本多町2-9,大阪府河内長野市本多町2-9,,0721-52-2326,0721-52-2340
藤井寺介護センター,583-0033,大阪府藤井寺市小山4-16-44,大阪府藤井寺市小山4-16-44,,072-930-5660,072-930-5662
㈱タカミコーポレーション,530-0041,大阪府大阪市北区天神橋3-7-18,大阪府大阪市北区天神橋3-7-18,,06-6355-5512,06-6355-5522
㈱都島ナース,534-0023,大阪府大阪市都島区都島南通1-20-9,大阪府大阪市都島区都島南通1-20-9,,06-6921-0590,06-6921-0650
吉田看護婦家政婦紹介所,558-0003,大阪府大阪市住吉区長居4-10-27,大阪府大阪市住吉区長居4-10-27,,06-6607-8009,06-6607-8013
冨士田看護婦家政婦紹介所,530-0041,大阪府大阪市北区天神橋1-18-25,大阪府大阪市北区天神橋1-18-25,,06-6352-0567,06-6352-2900
山本看護師家政婦(夫)紹介所,553-0003,大阪府大阪市福島区福島1-6-28,大阪府大阪市福島区福島1-6-28,,06-6451-5487,06-6451-3235
㈲愛生会ケアサービス,581-0831,大阪府八尾市山本町北4-3-4,大阪府八尾市山本町北4-3-4,,0729-99-3359,072-922-5353
愛の手家事介護ステーション㈲,595-0015,大阪府泉大津市二田町1-20-10,大阪府泉大津市二田町1-20-10,,0725-22-7529,0725-33-0949
アクティ家政婦紹介所,569-0802,大阪府高槻市北園町3-4,大阪府高槻市北園町3-4,トナミロイヤルハイツ101,072-683-6651,072-683-6652
㈲池田看護師家政婦紹介所,563-0056,大阪府池田市栄町10-9,大阪府池田市栄町10-9,,072-751-3001,072-751-0189
㈲茨木介護家事サービス,567-0801,大阪府茨木市総持寺2-3-5,大阪府茨木市総持寺2-3-5,,0726-24-6979,0726-26-6436
㈲和泉ファミリーケア,594-0023,大阪府和泉市伯太町2-31-12,大阪府和泉市伯太町2-31-12,,0725-41-2904,0725-41-3776
㈲ケア・ステーションりんくう,598-0071,大阪府泉佐野市鶴原1808,大阪府泉佐野市鶴原1808,,072-462-0717,072-461-1580
吹田看護婦家政婦紹介所,564-0031,大阪府吹田市元町13-5,大阪府吹田市元町13-5,,06-6381-0251,06-6381-0260
豊中看護婦家政婦紹介所,560-0024,大阪府豊中市末広町2-2-2,大阪府豊中市末広町2-2-2,,06-6852-5510,06-6845-1306
㈲森田サービス,558-0001,大阪府大阪市住吉区大領4-7-21,大阪府大阪市住吉区大領4-7-21,,06-6691-2055,06-6691-4030
㈱シオン,540-0038,大阪府大阪市中央区内淡路町1-4-9,大阪府大阪市中央区内淡路町1-4-9,ニフコビル2F,06-4794-0225,06-4794-0226
前田職業紹介所,596-0045,大阪府岸和田市別所町1-20-27,大阪府岸和田市別所町1-20-27,,072-422-1285,072-430-1286
赤穂看護婦家政婦紹介所,678-0233,兵庫県赤穂市加里屋中洲3-75,兵庫県赤穂市加里屋中洲3-75,,0791-42-2349,0791-42-1117
㈲足立ケアサービス,670-0011,兵庫県姫路市坊主町53,兵庫県姫路市坊主町53,,079-222-1748,079-282-1748
伊丹看護婦家政婦紹介所,664-0851,兵庫県伊丹市中央1-6-6,兵庫県伊丹市中央1-6-6,,072-772-3520,072-772-3520
㈲昭和ケアサービス,660-0862,兵庫県尼崎市開明町2-11神鋼建設ﾋﾞﾙ302,兵庫県尼崎市開明町2-11神鋼建設ﾋﾞﾙ302,,06-6411-3472,06-6414-6522
㈲アークケアサービス,679-2151,兵庫県姫路市香寺町香呂687-9,兵庫県姫路市香寺町香呂687-9,,079-232-3763,079-232-3841
㈱ささえる,669-1146,兵庫県西宮市名塩さくら台1-20-2,兵庫県西宮市名塩さくら台1-20-2,,0798-77-3534,0798-77-2418
はりま家政婦紹介所,6740074,兵庫県明石市魚住町清水2395-108,兵庫県明石市魚住町清水2395-108,,078-943-1108,078-945-6531
ウェーブライフ西宮,662-0913,兵庫県西宮市染殿町6-12西宮ハイム104,兵庫県西宮市染殿町6-12西宮ハイム104,,0798-38-8458,0798-38-8485
甲子園口看護婦家政婦紹介所,663-8113,兵庫県西宮市甲子園口1-11-12,兵庫県西宮市甲子園口1-11-12,,0798-64-9126,0798-64-9126
明石看護婦家政婦紹介所,673-0892,兵庫県明石市本町1-1-24,兵庫県明石市本町1-1-24,大日明石本町ビル202号,078-912-2523,078-912-2530
大塚看護師家政婦紹介所,659-0065,兵庫県芦屋市公光町10-18,兵庫県芦屋市公光町10-18,,0797-22-3761,0797-22-3769
桑形家政婦紹介所,652-0015,兵庫県神戸市兵庫区下祇園町1-10,兵庫県神戸市兵庫区下祇園町1-10,,078-341-6679,078-341-6679
白百合看護婦家政婦紹介所,655-0028,兵庫県神戸市垂水区宮本町3-13,兵庫県神戸市垂水区宮本町3-13,,078-707-4698,078-707-4643
西神看護師家政婦紹介所,651-2213,兵庫県神戸市西区押部谷町福住502-1,兵庫県神戸市西区押部谷町福住502-1,,078-995-1055,078-995-1053
堤看護婦家政婦紹介所,652-0032,兵庫県神戸市兵庫区荒田町3-57-4,兵庫県神戸市兵庫区荒田町3-57-4,,078-511-3751,078-521-7841
㈱のもと,671-1301,兵庫県たつの市御津町黒崎262,兵庫県たつの市御津町黒崎262,,079-322-0878,079-322-0932
㈲花北ケアサービス,670-0864,兵庫県姫路市野里中町1-38,兵庫県姫路市野里中町1-38,,079-288-3730,079-288-3736
六甲道看護婦家政婦紹介所,657-0038,兵庫県神戸市灘区深田町2-4-16,兵庫県神戸市灘区深田町2-4-16,,078-841-1691,078-851-5674
愛育ケア・ワーカー紹介所,680-0032,鳥取県鳥取市茶町320,鳥取県鳥取市茶町320,,0857-22-4546,0857-21-8472
㈲新生ケア・サービス,689-3546,鳥取県米子市熊党200-1,鳥取県米子市熊党200-1,,0859-27-1439,0859-27-0008
㈲ケアサービス米子,683-0853,鳥取県米子市三柳267,鳥取県米子市三柳267,,0859-22-3332,0859-22-3951
㈲ケアサービス出雲,693-0001,島根県出雲市今市町947-1,島根県出雲市今市町947-1,,0853-21-0936,0853-23-0197
㈲ケアサービス松江,690-0888,島根県松江市北堀町211,島根県松江市北堀町211,,0852-55-7168,0852-21-3955
㈲白菊ケアサービス,710-0055,岡山県倉敷市阿知2-16-3,岡山県倉敷市阿知2-16-3,,086-422-0120,086-422-0120
㈲博愛看護婦家政婦紹介所,700-0023,岡山県岡山市北区駅前町2-7-19,岡山県岡山市北区駅前町2-7-19,,086-222-5012,086-222-5032
㈲ケアサービス双葉,713-8122,岡山県倉敷市玉島中央町2-10-4,岡山県倉敷市玉島中央町2-10-4,,086-522-3555,086-522-3599
㈲溝手家政婦紹介所,710-0056,岡山県倉敷市鶴形1-13-26,岡山県倉敷市鶴形1-13-26,,086-422-0537,086-422-0537
㈲ケア・サービス津山,708-0033,岡山県津山市河原町28-1,岡山県津山市河原町28-1,,0868-23-5511,0868-23-5516
㈲渡辺家政婦紹介所,700-0026,岡山県岡山市北区奉還町4-15-4,岡山県岡山市北区奉還町4-15-4,,086-252-0020,086-254-7877
㈲曙看護婦家政婦紹介所,720-0815,広島県福山市野上町3-7-33,広島県福山市野上町3-7-33,,084-931-4410,084-931-4418
神崎看護婦家政婦紹介所,730-0856,広島県広島市中区河原町2ｰ16,広島県広島市中区河原町2ｰ16,ソレイユ平和大通り901,082-231-1530,082-231-1531
㈲共立ケアーサービス,730-0014,広島県広島市中区上幟町5-19,広島県広島市中区上幟町5-19,,082-221-8644,082-223-8710
㈱くれせんケアサービス事業部,737-0051,広島県呉市中央3-1-22,広島県呉市中央3-1-22,,0823-22-2498,0823-32-6510
㈲山陽介護サービス,723-0017,広島県三原市港町1-18-11,広島県三原市港町1-18-11,,0848-62-3416,0848-62-3463
㈲誠心ケアサービス,722-0046,広島県尾道市長江1-6-10,広島県尾道市長江1-6-10,,0848-37-4604,0848-37-4630
㈲ケアネット広島,730-0845,広島県広島市中区舟入川口町6-9,広島県広島市中区舟入川口町6-9,,082-231-2831,082-232-5320
松永看護婦家政婦紹介所,729-0113,広島県福山市宮前町2-2-9,広島県福山市宮前町2-2-9,,084-933-3329,0849-36-0069
㈲吉宗看護婦家政婦紹介所,731-0232,広島県広島市安佐北区亀山南3-9-5,広島県広島市安佐北区亀山南3-9-5,,082-814-1922,082-814-8768
㈱エイトリンク紹介所,733-0833,広島県広島市西区商工センター2-9-22,広島県広島市西区商工センター2-9-22,,082-277-5686,082-278-2709
㈲大原家政婦紹介所,731-5128,広島県広島市佐伯区五日市中央2-3-9-9,広島県広島市佐伯区五日市中央2-3-9-9,,082-923-0298,082-923-7782
㈲五日市ケアワーク,731-5127,広島県広島市佐伯区五日市2-8-8,広島県広島市佐伯区五日市2-8-8,,082-921-3155,082-921-3130
㈲第一介護サービス,737-0112,広島県呉市広古新開4-2-14,広島県呉市広古新開4-2-14,,0823-74-7499,0823-74-7924
下松家政婦紹介所,744-0022,山口県下松市末武下西市西654-17,山口県下松市末武下西市西654-17,,0833-41-0592,0833-41-0671
㈲ケアポート徳山,745-0012,山口県周南市川端町1-11,山口県周南市川端町1-11,,0834-21-0707,0834-31-0900
日高家政婦紹介所,750-0061,山口県下関市上新地町2-13-2,山口県下関市上新地町2-13-2,,0832-22-9197,0832-32-5393
㈲防府ケア・サービス,747-0026,山口県防府市緑町2-4-28緑町ﾏﾝｼｮﾝ101,山口県防府市緑町2-4-28緑町ﾏﾝｼｮﾝ101,,0835-22-2018,0835-21-8479
長谷川看護婦家政婦紹介所,760-0061,香川県高松市築地町8-17,香川県高松市築地町8-17,,087-851-2916,087-851-0700
善通寺朝日看護師家政婦紹介所,765-0013,香川県善通寺市文京町4-8-29,香川県善通寺市文京町4-8-29,,0877-62-0510,0877-62-4373
㈲ケアサービス工藤,770-0868,徳島県徳島市福島1-5-1,徳島県徳島市福島1-5-1,,088-653-6450,088-653-6457
㈲介護サービス羽ノ浦看護婦家政婦紹介所,779-1102,徳島県阿南市羽ノ浦町宮倉字原ノ内41,徳島県阿南市羽ノ浦町宮倉字原ノ内41,,0884-44-2237,0884-44-2444
三加茂家政婦(夫)紹介所,779-4701,徳島県三好郡東みよし町加茂2601-5,徳島県三好郡東みよし町加茂2601-5,,0883-82-6121,0883-82-6121
池田家政婦（夫）紹介所,778-0001,徳島県三好市池田町ウエノ2822-2,徳島県三好市池田町ウエノ2822-2,,0883-72-1820,0883-72-1820
㈲すずめ看護師家政婦(夫)紹介所,771-0131,徳島県徳島市川内町大松804-2,徳島県徳島市川内町大松804-2,,088-665-6903,088-665-6904
あい人材サービス,779-3231,徳島県名西郡石井町石井重松680-1,徳島県名西郡石井町石井重松680-1,,088-675-3530,088-675-3531
㈱ケアメイツ・ネットワーク,790-0951,愛媛県松山市天山2-4-17,愛媛県松山市天山2-4-17,,089-932-8555,089-943-4000
㈲ケアセンター宇和島,798-0060,愛媛県宇和島市丸之内2-1-7,愛媛県宇和島市丸之内2-1-7,,0895-22-0401,0895-22-0432
亀田看護婦家政婦紹介所,794-0052,愛媛県今治市宮下町3丁目甲1536,愛媛県今治市宮下町3丁目甲1536,,0898-22-5936,0898-22-5089
㈲小池家政婦紹介所,790-0052,愛媛県松山市竹原町51-15,愛媛県松山市竹原町51-15,,089-945-8109,089-913-9081
西条民営職業紹介所,793-0044,愛媛県西条市古川甲265-1,愛媛県西条市古川甲265-1,,0897-56-3146,0897-52-0281
㈲重信家政婦紹介所,791-0203,愛媛県東温市横河原519-19,愛媛県東温市横河原519-19,,089-964-3318,089-964-3964
㈲東予ケア・サービス,792-0872,愛媛県新居浜市垣生1-6-25,愛媛県新居浜市垣生1-6-25,,0897-45-3931,0897-45-4300
南予家政婦紹介所,798-4131,愛媛県南宇和郡愛南町城辺甲1988,愛媛県南宇和郡愛南町城辺甲1988,,0895-72-5840,0895-72-6909
㈲博愛看護婦家政婦紹介所,794-0022,愛媛県今治市室屋町2-1-9,愛媛県今治市室屋町2-1-9,,0898-22-0840,0898-22-0826
㈲八幡浜看護婦家政婦紹介所,796-0003,愛媛県八幡浜市大平1-782-20,愛媛県八幡浜市大平1-782-20,,0894-24-3693,0894-24-7378
㈲高知県満和介護家事紹介所,780-0051,高知県高知市愛宕町1-9-2,高知県高知市愛宕町1-9-2,,088-823-4678,088-872-6760
㈲若葉家政婦紹介所,780-0870,高知県高知市本町4-2-23,高知県高知市本町4-2-23,,088-823-4584,088-823-4606
㈲久留米家政婦紹介所,839-0863,福岡県久留米市国分町305-4,福岡県久留米市国分町305-4,,0942-21-2239,0942-21-7432
不知火看護婦家政婦紹介所,836-0843,福岡県大牟田市不知火町1-5-7,福岡県大牟田市不知火町1-5-7,,0944-53-2841,0944-78-9295
日の出看護婦家政婦紹介所,836-0802,福岡県大牟田市日出町3-5-10,福岡県大牟田市日出町3-5-10,,0944-52-2889,0944-57-5273
八女家政婦紹介所,834-0006,福岡県八女市大字吉田319-5,福岡県八女市大字吉田319-5,,0943-22-5108,0943-22-5108
若葉看護婦家政婦紹介所,836-0076,福岡県大牟田市三里町1-16-18,福岡県大牟田市三里町1-16-18,,0944-53-4844,0944-53-4845
㈲家事・介護ステーション高畑,810-0022,福岡県福岡市中央区薬院2-5-30-300,福岡県福岡市中央区薬院2-5-30-300,,092-751-7814,092-751-8788
まいづる看護師家政婦紹介所,810-0073,福岡県福岡市中央区舞鶴1-6-1ラフォーレ舞鶴302,福岡県福岡市中央区舞鶴1-6-1ラフォーレ舞鶴302,,092-737-1208,092-737-1209
㈲福博家政婦紹介所,815-0032,福岡県福岡市南区塩原3-19-29,福岡県福岡市南区塩原3-19-29,,092-541-7753,092-552-2826
ミツワケアシステム家政婦紹介所,810-0011,福岡県福岡市中央区高砂2-6-21,福岡県福岡市中央区高砂2-6-21,徳安ﾋﾞﾙ201,092-531-3330,092-531-7285
(有)コーア介護家政婦紹介所,814-0002,福岡県福岡市早良区西新1-11-30,福岡県福岡市早良区西新1-11-30,星ビル202,092-831-5931,092-831-5932
㈲おんがケア・サポート,809-0032,福岡県中間市中尾3ｰ9ｰ30,福岡県中間市中尾3ｰ9ｰ30,,093-245-0827,093-244-9240
㈲アテンドサービス勝山,802-0075,福岡県北九州市小倉北区昭和町8-16,福岡県北九州市小倉北区昭和町8-16,,093-921-1279,093-922-0762
㈲小倉介護家事センター,802-0841,福岡県北九州市小倉南区北方1-15-21,福岡県北九州市小倉南区北方1-15-21,,093-967-7621,093-932-3336
㈲かんだ介護サービス,800-0351,福岡県京都郡苅田町京町1-17-19,福岡県京都郡苅田町京町1-17-19,,093-436-1594,
㈱さわやかケアサービス,807-0851,福岡県北九州市八幡西区永犬丸3-10-17,福岡県北九州市八幡西区永犬丸3-10-17,,093-602-6464,093-695-7101
㈱かほるケアサービス,840-0045,佐賀県佐賀市西田代2-4-12,佐賀県佐賀市西田代2-4-12,,0952-23-5563,0952-22-0689
㈲介護家事サービス武雄,843-0022,佐賀県武雄市武雄町大字武雄133-1,佐賀県武雄市武雄町大字武雄133-1,,0954-23-2095,0954-23-8265
㈲介護家事サービス上峰,849-0123,佐賀県三養基郡上峰町大字堤1868-1,佐賀県三養基郡上峰町大字堤1868-1,,0952-51-1255,0952-20-0223
福江家政婦紹介所,853-0004,長崎県五島市幸町1-11,長崎県五島市幸町1-11,,0959-72-8513,0959-72-8513
宇佐家政婦（夫）紹介所,879-0461,大分県宇佐市樋田43-4吉成整骨院内,大分県宇佐市樋田43-4吉成整骨院内,,0978-33-3301,0978-33-3280
㈲大分看護婦家政婦紹介所,870-0822,大分県大分市大道町2-9-28,大分県大分市大道町2-9-28,,097-573-5181,097-573-5183
㈲大分トキワ看護婦家政婦紹介所,870-0026,大分県大分市金池町2-7-3,大分県大分市金池町2-7-3,金池ﾏﾝｼｮﾝ201,097-532-2220,097-536-1785
共立家政婦紹介所,874-0921,大分県別府市富士見町11-10,大分県別府市富士見町11-10,,0977-25-3248,0977-51-4213
㈲共立ケア・サポート,871-0015,大分県中津市大字牛神407-1,大分県中津市大字牛神407-1,共立不動産ﾋﾞﾙ1F,0979-22-2199,0979-22-2205
月隈看護婦家政婦紹介所,877-0078,大分県日田市北友田2-2026-1,大分県日田市北友田2-2026-1,,0973-23-8730,0973-22-5798
日田若葉看護婦家政婦紹介所,877-0026,大分県日田市田島本町2-11,大分県日田市田島本町2-11,,0973-22-1286,0973-22-1086
㈲双葉看護婦家政婦紹介所,870-0048,大分県大分市碩田町2-2-27碩田ﾊｲﾂ205,大分県大分市碩田町2-2-27碩田ﾊｲﾂ205,,097-532-7562,097-532-7565
渡邉看護婦家政婦紹介所,878-0013,大分県竹田市大字竹田1529ｰ1,大分県竹田市大字竹田1529ｰ1,,0974-63-1641,0974-63-1645
大分東看護師家政婦(夫)紹介所,870-0104,大分県大分市南鶴崎2-5-4,大分県大分市南鶴崎2-5-4,,097-524-0517,097-524-0518
新屋敷家政婦紹介所,862-0975,熊本県熊本市中央区新屋敷3-5-8,熊本県熊本市中央区新屋敷3-5-8,,096-372-2277,096-372-2278
日佑家政婦紹介所,861-8006,熊本県熊本市北区龍田8-9-37,熊本県熊本市北区龍田8-9-37,,096-338-9131,096-338-5970
㈲ケアセンター高野,880-0022,宮崎県宮崎市大橋2-26,宮崎県宮崎市大橋2-26,,0985-28-6550,0985-24-7221
㈲ケアサービス田之上,880-0031,宮崎県宮崎市船塚2-182-1ﾃﾞﾅﾘﾋﾞﾙ102,宮崎県宮崎市船塚2-182-1ﾃﾞﾅﾘﾋﾞﾙ102,,0985-24-1411,0985-24-3303
㈲はまゆう家政婦紹介所,889-2535,宮崎県日南市飫肥8-2-5-1,宮崎県日南市飫肥8-2-5-1,,0987-25-0006,0987-25-0006
㈲平和介護サービス,882-0847,宮崎県延岡市旭町1-5-3,宮崎県延岡市旭町1-5-3,,0982-33-6251,0982-21-2193
(同)あおぞら介護・家政婦センター,880-0036,宮崎県宮崎市花ヶ島町2119,宮崎県宮崎市花ヶ島町南赤江町2119,,0985-22-0700,0985-22-0710
鹿屋家政婦紹介所,893-0026,鹿児島県鹿屋市祓川町5204ｰ2,鹿児島県鹿屋市祓川町5204ｰ2,,0994-42-4521,0994-40-3157
㈲介護家事サービス中野,890-0016,鹿児島県鹿児島市新照院町5-2,鹿児島県鹿児島市新照院町5-2,,099-222-6214,099-224-1348
隼人家政婦配ぜん人紹介所,899-5102,鹿児島県霧島市隼人町真孝2540-23,鹿児島県霧島市隼人町真孝2540-23,,0995-42-3552,0995-42-0633
原山家政婦紹介所,895-2507,鹿児島県伊佐市大口大田854,鹿児島県伊佐市大口大田854,,0995-22-2756,0995-22-2756
真砂家政婦紹介所,890-0066,鹿児島県鹿児島市真砂町68ｰ5,鹿児島県鹿児島市真砂町68ｰ5,,099-252-2294,099-263-8055
㈱まつした人材サービス,890-0046,鹿児島県鹿児島市西田1-6-23,鹿児島県鹿児島市西田1-6-23,,099-254-1752,099-250-7126
金城家政婦紹介所,904-2143,沖縄県沖縄市知花2-10-5,沖縄県沖縄市知花2-10-5,,098-937-3312,098-989-1134
㈲当銘看護婦家政婦紹介所,902-0065,沖縄県那覇市壺屋2-1-30,沖縄県那覇市壺屋2-1-30,,098-832-4447,098-853-6130
甲子園口看護婦家政婦紹介所,663-8113,兵庫県西宮市甲子園口1-11-12,兵庫県西宮市甲子園口1-11-12,,0798-64-9126,0798-64-9126
布施看護婦家政婦紹介所,577-0844,大阪府東大阪市太平寺1-6-4,大阪府東大阪市太平寺1-6-4,,06-6721-0587,06-6721-0597
ライフサポート,963-0107,福島県郡山市安積2-293-2,福島県郡山市安積2-293-2,,024-947-7160,024-946-3095
家政婦（夫）紹介所まはろ,335-0022,埼玉県戸田市上戸田1-9-9ファーストマンション101,埼玉県戸田市上戸田1-9-9ファーストマンション101,,048-430-0001,048-430-0002
介護サービスいわき(有)平看護家政紹介所,970-8026,福島県いわき市平字南町76,福島県いわき市平字南町76,,0264-24-2307,0246-21-9590
㈲保戸野看護婦家政婦紹介所,010-0903,秋田県秋田市保戸野八丁5-33,秋田県秋田市保戸野八丁5-33,,018-862-6714,018-862-6715
㈱ベルキャストサービス,273-0031,千葉県船橋市西船4-19-10 田島ビル401,千葉県船橋市西船4-19-10,田島ビル401,047-404-9737,047-404-9736
粟津看護師家政婦(夫)紹介所,675-0037,兵庫県加古川市加古川町本町117-11,兵庫県加古川市加古川町本町117-11,,079-422-2059,079-421-0858
㈱モテギ家政婦紹介所,151-0053,東京都渋谷区代々木2-26-1,東京都渋谷区代々木2-26-1,桑野ビル1-C,03-3379-9607,03-3379-9635
阿南看護師・家政婦（夫）紹介所,774-0017,徳島県阿南市見能林町寺ノ前20番地2,徳島県阿南市見能林町寺ノ前20番地2,,0884-23-3467,0884-23-6376
宮本看護婦家政婦紹介所,657-0051,兵庫県神戸市灘区八幡町4-7-21,兵庫県神戸市灘区八幡町4-7-21-1F,,078-861-4545,078-861-5740
㈲吉田看護婦家政婦紹介所,660-0077,兵庫県尼崎市大庄西町1-3-3,兵庫県尼崎市大庄西町1-3-3,,06-6416-2314,06-6416-2314
野木看護師家政婦(夫)紹介所,779-3234,徳島県名西郡石井町石井字白鳥558-1,徳島県名西郡石井町石井字白鳥558-1,,088-674-7456,088-674-7448
㈲五福家政婦(夫)紹介所,860-0037,熊本県熊本市中央区西阿弥陀寺町5,熊本県熊本市中央区西阿弥陀寺町5,,096-352-7074,096-322-5148
味噌天神家政婦（夫）紹介所,862-0959,熊本県熊本市中央区白山3ｰ4ｰ2,熊本県熊本市中央区白山3ｰ4ｰ2,,096-366-3935,096-362-4668
㈲県南ケアシステム　県南家政婦(夫)紹介所,014-0347,秋田県仙北郡角館町小勝田中川原111-76,秋田県仙北郡角館町小勝田中川原111-76,,0187-54-2295,0187-42-8030
㈲千代ヘルスケアサービス,812-0044,福岡県福岡市博多区千代4-29-59,福岡県福岡市博多区千代4-29-59,,092-651-1405,092-651-3068
(株)アビリティーズメディカルケア　札幌営業所,060-0005,北海道札幌市中央区北五条西6-1-23,北海道札幌市中央区北五条西6-1-23 第二北海道通信ビル510,,011-213-1986,011-213-1987
㈱ライフトータルサービス,355-0071,埼玉県東松山市新郷180-5,埼玉県東松山市新郷180-5,,0493-24-1717,0493-24-4413
㈲八戸家政婦紹介所,031-0075,青森県八戸市内丸3-5-31,青森県八戸市内丸3-5-31,,0178-22-0349,0178-22-0540
川越家政婦紹介所,350-1133,埼玉県川越市大字砂36-3,埼玉県川越市大字砂36-3,,049-242-1875,049-242-1875
㈲アイケアーサービス青梅,198-0042,東京都青梅市東青梅1-7-8,東京都青梅市東青梅1-7-8,,0428-22-2339,0428-22-2380
㈲アテンドサービスヨコハマ家政婦紹介所,222-0001,神奈川県横浜市港北区樽町1-22-26,神奈川県横浜市港北区樽町1-22-26,,045-545-7991,045-545-7992
三和看護師家政婦紹介所,559-0006,大阪府大阪市住之江区浜口西1-3-5,大阪府大阪市住之江区浜口西1-3-5,住吉グリーンハイツ1階101号,06-6671-4329,06-6671-4340
㈲北浜看護師家政婦(夫)紹介所,770-0042,徳島県徳島市蔵本町2-23,徳島県徳島市蔵本町2-23,,088-631-6529,088-632-1222
藤崎家政婦(夫)紹介所,771-1701,徳島県阿波市阿波町平川原北65-10,徳島県阿波市阿波町平川原北65-10,,0883-36-6577,0883-36-7189
㈱銀水会　銀水看護師家政婦（夫）紹介所,837-0916,福岡県大牟田市大字田隈157-3,福岡県大牟田市大字田隈157-3,,0944-53-5723,0944-53-5736
㈲サイセイ・ケア・サービス,830-0015,福岡県久留米市蛍川町66-5,福岡県久留米市螢川町66-5,,0942-32-4751,0942-34-2742
㈲小池家政婦紹介所,371-0023,群馬県前橋市本町3-1-20,群馬県前橋市本町3-1-20,,027-224-2645,027-224-7222
㈲石山看護婦家政婦紹介所,958-0864,新潟県村上市肴町15-22,新潟県村上市肴町15-22,,0254-52-2474,0254-62-7040
㈲ケア・サービス博愛,680-0822,鳥取県鳥取市今町1-567,鳥取県鳥取市今町1-567,,0857-22-2095,0857-22-2097
濵川家政婦紹介所,522-0068,滋賀県彦根市城町2-7-35,滋賀県彦根市城町2-7-35,,0749-22-1689,0749-47-3103
牧野ケアサービス,370-0065,群馬県高崎市末広町92-7,群馬県高崎市末広町92-7,,027-322-5956,027-322-5957
㈱あかしマネキン紹介所,673-0898,兵庫県明石市樽屋町3-9サンロイヤル302,兵庫県明石市樽屋町3-9サンロイヤル302,,078-914-3046,078-914-3049
㈲松田ケアワーカーセンター,232-0071,神奈川県横浜市南区永田北2-42-20,神奈川県横浜市南区永田北2-42-20,,045-742-3151,045-309-6628
武田家政婦紹介所,516-0076,三重県伊勢市八日市場町3-11,三重県伊勢市八日市場町3-11,,0596-28-3323,0596-28-3323
㈲いずみ訪問介護サービス家政婦紹介所,981-0954,宮城県仙台市青葉区川平2ｰ18ｰ3,宮城県仙台市青葉区川平2ｰ18ｰ3,,022-303-0631,022-303-0632
㈲中央ケアーサポート,939-8211,富山県富山市二口町5-4-1,富山県富山市二口町5-4-1 テフィスＤ棟1階Ｂ号室,テフィスＤ棟1階Ｂ号室,076-442-3828,076-442-1462
ワークパワー㈱,285-0005,千葉県佐倉市宮前3-23-15,千葉県佐倉市宮前3-23-15TCCビル,,043-485-2474,043-481-3510
木村看護婦家政婦（夫）紹介所,770-0003,徳島県徳島市北田宮3-3-41,徳島県徳島市北田宮3-3-41,,088-631-4059,088-632-2136
衣笠看護師家政婦紹介所,603-8343,京都府京都市北区等持院東町37-3,京都府京都市北区等持院東町37-3,,075-461-7396,075-463-4136
海南家政婦紹介所,641-0013,和歌山県和歌山市内原467-1,和歌山県和歌山市内原467-1,,073-446-5788,073-441-7878
㈲豊栄人材センター,885-0061,宮崎県都城市下長飯町1609番地,宮崎県都城市下長飯町1609番地,,0986-24-1423,0986-24-1439
㈱中央介護センター,890-0054,鹿児島県鹿児島市荒田2-4-27,鹿児島県鹿児島市荒田2-4-27,,099-251-6232,099-256-0301
㈱目黒看護婦家政婦紹介所,153-0063,東京都目黒区目黒1-4-8,東京都目黒区目黒1-4-8,ニュー目黒ビル7F,03-3490-7611,03-3490-7612
手島看護婦家政婦紹介所,162-0044,東京都新宿区喜久井町20-82,東京都新宿区喜久井町20-82,,03-3202-7588,03-3202-7589
敬愛家政婦紹介所,603-8416,京都府京都市北区紫竹北大門町64-3,京都府京都市北区紫竹北大門町64-3,,075-493-7728,075-493-7708
サン光家政婦紹介所,861-8006,熊本県熊本市北区龍田3-24-21,熊本県熊本市北区龍田3-24-21,,096-202-6678,096-338-4078
㈱ポノ,102-0072,東京都千代田区飯田橋2-9-7東西館ビル402,東京都千代田区飯田橋2-9-7東西館ビル402,,03-6380-8956,03-6380-8976
㈱ななほし,753-0074,山口県山口市中央5-17-16,山口県山口市中央5-17-16,,083-902-1919,083-902-9000
㈱コイワ介護家事サービス,133-0056,東京都江戸川区南小岩7-20-13-1階,東京都江戸川区南小岩7-20-13-1階,,03-3672-8088,03-3672-8129
㈱ファインケア家政婦（夫）紹介所,156-0055,東京都世田谷区船橋1-9-16　やまもとハウス1階,東京都世田谷区船橋1-9-16　やまもとハウス1階,,03-3429-7244,03-3429-9058
アオキ・ケアサポート,424-0934,静岡県静岡市清水区村松原3-12-1 ﾗ・ﾌﾗﾝｽ101,静岡県静岡市清水区村松原3-12-1 ﾗ・ﾌﾗﾝｽ101,,054-659-7882,054-659-7883
㈲ことぶきケアーサービス,974-8232,福島県いわき市錦町川窪101-3,福島県いわき市錦町川窪101-3,,0246-63-9360,0246-63-9361
㈲ケアサービス丸亀,763-0033,香川県丸亀市中府町2-4-30,香川県丸亀市中府町2-4-30,,0877-24-3234,0877-24-3278
㈱クリームスタッフ,975-0034,福島県南相馬市原町区上渋佐字原田156,福島県南相馬市原町区上渋佐字原田156,,0244-23-5091,0244-26-5474
㈱しろいし看護師家政婦紹介所,003-0005,北海道札幌市白石区東札幌5条6-6-33,北海道札幌市白石区東札幌5条6-6-33,,011-863-4444,011-864-1177
（有）おおしま,306-0306,茨城県猿島郡五霞町原宿台4-6-10,茨城県猿島郡五霞町原宿台4-6-10,,0280-84-3252,048-766-0900
㈲サポートサービス 住吉ケアスタッフ,211-0025,神奈川県川崎市中原区木月1-34-8,神奈川県川崎市中原区木月1-34-8,,044-411-4049,044-411-4190
南さつま家政婦紹介所,897-0221,鹿児島県南九州市川辺町田部田4156,鹿児島県南九州市川辺町田部田4156,,090-5388-5483,
㈲吉祥,637-0112,奈良県五條市西吉野町老野254-2,奈良県五條市西吉野町老野254番地2,,0747-32-0026,0747-20-8042
因島家政婦紹介所,722-2211,広島県尾道市因島中庄町2418-16,広島県尾道市因島中庄町2418-15,,0845-24-0429,0845-24-0926
㈱ケアメイト大岡山,152-0033,東京都目黒区大岡山1-5-2,東京都目黒区大岡山1-5-2,,03-3717-3115,03-3717-3116
㈱アルクス,571-0078,大阪府門真市常磐町9-15,大阪府門真市常磐町9-15,,072-803-8386,072-803-8388
新潟看護師家政婦紹介所,940-0842,新潟県長岡市鉢伏町1930,新潟県長岡市鉢伏町1930,,0258-33-2409,0258-37-0276
㈲神奈川ケア・サービス,221-0822,神奈川県横浜市神奈川区西神奈川3-17-22,神奈川県横浜市神奈川区西神奈川3-17-22,,045-432-1089,045-432-1167
博愛家政婦(夫)紹介所,543-0056,大阪府大阪市天王寺区堀越町8-20サンクレール南賀701号室,大阪府大阪市天王寺区堀越町8-20サンクレール南賀701号室,,080-7357-8076,06-6779-8456
高田家政婦(夫)紹介所,635-0083,奈良県大和高田市永和町11-17,奈良県大和高田市永和町11-17,,0745-52-2325,0745-22-8356
ぱとな家族介護紹介サービス,151-0064,東京都渋谷区上原3-44-10田口ビル2階,東京都渋谷区上原3-44-10田口ビル2階,,03-6804-8455,03-6804-8456
㈱アシストプラス,920-0976,石川県金沢市十三間町116,石川県金沢市十三間町116,,076-255-2168,076-255-3353
西和家政婦（夫）紹介所,640-8319,和歌山県和歌山市手平4-4-7,和歌山県和歌山市手平4-4-7,,073-422-7121,
木村看護婦家政婦紹介所,544-0005,大阪府大阪市生野区中川4-11-12内,大阪府大阪市生野区中川4-11-12内,山下久美子様方,06-6752-7752,06-6751-2502
㈱ケアサークル恵愛,140-0014,東京都品川区大井6-10-1後町ビル,東京都品川区大井6-10-1後町ビル,,03-3771-6767,03-3777-1626
糸山看護婦家政婦紹介所,550-0015,大阪府大阪市西区南堀江4-20-11糸山ビル1階,大阪府大阪市西区南堀江4-20-11糸山ビル1階,,06-6531-7157,06-6541-5286
㈲ケアネット大阪ヘルパーセンター,590-0963,大阪府堺市堺区少林寺町東1-2-9,大阪府堺市堺区少林寺町東1-2-9,,072-232-4373,072-238-7082
㈱仁済,140-0014,東京都品川区大井1-49-12,東京都品川区大井1-49-12大井町ビル3階,,03-3773-0691,03-5743-0878
高松家政婦紹介所,760-0073,香川県高松市栗林町１丁目１６−１０,香川県高松市栗林町1-16-10,,087-831-5258,087-831-5258
㈱ライフケア・きぼう,223-0057,神奈川県横浜市港北区新羽町423-3,神奈川県横浜市港北区新羽町423-3,,045-543-2805,045-543-2248
三原家政婦（夫）紹介所,656-0502,兵庫県南あわじ市福良乙315,兵庫県南あわじ市福良乙315,,0799-53-6260,0799-52-1217
オフィス宝,115-0045,東京都北区赤羽1-60-9宝ﾋﾞﾙ4階,東京都北区赤羽1-60-9宝ﾋﾞﾙ4階,,03-6903-8550,03-6903-8480
(有)ハートウェル,036-8357,青森県弘前市馬屋町19-6,青森県弘前市馬屋町19-6,,0172-26-7177,0172-31-8333
㈱岐阜ヘルパー,500-8359,岐阜県岐阜市六条北4-6-4,岐阜県岐阜市六条北4-6-4,,058-276-2424,058-276-0211
奈良家政婦紹介所,630-8357,奈良県奈良市杉ヶ町86-8未来ビル2階,奈良県奈良市杉ヶ町86-8未来ビル2階,,0742-23-4385,0742-23-4386
㈲舞鶴共同家政婦紹介所,625-0051,京都府舞鶴市行永東町32-1,京都府舞鶴市行永東町32-1,,0773-62-0037,0773-62-0357
