{
  "licenseType": "Unknown",
  "dc:description": "Imported at Mon Jul 14 02:23:46 PDT 2014 from 紹介所データ",
  "exportable": true,
  "dc:title": "紹介所データ.xlsx",
  "dc:modified": "2019-11-18T02:00:23Z",
  "dc:identifier": "1iDSK_QJsDWGbVnpfc5b6VfUEtyRTDEzoUgwOauXC",
  "tableSchema": {"columns": [
    {
      "datatype": "string",
      "name": "col0",
      "validateData": false,
      "title": "紹介所名"
    },
    {
      "datatype": "string",
      "name": "col1",
      "validateData": false,
      "title": "郵便番号"
    },
    {
      "datatype": "location",
      "name": "col2",
      "validateData": false,
      "title": "住所１"
    },
    {
      "datatype": "string",
      "name": "col3",
      "validateData": false,
      "title": "住所２",
      "latitudeLongitudeColumns": {
        "latitudeColumn": "col2",
        "longitudeColumn": "col3"
      }
    },
    {
      "datatype": "string",
      "name": "col4",
      "validateData": false,
      "title": "電話番号"
    },
    {
      "datatype": "string",
      "name": "col5",
      "validateData": false,
      "title": "FAX番号"
    },
    {
      "datatype": "location",
      "name": "col6",
      "validateData": false,
      "title": "地図用住所"
    }
  ]}
}