Name,Address,City,State,latitude,longitude,Website,Read more on Berkeleyside,Type,Icon name
Arlington Wine & Spirits,295 Arlington Ave.,Berkeley,CA,37.9037206,-122.2780089,http://www.arlingtonwine.com,http://www.berkeleyside.com/nosh,Bottle shop,ylw_stars
Kensington Circus Pub,389 Colusa Ave.,Kensington,CA,37.8997388,-122.287169,https://www.facebook.com/pages/The-Kensington-Circus-Pub-SF-Bay-Area-CA/196317430212,http://www.berkeleyside.com/tag/kensington-circus-pub/,Bar,ltblu_stars
Idle Cellars,Private address,Berkeley,CA,37.899098,-122.281974,http://idlecellars.com,http://www.berkeleyside.com/nosh,Wine,pink_stars
Alta Winery,1988 Thousand Oaks Blvd.,Berkeley,CA,37.897034,-122.276435,http://www.altawinery.com,http://www.berkeleyside.com/nosh,Wine,pink_stars
Tierney's Sports Bar (Albany Bowl),540 San Pablo Ave.,Albany,CA,37.8964512,-122.3010604,http://www.thealbanybowl.com/bar,http://www.berkeleyside.com/nosh,Bar,ltblu_stars
The Varietal,Private address,Berkeley,CA,37.896077,-122.266395,http://www.thevarietal.com,www.berkeleyside.com/nosh,Wine,pink_stars
Hotsy Totsy Club,601 San Pablo Ave.,Albany,CA,37.895002,-122.300104,http://www.hotsytotsyclub.com,http://www.berkeleyside.com/tag/hotsy-totsy/,Bar,ltblu_stars
Albany Taproom,745 San Pablo Ave.,Albany,CA,37.89286,-122.299306,http://www.albanytaproom.com,http://www.berkeleyside.com/tag/albany-taproom,Craft beer,orange_stars
Club Mallard,752 San Pablo Ave.,Albany,CA,37.892393,-122.2998317,http://www.clubmallard.com,http://www.berkeleyside.com/tag/club-mallard/,Bar,ltblu_stars
The Mead Kitchen,Private address; the tasting room is 2323B Fourth St. (see Urbano Cellars entry),Berkeley,CA,37.892231,-122.283974,https://www.facebook.com/MeadKitchen,http://www.berkeleyside.com/tag/the-mead-kitchen,Wine,pink_stars
Rivoli,1539 Solano Ave.,Berkeley,CA,37.891212,-122.286307,http://www.rivolirestaurant.com,http://www.berkeleyside.com/tag/rivoli,Restaurant,purple_stars
Fonda Solano,1501 Solano Ave.,Albany,CA,37.8910543,-122.2872729,http://fondasolano.com/,http://www.berkeleyside.com/tag/fonda/,Restaurant,purple_stars
BevMo!,836 San Pablo Ave.,Albany,CA,37.8910479,-122.2993839,http://www.yelp.com/biz/beverages-and-more-albany,http://www.berkeleyside.com/nosh,Bottle shop,ylw_stars
Solano Cellars,1580 Solano Ave.,Albany,CA,37.8909578,-122.2846783,http://www.solanocellars.com,http://www.berkeleyside.com/tag/solano-cellars/,Bottle shop,ylw_stars
Britt-Maries,1369 Solano Ave.,Albany,CA,37.8908596,-122.2907023,http://www.brittmariesolano.com,http://www.berkeleyside.com/nosh,Restaurant,purple_stars
Schmidt's Pub,1492 Solano Ave.,Albany,CA,37.8907716,-122.2883046,http://www.yelp.com/biz/pub-albany,http://www.berkeleyside.com/nosh,Craft beer,orange_stars
Hopsy,1137 Solano Ave.,Albany,CA,37.89054,-122.297633,https://sf.hopsy.beer,http://www.berkeleyside.com/tag/hopsy/,Bottle Shop,ylw_stars
Ivy Room,860 San Pablo Ave.,Albany,CA,37.8903913,-122.2992325,http://ivyroom.com,http://www.berkeleyside.com/tag/the-ivy-room/,Bar,ltblu_stars
Echelon Wines (Private wine club),1131 Solano Ave.,Albany,CA,37.8903578,-122.2977961,http://www.echelonwines.com,http://www.berkeleyside.com/nosh,Wine,pink_stars
938 Crawfish,938 San Pablo Ave.,Albany,CA,37.888903,-122.298861,https://www.facebook.com/938Crawfish,http://www.berkeleyside.com/tag/938-crawfish/,Restaurant,purple_stars
Beaune Imports,Private address,Berkeley,CA,37.886953,-122.265199,http://www.beauneimports.com,http://www.berkeleyside.com/nosh,Wine,pink_stars
Oddlots Wine Shop,1025 San Pablo Ave.,Albany,CA,37.8857656,-122.2973349,https://www.facebook.com/pages/Oddlots-Wine-Shop/131718133545066?fref=ts,http://www.berkeleyside.com/nosh,Bottle shop,ylw_stars
Stomping Girl Wines,Private address,Berkeley,CA,37.88416,-122.280011,http://www.stompinggirlwines.com,http://www.berkeleyside.com/?s=%22stomping+girl%22&x=-1186&y=-49,Wine,pink_stars
Edmunds St. John,Private address,Berkeley,CA,37.882819,-122.26814,http://www.edmundsstjohn.com,http://www.berkeleyside.com/nosh,Wine,pink_stars
Covenant Wines (not public),1102 Sixth St.,Berkeley,CA,37.882101,-122.302594,http://www.covenantwines.com,http://www.berkeleyside.com/tag/covenant-wines,Wine,pink_stars
Northbrae Bottle Shop,1590 Hopkins St.,Berkeley,CA,37.8818245,-122.2813781,https://www.facebook.com/NorthbraeBottleShop,http://www.berkeleyside.com/tag/northbrae-bottle-shop/,Bottle shop,ylw_stars
Westbrae Biergarten,Gilman and Curtis,Berkeley,CA,37.881446,-122.289999,http://berkeleybeergarden.com/,http://www.berkeleyside.com/tag/westbrae-biergarten/,Craft beer,orange_stars
Fieldwork Brewing Company,1150 Sixth St.,Berkeley,CA,37.881329,-122.302402,http://www.fieldworkbrewing.com/,http://www.berkeleyside.com/tag/fieldwork-brewing-company/,Craft beer,orange_stars
Vintage Berkeley,2113 Vine St.,Berkeley,CA,37.880561,-122.26853,http://www.vintageberkeley.com,http://www.berkeleyside.com/tag/vintage-berkeley/,Bottle shop,ylw_stars
Ashkenaz Music & Dance Community Center (Ticketholders only),1317 San Pablo Ave.,Berkeley,CA,37.8801364,-122.2955103,http://www.ashkenaz.com,http://www.berkeleyside.com/tag/ashkenaz-music-and-dance-community-center,Bar,ltblu_stars
T-Rex Restaurant & Bar,1300 10th St.,Berkeley,CA,37.8800997,-122.2971094,http://www.t-rex-bbq.com,http://www.berkeleyside.com/tag/t-rex-bbq,Restaurant,purple_stars
Tigerlily,1513 Shattuck Ave.,Berkeley,CA,37.879755,-122.268974,http://www.tigerlilyberkeley.com,http://www.berkeleyside.com/tag/tigerlily/,Restaurant,purple_stars
César Berkeley,1515 Shattuck Ave.,Berkeley,CA,37.8796596,-122.2690354,http://cesarberkeley.com,http://www.berkeleyside.com/tag/cesar-restaurant/,Restaurant,purple_stars
Broc Cellars Winery & Tasting Room,1300-1310 Fifth Street,Berkeley,CA,37.878988,-122.302547,http://www.broccellars.com,http://www.berkeleyside.com/tag/broc-cellars/,Wine,pink_stars
Donkey & Goat winery,1340 Fifth St.,Berkeley,CA,37.8781646,-122.3023903,https://donkeyandgoat.com,http://www.berkeleyside.com/tag/donkey-goat-winery/,Wine,pink_stars
North Berkeley Wine,1601 Martin Luther King Jr. Way,Berkeley,CA,37.8776909,-122.2735091,http://www.northberkeleywine.com,http://www.berkeleyside.com/nosh,Bottle shop,ylw_stars
Eno Wines,805 Camelia St.,Berkeley,CA,37.8775521,-122.3016241,http://www.enowines.com,http://www.berkeleyside.com/tag/eno-wines/,Wine,pink_stars
Lusu Cellars,805 Camelia St.,Berkeley,CA,37.8775521,-122.301051,http://www.lusucellars.com,http://www.berkeleyside.com/tag/lusu-cellars,Wine,pink_stars
Justice Grace Vineyards,805 Camelia St.,Berkeley,CA,37.877526,-122.301325,http://www.justicegrace.com,http://www.berkeleyside.com/tag/justice-grace-vineyard,Wine,pink_stars
Global Vineyard Importers (wholesaler),"801 Camelia Street, Ste A",Berkeley,CA,37.877383,-122.3019,http://www.globalvineyard.com,http://www.berkeleyside.com/nosh,Wine,pink_stars
Oak Barrel Winecraft (Brewing equipment),1443 San Pablo Ave.,Berkeley,CA,37.8773637,-122.2945961,http://www.oakbarrel.com,http://www.berkeleyside.com/tag/oak-barrel-winecraft/,Craft beer,orange_stars
Trumer Pils Brauerei,1404 Fourth St.,Berkeley,CA,37.8767322,-122.3029401,http://www.trumer-international.com,http://www.berkeleyside.com/tag/trumer-pils-brewery,Craft beer,orange_stars
The Daily Pint,1828 Euclid Ave.,Berkeley,CA,37.875712,-122.260291,https://www.facebook.com/dailypint.ca.berkeley,http://www.berkeleyside.com/tag/the-daily-pint/,Bar,ltblu_stars
Victory Point Café,1797 Shattuck Ave.,Berkeley,California,37.87517,-122.268423,http://www.victorypointcafe.com/,http://www.berkeleyside.com/tag/victory-point-cafe/,Craft beer,orange_stars
Trattoria Corso,1788 Shattuck Ave.,Berkeley,CA,37.8750243,-122.2688985,http://www.trattoriacorso.com,http://www.berkeleyside.com/tag/corso-trattoria,Restaurant,purple_stars
Bartavelle Coffee & Wine Bar,1603 San Pablo Ave.,Berkeley,CA,37.8750029,-122.2939454,https://www.facebook.com/BartavelleCoffeeWine,http://www.berkeleyside.com/tag/bartavelle-coffee-wine-bar,Wine,pink_stars
Kermit Lynch Wine Merchant,1605 San Pablo Ave.,Berkeley,CA,37.8749098,-122.2938474,http://www.kermitlynch.com,http://www.berkeleyside.com/tag/kermit-lynch/,Bottle shop,ylw_stars
Triple Rock Brewery & Ale House,1920 Shattuck Ave.,Berkeley,CA,37.873404,-122.268832,http://www.triplerock.com,http://www.berkeleyside.com/tag/triple-rock/,Craft beer,orange_stars
Bobby G's Pizzeria,2072 University Ave.,Berkeley,CA,37.8719342,-122.2690357,http://www.bobbygspizzeria.com,http://www.berkeleyside.com/tag/bobby-gs-pizzeria,Craft beer,orange_stars
Comal,2020 Shattuck Ave.,Berkeley,CA,37.8715948,-122.2685112,http://www.comalberkeley.com,http://www.berkeleyside.com/tag/comal,Restaurant,purple_stars
Townie,1799 University Ave.,Berkeley,CA,37.871547,-122.275497,http://www.townie-bar.com/,http://www.berkeleyside.com/tag/townie/,Restaurant,purple_stars
Golden Gate Fields Racetrack,1100 Eastshore Fwy.,Albany,CA,37.8715166,-122.3050874,http://www.goldengatefields.com/visitors/dining,http://www.berkeleyside.com/?s=%22golden+gate+fields%22&x=-434&y=-104,Bar,ltblu_stars
Revival Bar & Kitchen,2102 Shattuck Ave.,Berkeley,CA,37.87109,-122.2682832,http://revivalbarandkitchen.com,http://www.berkeleyside.com/tag/revival-bar-kitchen/,Restaurant,purple_stars
The Spanish Table,1814 San Pablo Ave.,Berkeley,CA,37.871004,-122.293162,http://www.spanishtable.com,http://www.berkeleyside.com/?s=%22spanish+table%22&x=-434&y=-104,Bottle shop,ylw_stars
B&B Kitchen and Wine Bar,2116 Shattuck Ave.,Berkeley,California,37.870964,-122.268588,http://www.bandb-berkeley.com/,http://www.berkeleyside.com/tag/bb-kitchen-and-wine-bar/,Restaurant,purple_stars
Freight & Salvage Coffeehouse (Ticketholders only),2020 Addison St.,Berkeley,CA,37.870737,-122.269582,http://www.freightandsalvage.org,http://www.berkeleyside.com/tag/freight-salvage,Bar,ltblu_stars
Albatross Pub,1822 San Pablo Ave.,Berkeley,CA,37.870719,-122.293047,http://www.albatrosspub.com,http://www.berkeleyside.com/tag/the-albatross/,Bar,ltblu_stars
East Bay Spice Co.,2134 Oxford St.,Berkeley,CA,37.870434,-122.265934,http://eastbayspicecompany.com/?p=1,http://www.berkeleyside.com/tag/east-bay-spice-company/,Restaurant,purple_stars
Sliver Pizzeria,2132 Center St.,Berkeley,CA,37.8704323,-122.2670334,http://sliverpizzeria.com,http://www.berkeleyside.com/tag/sliver-pizzeria,Restaurant,purple_stars
Botella Republic,2055 Center St.,Berkeley,CA,37.870417,-122.269287,http://www.botellarepublic.com,http://www.berkeleyside.com/tag/botella-republic/,Wine,pink_stars
Ippuku,2130 Center St.,Berkeley,CA,37.8703354,-122.2670738,http://ippukuberkeley.com,http://www.berkeleyside.com/tag/ippuku/,Restaurant,purple_stars
Vino!,1786A Fourth St.,Berkeley,CA,37.8703,-122.3007562,https://www.facebook.com/pages/Vino-Berkeley/125846874064?fref=ts,http://www.berkeleyside.com/nosh,Bottle shop,ylw_stars
Pizza Moda,1401 University Ave.,Berkeley,CA,37.870298,-122.284061,http://pizzamoda.com/,http://www.berkeleyside.com/tag/pizza-moda/,Restaurant,purple_stars
Ledger's Liquors,1399 University Ave.,Berkeley,CA,37.8702421,-122.2844746,http://ledgersliquors.com,http://www.berkeleyside.com/nosh,Bottle shop,ylw_stars
Eureka! Burger,2068 Center St.,Berkeley,CA,37.8700327,-122.2690655,http://www.eurekaburger.com,http://www.berkeleyside.com/tag/eureka-burger,Craft beer,orange_stars
Jupiter,2181 Shattuck Ave.,Berkeley,CA,37.86984,-122.267491,http://www.jupiterbeer.com,http://www.berkeleyside.com/tag/jupiter/,Craft beer,orange_stars
Zut! Tavern,1820 Fourth St.,Berkeley,CA,37.869725,-122.300718,http://www.zutonfourth.com/,http://www.berkeleyside.com/tag/zut-restaurant/,Restaurant,purple_stars
Benziger Family Winery,Center Street and Martin Luther King Jr. Way (Berkeley farmers market),Berkeley,CA,37.8696892,-122.2727832,http://www.benziger.com,http://www.berkeleyside.com/?s=Benziger+Family+Winery&x=-1186&y=-49,Wine,pink_stars
Iyasare,1830 Fourth St.,Berkeley,CA,37.869434,-122.300772,http://iyasare-berkeley.com/,http://www.berkeleyside.com/tag/iyasare/,Restaurant,purple_stars
Gather Restaurant,2200 Oxford St.,Berkeley,CA,37.869348,-122.26602,http://www.gatherrestaurant.com,http://www.berkeleyside.com/tag/gather-restaurant,Restaurant,purple_stars
FIVE bar (Hotel Shattuck Plaza),2086 Allston Way,Berkeley,CA,37.8692247,-122.2685565,http://www.five-berkeley.com,http://www.berkeleyside.com/tag/five-restaurant,Bar,ltblu_stars
Lot 68 Lounge (Shattuck Cinemas),2230 Shattuck Ave.,Berkeley,CA,37.868768,-122.268316,http://www.landmarktheatres.com/mn/shattuck/lot68/lot68.html,http://www.berkeleyside.com/tag/shattuck-cinemas-landmark/,Bar,ltblu_stars
Double Tree Hotel Berkeley Marina,200 Marina Blvd.,Berkeley,CA,37.868635,-122.313763,http://doubletree3.hilton.com/en/hotels/california/doubletree-by-hilton-hotel-berkeley-marina-JBKCADT/dining/index.html,http://www.berkeleyside.com/nosh,Bar,ltblu_stars
La Marcha,2026 San Pablo Ave.,Berkeley,California,37.868607,-122.29225,http://www.lamarchaberkeley.com/,http://www.berkeleyside.com/tag/la-marcha/,Restaurant,purple_stars
Lanesplitter Pizza & Pub,2033 San Pablo Ave.,Berkeley,CA,37.868572,-122.291557,http://www.lanesplitterpizza.com,http://www.berkeleyside.com/tag/lanesplitter-pizza/,Craft beer,orange_stars
Doc's Refresher,984 University Ave.,Berkeley,CA,37.8684451,-122.2947275,http://docsrefresher.com,http://www.berkeleyside.com/tag/docs-refresher/,Restaurant,purple_stars
Tupper & Reed,2271 Shattuck Ave.,Berkeley,CA,37.868149,-122.267378,http://www.tupperandreed.com,http://www.berkeleyside.com/tag/tupper-reed/,Bar,ltblu_stars
Henry's,2600 Durant Ave.,Berkeley,CA,37.8680137,-122.2563085,http://www.henrysberkeley.com,http://www.berkeleyside.com/tag/henrys-at-hotel-durant/,Bar,ltblu_stars
Spenger's Fresh Fish Grotto,1919 Fourth St.,Berkeley,CA,37.8679735,-122.2998872,http://www.mccormickandschmicks.com/Locations/berkeley-california/FourthSt.aspx,http://www.berkeleyside.com/tag/spengers-fresh-fish-grotto,Restaurant,purple_stars
Tap Haus,2516 Durant Ave.,Berkeley,California,37.867664,-122.258142,https://www.facebook.com/taphausberkeley/,http://www.berkeleyside.com/tag/the-tap-haus/,Craft beer,orange_stars
Acme Bar,2115 San Pablo Ave.,Berkeley,CA,37.8676601,-122.2914915,http://acmebarco.com,http://www.berkeleyside.com/tag/acme-bar-co/,Bar,ltblu_stars
Brennan's in Berkeley,700 University Ave.,Berkeley,CA,37.86739,-122.3001412,http://www.brennansberkeley.com,http://www.berkeleyside.com/nosh,Restaurant,purple_stars
Bison Brewing,Not open to the public,Berkeley,CA,37.8669679,-122.2985601,http://bisonbrew.com,http://www.berkeleyside.com/tag/bison-brewing,Craft beer,orange_stars
Beta Lounge,2129 Durant Ave.,Berkeley,CA,37.866845,-122.2665353,http://www.thebetalounge.com,http://www.berkeleyside.com/tag/beta-lounge/,Bar,ltblu_stars
The Torpedo Room (Sierra Nevada),2031 Fourth St.,Berkeley,CA,37.866563,-122.299409,http://www.sierranevada.com,http://www.berkeleyside.com/tag/sierra-nevada/,Craft beer,orange_stars
Takara Sake,708 Addison St.,Berkeley,CA,37.8660664,-122.3000274,http://www.takarasake.com,http://www.berkeleyside.com/tag/takara-sake/,Wine,pink_stars
Pathos Restaurant & Bar,2430 Shattuck Ave.,Berkeley,CA,37.865205,-122.26778,http://pathosrestaurant.com/,http://www.berkeleyside.com/tag/pathos-restaurant-and-bar/,Restaurant,purple_stars
Wine.com Retail Store,2220 Fourth St.,Berkeley,CA,37.8642137,-122.2989096,http://www.wine.com/content/retail-stores.aspx,http://www.berkeleyside.com/nosh,Bottle shop,ylw_stars
Le Bateau Ivre,2629 Telegraph Ave.,Berkeley,CA,37.8623345,-122.2588326,http://www.lebateauivre.ne,http://www.berkeleyside.com/tag/bateau-ivre/,Restaurant,purple_stars
Urbano Cellars Winery,2323 Fourth St #B,Berkeley,CA,37.8622294,-122.2980429,http://www.urbanocellars.com,http://www.berkeleyside.com/tag/urbano-cellars/,Wine,pink_stars
Hs Lordships,199 Seawall Dr.,Berkeley,CA,37.8618102,-122.3157263,http://www.hslordships.com,http://www.berkeleyside.com/tag/hs-lordships/,Restaurant,purple_stars
Caffe Trieste,2500 San Pablo Ave.,Berkeley,CA,37.8609865,-122.2897446,http://caffetriesteberkeley.net,http://www.berkeleyside.com/tag/caffe-trieste/,Bar,ltblu_stars
Longbranch,2512 San Pablo Ave.,Berkeley,CA,37.860615,-122.289642,http://longbranchberkeley.com/,http://www.berkeleyside.com/tag/longbranch/,Restaurant,purple_stars
Limewood Bar & Restaurant,41 Tunnel Road,Berkeley,California,37.859192,-122.242673,http://www.fairmont.com/claremont-berkeley/dining/limewood-bar-and-restaurant/,http://www.berkeleyside.com/tag/limewood-bar-restaurant/,Restaurant,purple_stars
Missouri Lounge & Cafe,2600 San Pablo Ave.,Berkeley,CA,37.8591802,-122.2891246,http://www.missourilounge.com,http://www.berkeleyside.com/tag/missouri-lounge/,Bar,ltblu_stars
Wine Thieves,2926 Domingo Ave.,Berkeley,CA,37.8584796,-122.2440414,http://www.winethieves.com,http://www.berkeleyside.com/tag/wine-thieves/,Bottle shop,ylw_stars
Mosswood Distillers,2619 Seventh St.,Berkeley,CA,37.857798,-122.29294,http://www.drinkmosswood.com/,http://www.berkeleyside.com/tag/mosswood-distillers/,Craft beer,orange_stars
Vino sur (importer),Private address,Berkeley,CA,37.8576849,-122.2386,http://www.vino-sur.com,http://www.berkeleyside.com/nosh,Wine,pink_stars
Vintage Berkeley,2949 College Ave.,Berkeley,CA,37.8574187,-122.2530863,http://www.vintageberkeley.com,http://www.berkeleyside.com/tag/vintage-berkeley/,Bottle shop,ylw_stars
The Rare Barrel,937 Carleton St.,Berkeley,CA,37.857384,-122.2913443,http://therarebarrel.com,http://www.berkeleyside.com/tag/the-rare-barrel/,Craft beer,orange_stars
Tomei Cellars (wholesaler),Private address,Berkeley,CA,37.8566786,-122.2487357,http://tomeicellars.com,http://www.berkeleyside.com/nosh,Wine,pink_stars
Eight Arms Cellars,2961 California St.,Berkeley,CA,37.8539559,-122.276727,http://www.eightarmscellars.com,http://www.berkeleyside.com/nosh,Wine,pink_stars
The Starry Plough Pub,3101 Shattuck Ave.,Berkeley,CA,37.8530193,-122.2661029,http://www.starryploughpub.com,http://www.berkeleyside.com/tag/starry-plough/,Bar,ltblu_stars
VineCrowd (Boutique wine buying club),Private address,Berkeley,CA,37.85292,-122.250142,http://vinecrowddotcom.wordpress.com,http://www.berkeleyside.com/nosh,Wine,pink_stars
Cask,3185 College Ave.,Berkeley,CA,37.851649,-122.252499,http://caskstore.com,http://www.berkeleyside.com/tag/cask,Bottle shop,ylw_stars
Moxy Beer Garden,3136 Sacramento St.,Berkeley,CA,37.8506239,-122.278803,http://www.moxybeergarden.com,http://www.berkeleyside.com/tag/moxy-beer-garden/,Craft beer,orange_stars
Nick's Lounge,3218 Adeline St.,Berkeley,CA,37.8501589,-122.2709905,http://www.nickslounge.com,http://www.berkeleyside.com/tag/nicks-lounge/,Bar,ltblu_stars
44 Restaurant & Bar,3290 Adeline St.,Berkeley,CA,37.848851,-122.271731,https://www.facebook.com/44restaurantbar,http://www.berkeleyside.com/tag/44-restaurant-bar,Restaurant,purple_stars
Hoi Polloi Brewpub,1763 Alcatraz Ave.,Berkeley,CA,37.848841,-122.272187,https://www.facebook.com/pages/Hoi-Polloi-Brewpub-and-Beat-Lounge/318694291586502,http://www.berkeleyside.com/tag/hoi-polloi-brewpub/,Craft beer,orange_stars
Encuentro,550 2nd St.,Oakland,CA,37.797252,-122.2789198,http://encuentrooakland.com,http://www.berkeleyside.com/tag/encuentro/,Restaurant,purple_stars
Lincoln Square Liquors,4100 Redwood Rd.,Oakland,CA,37.798343,-122.182422,http://www.yelp.com/biz/lincoln-square-liquors-oakland,http://www.berkeleyside.com/nosh,Bottle shop,ylw_stars
Laurel Lounge,3932 MacArthur Blvd.,Oakland,CA,37.790761,-122.197589,http://www.laurellounge.com,http://www.berkeleyside.com/nosh,Dive Bar,wht_stars
Lounge 3411,3411 MacArthur Blvd.,Oakland,CA,37.794044,-122.201124,http://www.yelp.com/biz/lounge-3411-oakland,http://www.berkeleyside.com/nosh,Bar,ltblu_stars
Farmstead Cheeses and Wines,6218 La Salle Ave.,Oakland,CA,37.826781,-122.208991,http://www.farmsteadcheesesandwines.com,http://www.berkeleyside.com/nosh,Bottle shop,ylw_stars
Pour,2058 Mountain Blvd.,Oakland,CA,37.82655,-122.209078,http://www.pourmontclair.com,http://www.berkeleyside.com/tag/pour-wine-bar-and-bistro/,Wine,pink_stars
Camber Montclair,6516 Moraga Ave.,Oakland,CA,37.826137,-122.210192,http://www.camberoakland.com,http://www.berkeleyside.com/tag/camber/,Lounge,grn_stars
Crown Liquors,6410 Moraga Ave.,Oakland,CA,37.827143,-122.21098,http://www.yelp.com/biz/crown-liquors-oakland,http://www.berkeleyside.com/nosh,Bottle shop,ylw_stars
Duvin,5736 Thornhill Dr.,Oakland,CA,37.834648,-122.21185,https://www.duvin.co,http://www.berkeleyside.com/tag/duvin/,Wine,pink_stars
Soon's Cocktail Lounge,3449 Fruitvale Ave.,Oakland,CA,37.800063,-122.216247,http://www.yelp.com/biz/soons-cocktail-lounge-oakland,http://www.berkeleyside.com/nosh,Dive Bar,wht_stars
2101 Club,2101 MacArthur Blvd.,Oakland,CA,37.800423,-122.217189,http://www.yelp.com/biz/2101-club-oakland,http://www.berkeleyside.com/nosh,Dive Bar,wht_stars
Bellanico Restaurant and Wine Bar,4238 Park Blvd.,Oakland,CA,37.8075,-122.221653,http://www.bellanico.net,http://www.berkeleyside.com/nosh,Restaurant,purple_stars
The Half Orange,3340 E 12th St.,Oakland,CA,37.77628,-122.224123,http://www.thehalforange.com,http://www.berkeleyside.com/tag/the-half-orange/,Restaurant,purple_stars
Aloha Club,952 Fruitvale Ave.,Oakland,CA,37.77502,-122.226889,https://www.facebook.com/longestbarandcoldestbeer/,http://www.berkeleyside.com/nosh,Dive Bar,wht_stars
Ale Industries,3096 E 10th St.,Oakland,CA,37.776229,-122.22818,http://www.aleindustries.com,http://www.berkeleyside.com/tag/ale-industries/,Craft Beer,orange_stars
400 Club,400 29th Ave.,Oakland,CA,37.772776,-122.235,http://www.yelp.com/biz/400-club-oakland,http://www.berkeleyside.com/nosh,Dive Bar,wht_stars
Lemon Tree,2542 Santa Clara Ave.,Alameda,CA,37.763507,-122.238672,https://www.facebook.com/Lemon-Tree-Alameda-139552966096364/,http://www.berkeleyside.com/nosh,Dive Bar,wht_stars
Alameda Brewing Company,1716 Park St.,Alameda,CA,37.768451,-122.238852,http://alamedabrewing.com,http://www.berkeleyside.com/tag/alameda-island-brewing-company/,Craft Beer,orange_stars
CRAFT Beer and Wine,2526 Santa Clara Ave.,Alameda,CA,37.763642,-122.23914,http://www.craftalameda.com,http://www.berkeleyside.com/nosh,Bottle shop,ylw_stars
McGee's,1645 Park St.,Alameda,CA,37.767866,-122.240112,http://www.mcgeesbarandgrill.com,http://www.berkeleyside.com/nosh,Bar,ltblu_stars
Speisekammer,2424 Lincoln Ave.,Alameda,CA,37.765983,-122.240209,http://www.speisekammer.com,http://www.berkeleyside.com/nosh,Craft Beer,orange_stars
The Churchward Pub,1515 Park St.,Alameda,CA,37.765935,-122.241668,http://www.thechurchwardpub.com,http://www.berkeleyside.com/nosh,Bar,ltblu_stars
Wine and Waffles,1505 Park St.,Alameda,CA,37.765673,-122.241968,https://www.facebook.com/WineandWaffles/,http://www.berkeleyside.com/nosh,Wine,pink_stars
American Oak,2319 Santa Clara Ave.,Alameda,CA,37.76586,-122.242354,http://www.americanoakalameda.com,http://www.berkeleyside.com/nosh,Restaurant,purple_stars
Lost Weekend Lounge,2320 Santa Clara Ave.,Alameda,CA,37.765408,-122.242593,https://www.facebook.com/lostweekendlounge/,http://www.berkeleyside.com/nosh,Dive Bar,wht_stars
Bonne Vie,1419 Park St.,Alameda,CA,37.76495,-122.242602,http://www.bonneviealameda.com,http://www.berkeleyside.com/nosh,Bottle shop,ylw_stars
Philomena Pizza,1801 14th Ave.,Oakland,CA,37.792165,-122.242849,http://www.philomenapizza.com,http://www.berkeleyside.com/tag/philomena-pizza/,Restaurant,purple_stars
Shakewell,3407 Lakeshore Ave.,Oakland,CA,37.811418,-122.242982,http://www.shakewelloakland.com,http://www.berkeleyside.com/tag/shakewell/,Restaurant,purple_stars
Alameda Theatres Cineplex,2317 Central Ave.,Alameda,CA,37.764723,-122.243236,http://www.alamedatheatres.com,http://www.berkeleyside.com/tag/alameda-theatres-cineplex/,Restaurant,purple_stars
Alameda Wine Co.,2315 Central Ave.,Alameda,CA,37.764822,-122.243334,http://alamedawineco.com,http://www.berkeleyside.com/nosh,Wine,pink_stars
The Hobnob,1313 Park St.,Alameda,CA,37.762974,-122.244184,http://www.thehobnobalameda.com,http://www.berkeleyside.com/nosh,Restaurant,purple_stars
Monkey King Pub & Grub,1315 Park St.,Alameda,CA,37.763066,-122.244207,http://www.yelp.com/biz/monkey-king-pub-and-grub-alameda,http://www.berkeleyside.com/nosh,Restaurant,purple_stars
Lucky 13,1301 Park St.,Alameda,CA,37.762758,-122.244379,http://www.lucky13alameda.com,http://www.berkeleyside.com/nosh,Bar,ltblu_stars
Clubhouse Sports Bar,1215 Park St.,Alameda,CA,37.761378,-122.245496,https://www.facebook.com/Club-House-Sports-Bar-Alameda-145301875516318/,http://www.berkeleyside.com/nosh,Dive Bar,wht_stars
Grand Oaks Restaurant and Sports Lounge,3701 Grand Ave.,Oakland,CA,37.81648,-122.245747,http://www.grandoaksrestaurant.com,http://www.berkeleyside.com/nosh,Restaurant,purple_stars
Grand Tavern,3601 Grand Ave.,Oakland,CA,37.81517,-122.246184,http://www.grandtavern.net,http://www.berkeleyside.com/tag/grand-tavern/,Restaurant,purple_stars
Ordinaire,3354 Grand Ave.,Oakland,CA,37.813537,-122.24637,http://ordinairewine.com,http://www.berkeleyside.com/tag/ordinaire/,Wine,pink_stars
Lanesplitter Pizza & Pub,536 Lake Park Ave.,Oakland,CA,37.810384,-122.246409,https://lanesplitterpizza.com,http://www.berkeleyside.com/tag/lanesplitter-pizza/,Craft Beer,orange_stars
The Libertine,3332 Grand Ave.,Oakland,CA,37.813203,-122.246508,https://www.facebook.com/The-Libertine-Oakland-403850353122641/,http://www.berkeleyside.com/tag/the-libertine/,Bar,ltblu_stars
Heart and Dagger Saloon,504 Lake Park Ave.,Oakland,CA,37.810451,-122.246668,http://www.heartanddaggersaloon.com,http://www.berkeleyside.com/tag/heart-and-dagger-saloon/,Dive Bar,wht_stars
Smitty's Cocktails,3339 Grand Ave.,Oakland,CA,37.813367,-122.247046,https://www.facebook.com/SmittysCocktails/,http://www.berkeleyside.com/nosh,Dive Bar,wht_stars
Alchemy Bottle Shop,3256 Grand Ave.,Oakland,CA,37.81235,-122.247056,http://www.alchemybottleshop.com,http://www.berkeleyside.com/tag/alchemy-bottle-shop/,Bottle shop,ylw_stars
The Alley,3325 Grand Ave.,Oakland,CA,37.813151,-122.247225,https://www.facebook.com/The-Alley-in-Oakland-179326532112666/,http://www.berkeleyside.com/nosh,Dive Bar,wht_stars
Penrose,3311 Grand Ave.,Oakland,CA,37.813027,-122.247322,http://penroseoakland.com,http://www.berkeleyside.com/tag/penrose/,Restaurant,purple_stars
Kona Club,4401 Piedmont Ave.,Oakland,CA,37.830519,-122.24736,http://konaclub.net,http://www.berkeleyside.com/tag/kona-club/,Cocktails,blu_stars
Grand Fare Market,3265 Grand Ave.,Oakland,CA,37.812793,-122.247478,http://www.grandfaremarket.com,http://www.berkeleyside.com/tag/grand-fare-market/,Restaurant,purple_stars
Adesso,4395 Piedmont Ave.,Oakland,CA,37.830177,-122.247741,http://www.dopoadesso.com/adesso/,http://www.berkeleyside.com/tag/adesso/,Restaurant,purple_stars
Parkway Lounge,1850 Park Blvd.,Oakland,CA,37.799509,-122.249996,http://www.yelp.com/biz/parkway-lounge-oakland,http://www.berkeleyside.com/nosh,Dive Bar,wht_stars
The Barrel Room,5330 College Ave.,Oakland,CA,37.838782,-122.251045,http://www.barrelroomsf.com,http://www.berkeleyside.com/tag/barrel-room-wine-bar/,Wine,pink_stars
McNally's Irish Pub,5352 College Ave.,Oakland,CA,37.839272,-122.251053,https://www.facebook.com/Bill-McNallys-Irish-Pub-33999310497/,http://www.berkeleyside.com/nosh,Dive Bar,wht_stars
Lakeside Lounge,338 E 18th St.,Oakland,CA,37.799506,-122.251148,https://www.facebook.com/Lakeside-Lounge-Oakland-184555175778/,http://www.berkeleyside.com/nosh,Dive Bar,wht_stars
Enoteca Molinari,5474 College Ave.,Oakland,CA,37.841982,-122.251176,http://www.enoteca-molinari.com,http://www.berkeleyside.com/tag/enoteca-molinari/,Restaurant,purple_stars
À Cȏté,5478 College Ave.,Oakland,CA,37.842056,-122.251225,http://acoterestaurant.com,http://www.berkeleyside.com/tag/a-cote/,Wine,pink_stars
Wine on Piedmont,4183 Piedmont Ave.,Oakland,CA,37.827518,-122.251292,http://wineonpiedmont.com,http://www.berkeleyside.com/nosh,Bottle shop,ylw_stars
Ben and Nick's,5612 College Ave.,Oakland,CA,37.843584,-122.251412,http://benandnicks.com,http://www.berkeleyside.com/tag/ben-and-nicks-bar-and-grill/,Restaurant,purple_stars
George and Walt's,5445 College Ave.,Oakland,CA,37.841065,-122.251646,https://www.facebook.com/George-Walts-151999418158604/,http://www.berkeleyside.com/nosh,Bar,ltblu_stars
Trabocco Kitchen and Cocktails,2213 S Shore Ctr.,Alameda,CA,37.757479,-122.251712,http://trabocco.com,http://www.berkeleyside.com/tag/trabocco/,Restaurant,purple_stars
Eddie's Drive-In Liquors,5491 College Ave.,Oakland,CA,37.84191,-122.251739,http://www.yelp.com/biz/eddies-drive-in-liquors-oakland,http://www.berkeleyside.com/nosh,Bottle shop,ylw_stars
Rockridge Improvement Club,5515 College Ave.,Oakland,CA,37.842828,-122.251833,http://www.rockridgeimprovementclub.com,http://www.berkeleyside.com/tag/rockridge-improvement-club/,Cocktails,blu_stars
Paul Marcus Wines,5655 College Ave.,Oakland,CA,37.843692,-122.251879,http://www.paulmarcuswines.com,http://www.berkeleyside.com/nosh,Wine,pink_stars
The Graduate,6202 Claremont Ave.,Oakland,CA,37.849541,-122.25195,https://www.facebook.com/Graduatebar/,http://www.berkeleyside.com/nosh,Bar,ltblu_stars
Baggy's by the Lake,288 E 18th St.,Oakland,CA,37.79988,-122.25196,https://www.facebook.com/Baggys-By-The-Lake-100281943368229,http://www.berkeleyside.com/nosh,Dive Bar,wht_stars
Kerry House,4092 Piedmont Ave.,Oakland,CA,37.826332,-122.252108,http://www.yelp.com/biz/kerry-house-oakland,http://www.berkeleyside.com/nosh,Dive Bar,wht_stars
Mikkeler Tasting Room and Bottle Shop,6309 College Ave.,Oakland,CA,37.850522,-122.252646,http://mikkelleroakland.com,http://www.berkeleyside.com/tag/mikkeller-tasting-room-and-bottle-shop/,Craft Beer,orange_stars
Vino,6319 College Ave.,Oakland,CA,37.850684,-122.252662,https://www.facebook.com/vinoinc/,http://www.berkeleyside.com/nosh,Bottle shop,ylw_stars
Vino,4027 Piedmont Ave.,Oakland,CA,37.826038,-122.253276,https://www.facebook.com/vinoinc/,http://www.berkeleyside.com/nosh,Bottle shop,ylw_stars
Brotzeit Lokal,1000 Embarcadero,Oakland,CA,37.787698,-122.253952,http://brotzeitbiergarten.com,http://www.berkeleyside.com/tag/brotzeit-lokal/,Craft Beer,orange_stars
Room 389,389 Grand Ave.,Oakland,CA,37.808598,-122.254317,http://room389oakland.com,http://www.berkeleyside.com/tag/room-389/,Bar,ltblu_stars
Cato's Ale House,3891 Piedmont Ave.,Oakland,CA,37.824991,-122.254574,http://www.catosalehouse.com,http://www.berkeleyside.com/tag/catos-ale-house/,Craft Beer,orange_stars
Portal,1611 2nd Ave.,Oakland,CA,37.799366,-122.254596,http://www.portaloakland.com,http://www.berkeleyside.com/nosh,Restaurant,purple_stars
Bay Grape,376 Grand Ave.,Oakland,CA,37.809124,-122.254859,http://www.baygrapewine.com,http://www.berkeleyside.com/tag/bay-grape-wine-shop/,Wine,pink_stars
George Kaye's,4044 Broadway,Oakland,CA,37.828295,-122.255988,http://www.yelp.com/biz/george-kayes-oakland,http://www.berkeleyside.com/nosh,Dive Bar,wht_stars
The Lodge,3758 Piedmont Ave.,Oakland,CA,37.823369,-122.256394,https://www.facebook.com/THELODGEONPIEDMONT/,http://www.berkeleyside.com/tag/the-lodge/,Bar,ltblu_stars
The Hog's Apothecary,375 40th St.,Oakland,CA,37.828116,-122.259017,http://www.hogsapothecary.com,http://www.berkeleyside.com/tag/hogs-apothecary/,Restaurant,purple_stars
Swell Bar,1539 Lincoln Ave.,Alameda,CA,37.77454,-122.259022,https://swellbaralameda.wordpress.com,http://www.berkeleyside.com/nosh,Bar,ltblu_stars
White Horse Inn,6551 Telegraph Ave.,Oakland,CA,37.85181,-122.260542,http://whitehorsebar.com,http://www.berkeleyside.com/nosh,Bar,ltblu_stars
Lake Chalet Seafood Bar & Grill,1520 Lakeside Dr.,Oakland,CA,37.802211,-122.261444,http://www.thelakechalet.com,http://www.berkeleyside.com/tag/lake-chalet-seafood-bar-and-grill/,Restaurant,purple_stars
Z's Cocktail Lounge,1403 Encinal Ave.,Alameda,CA,37.770421,-122.261787,https://www.facebook.com/Zs-Cocktail-Lounge-on-Encinal-1426939800905636/,http://www.berkeleyside.com/nosh,Bar,ltblu_stars
The Wine Mine,5427 Telegraph Ave.,Oakland,CA,37.839688,-122.261972,http://www.winemineco.com,http://www.berkeleyside.com/nosh,Bottle shop,ylw_stars
The Kingfish Pub,5239 Telegraph Ave.,Oakland,CA,37.838434,-122.262419,http://kingfishpubandcafe.com/,http://www.berkeleyside.com/tag/kingfish-pub/,Bar,ltblu_stars
The Avenue,4822 Telegraph Ave.,Oakland,CA,37.834994,-122.262542,https://www.facebook.com/The-Avenue-111507118887698/,http://www.berkeleyside.com/tag/the-avenue/,Dive Bar,wht_stars
Marc 49,4915 Telegraph Ave.,Oakland,CA,37.836137,-122.262779,http://www.marc49.com,http://www.berkeleyside.com/tag/marc-49/,Wine,pink_stars
Broadway Liquors,2860 Broadway,Oakland,CA,37.817188,-122.262805,http://www.yelp.com/biz/broadway-liquors-oakland,http://www.berkeleyside.com/nosh,Bottle shop,ylw_stars
Blackwater Station,4901 Telegraph Ave.,Oakland,CA,37.835888,-122.262838,https://bwscocktailbar.com,http://www.berkeleyside.com/tag/blackwater-station/,Restaurant,purple_stars
Forbidden Island Tiki Lounge,1304 Lincoln Ave.,Alameda,CA,37.774614,-122.262936,http://www.forbiddenislandalameda.com,http://www.berkeleyside.com/nosh,Cocktails,blu_stars
U and I No 1 Liquors,4875 Telegraph Ave.,Oakland,CA,37.835524,-122.262993,http://www.yelp.com/biz/u-and-i-no-1-liquors-oakland,http://www.berkeleyside.com/nosh,Bottle shop,ylw_stars
Lanesplitter Pizza & Pub,4799 Telegraph Ave.,Oakland,CA,37.834961,-122.263222,https://lanesplitterpizza.com,http://www.berkeleyside.com/tag/lanesplitter-pizza/,Craft Beer,orange_stars
Rosamunde Sausage Grill,4659 Telegraph Ave.,Oakland,CA,37.834045,-122.263434,http://rosamundesausagegrill.com,http://www.berkeleyside.com/tag/rosamunde-sausage-grill/,Craft Beer,orange_stars
The Ruby Room,132 14th St.,Oakland,CA,37.801372,-122.263655,https://www.facebook.com/darkest.bar.ever/,http://www.berkeleyside.com/nosh,Dive Bar,wht_stars
Urbano Latino,4307 Telegraph Ave.,Oakland,CA,37.831831,-122.264085,http://www.urbanooakland.com,http://www.berkeleyside.com/tag/urbano-latino/,Restaurant,purple_stars
Mua,2442 Webster St.,Oakland,CA,37.814084,-122.264344,http://www.muaoakland.com,http://www.berkeleyside.com/tag/mua-oakland/,Restaurant,purple_stars
Temescal Brewing,4115 Telegraph Ave.,Oakland,CA,37.830382,-122.264484,http://www.temescalbrewing.com,http://www.berkeleyside.com/tag/temescal-brewing/,Craft Beer,orange_stars
Mad Oak,135 12th St.,Oakland,CA,37.799779,-122.264678,http://www.yelp.com/biz/mad-oak-oakland,http://www.berkeleyside.com/tag/mad-oak-bar-n-yard/,Craft Beer,orange_stars
alaMar,100 Grand Ave.,Oakland,CA,37.811637,-122.264805,http://www.alamaroakland.com,http://www.berkeleyside.com/tag/alamar/,Restaurant,purple_stars
Au Lounge,2430 Broadway,Oakland,CA,37.813944,-122.264916,http://www.auoakland.com,http://www.berkeleyside.com/nosh,Lounge,grn_stars
Small Wonder,37 Grand Ave.,Oakland,CA,37.811193,-122.265896,http://www.yelp.com/biz/small-wonder-oakland,http://www.berkeleyside.com/nosh,Restaurant,purple_stars
Drake's Dealership,2325 Broadway,Oakland,CA,37.812536,-122.26611,http://drinkdrakes.com/barrelhouse/dealership/,http://www.berkeleyside.com/tag/drakes-dealership/,Craft Beer,orange_stars
Era Art Bar and Lounge,19 Grand Ave.,Oakland,CA,37.811259,-122.266308,http://www.oaklandera.com,http://www.berkeleyside.com/nosh,Lounge,grn_stars
19th Street Station,339 19th St.,Oakland,CA,37.80655,-122.266335,http://www.yelp.com/biz/19th-street-station-oakland,http://www.berkeleyside.com/nosh,Bar,ltblu_stars
Dashe Cellars,55 4th St.,Oakland,CA,37.793633,-122.266459,https://www.dashecellars.com,http://www.berkeleyside.com/tag/dashe-cellars/,Wine,pink_stars
Plum Bar,2216 Broadway,Oakland,CA,37.811229,-122.266598,http://plumbaroakland.com,http://www.berkeleyside.com/tag/plum-bar/,Restaurant,purple_stars
Classic Cars West,411 26th St.,Oakland,CA,37.814968,-122.266662,http://www.classiccarswest.com,http://www.berkeleyside.com/tag/classic-cars-west/,Craft Beer,orange_stars
Bar Three Fifty-Five,355 19th St.,Oakland,CA,37.806935,-122.266844,https://www.facebook.com/threefiftyfive/,http://www.berkeleyside.com/nosh,Bar,ltblu_stars
Club 21,2111 Franklin St.,Oakland,CA,37.810226,-122.266918,http://www.club21oakland.com,http://www.berkeleyside.com/nosh,Lounge,grn_stars
Club BNB,2120 Broadway,Oakland,CA,37.810332,-122.267064,http://www.club-bnb.com,http://www.berkeleyside.com/nosh,Lounge,grn_stars
Commonwealth Cafe & Public House,2882 Telegraph Ave.,Oakland,CA,37.81797,-122.267177,http://www.commonwealthpubs.com,http://www.berkeleyside.com/tag/commonwealth-cafe/,Craft Beer,orange_stars
Drexl Bar,382 19th St.,Oakland,CA,37.807235,-122.26731,http://drexl.bar,http://www.berkeleyside.com/tag/drexl/,Bar,ltblu_stars
Crooked City Cider,477 25th St.,Oakland,CA,37.814273,-122.267391,http://www.crookedcitycider.com,http://www.berkeleyside.com/tag/crooked-city-cider/,Craft Beer,orange_stars
Two Mile Wines,477 25th St.,Oakland,CA,37.814265,-122.267391,http://www.twomilewines.com,http://www.berkeleyside.com/tag/two-mile-wines/,Wine,pink_stars
The New Parkway,474 24th St.,Oakland,CA,37.81396,-122.267447,http://thenewparkway.com,http://www.berkeleyside.com/tag/the-new-parkway/,Craft Beer,orange_stars
Blind Tiger,2600 Telegraph Ave.,Oakland,CA,37.815683,-122.267556,http://www.blindtigeroakland.com,http://www.berkeleyside.com/tag/blind-tiger/,Restaurant,purple_stars
Halftime Sports Bar,316 14th St.,Oakland,CA,37.803321,-122.267887,http://halftimesportbar.letseat.at,http://www.berkeleyside.com/nosh,Bar,ltblu_stars
The Double Standard,2424 Telegraph Ave.,Oakland,CA,37.814263,-122.268105,http://www.yelp.com/biz/the-double-standard-oakland-2,http://www.berkeleyside.com/tag/the-double-standard/,Bar,ltblu_stars
Stork Club,2330 Telegraph Ave.,Oakland,CA,37.813139,-122.268358,http://www.storkcluboakland.com,http://www.berkeleyside.com/tag/the-stork-club/,Dive Bar,wht_stars
Telegraph Beer Garden,2318 Telegraph Ave.,Oakland,CA,37.812804,-122.268409,http://telegraphoakland.com,http://www.berkeleyside.com/tag/telegraph-beer-garden/,Craft Beer,orange_stars
Paramount Theatre,2025 Broadway,Oakland,CA,37.809874,-122.268513,http://www.paramounttheatre.com,http://www.berkeleyside.com/nosh,Bar,ltblu_stars
The Legionnaire Saloon,2272 Telegraph Ave.,Oakland,CA,37.81237,-122.268568,http://www.legionnairesaloon.com,http://www.berkeleyside.com/tag/the-legionnaire-saloon/,Bar,ltblu_stars
Longitude,347 14th St.,Oakland,CA,37.803173,-122.268616,http://longitudeoakland.com,http://www.berkeleyside.com/tag/longitude-oakland/,Cocktails,blu_stars
Luckyduck Bicycle Cafe,302 12th St.,Oakland,CA,37.80161,-122.268631,http://www.luckyduckoakland.com,http://www.berkeleyside.com/tag/luckyduck-bicycle-cafe/,Craft Beer,orange_stars
Shadow Ultra Lounge,341 13th St.,Oakland,CA,37.802365,-122.268721,https://www.facebook.com/ShadowUltraLounge/,http://www.berkeleyside.com/nosh,Lounge,grn_stars
The Good Hop Bottle Shop,2421 Telegraph Ave.,Oakland,CA,37.813745,-122.268941,http://thegoodhop.com,http://www.berkeleyside.com/tag/the-good-hop-bottle-shop/,Craft Beer,orange_stars
Hutch Bar & Kitchen,2022 Telegraph Ave.,Oakland,CA,37.80988,-122.269143,http://www.hutchoakland.com,http://www.berkeleyside.com/tag/hutch-bar-kitchen/,Restaurant,purple_stars
Lost and Found Beer Garden,2040 Telegraph Ave.,Oakland,CA,37.81017,-122.269199,http://www.lostandfound510.com/,http://www.berkeleyside.com/tag/lost-and-found-beer-garden/,Craft Beer,orange_stars
The Punchdown,1737 Broadway St.,Oakland,CA,37.807252,-122.269343,http://punchdownwine.com,http://www.berkeleyside.com/tag/punchdown/,Wine,pink_stars
The Layover,1517 Franklin St.,Oakland,CA,37.805209,-122.269419,http://oaklandlayover.com,http://www.berkeleyside.com/nosh,Bar,ltblu_stars
Five10 Pizza,400 15th St.,Oakland,CA,37.80506,-122.26949,https://www.facebook.com/Five10-Pizza-280382618766463/,http://www.berkeleyside.com/nosh,Restaurant,purple_stars
The Miranda,1739 Broadway,Oakland,CA,37.807332,-122.269509,https://www.facebook.com/themirandabaroak/,http://www.berkeleyside.com/tag/the-miranda/,Cocktails,blu_stars
Duende,468 19th St.,Oakland,CA,37.808189,-122.269512,http://www.duendeoakland.com,http://www.berkeleyside.com/tag/duende/,Restaurant,purple_stars
The Hatch Oakland,402 15th St.,Oakland,CA,37.80492,-122.269539,http://www.thehatchoak.com,http://www.berkeleyside.com/tag/the-hatch/,Craft Beer,orange_stars
Diving Dog Brewhouse,1802 Telegraph Ave.,Oakland,CA,37.807663,-122.269597,http://www.divingdogbrew.com,http://www.berkeleyside.com/tag/diving-dog-brewhouse/,Craft Beer,orange_stars
Ovo Tavern and Eatery,5319 Martin Luther King Jr Way,Oakland,CA,37.838376,-122.269616,http://www.ovotavern.com,http://www.berkeleyside.com/tag/ovo-tavern-eatery/,Restaurant,purple_stars
Uptown Nightclub,1928 Telegraph Ave.,Oakland,CA,37.808594,-122.269617,http://www.uptownnightclub.com,http://www.berkeleyside.com/nosh,Dive Bar,wht_stars
Eli's Mile High Club,3629 M.L.K. Jr Way.,Oakland,CA,37.825777,-122.269652,http://elismilehigh.com,http://www.berkeleyside.com/tag/elis-mile-high-club/,Dive Bar,wht_stars
Flora Restaurant and Bar,1900 Telegraph Ave.,Oakland,CA,37.808205,-122.269671,http://www.floraoakland.com,http://www.berkeleyside.com/tag/flora/,Restaurant,purple_stars
Fauna,1900 Telegraph Ave.,Oakland,CA,37.808213,-122.269682,http://faunaoakland.com,http://www.berkeleyside.com/nosh,Cocktails,blu_stars
The Den,1912 Telegraph Ave.,Oakland,CA,37.808358,-122.269881,http://www.thedenoakland.com,http://www.berkeleyside.com/nosh,Bar,ltblu_stars
Darling's Elixrs,1635 Broadway,Oakland,CA,37.806636,-122.270012,http://www.yelp.com/biz/darlings-elixirs-oakland,http://www.berkeleyside.com/tag/darlings-elixirs/,Cocktails,blu_stars
Dogwood,1644 Telegraph Ave.,Oakland,CA,37.806656,-122.270035,https://www.facebook.com/BARDOGWOOD/,http://www.berkeleyside.com/tag/bar-dogwood/,Bar,ltblu_stars
The Golden Bull,412 14th St.,Oakland,CA,37.804217,-122.270321,http://thegoldenbullbar.com,http://www.berkeleyside.com/nosh,Bar,ltblu_stars
Analog,414 14th St.,Oakland,CA,37.803999,-122.270351,http://www.analogoakland.com,http://www.berkeleyside.com/tag/analog/,Restaurant,purple_stars
Rudy's Can't Fail Cafe,1805 Telegraph Ave.,Oakland,CA,37.807999,-122.270393,http://iamrudy.com,http://www.berkeleyside.com/tag/rudys-cant-fail-cafe/,Restaurant,purple_stars
Make Westing,1741 Telegraph Ave.,Oakland,CA,37.807488,-122.270407,http://makewesting.com,http://www.berkeleyside.com/nosh,Bar,ltblu_stars
SomaR Bar and Lounge,1727 Telegraph Ave.,Oakland,CA,37.807375,-122.270473,https://somarbar.wordpress.com,http://www.berkeleyside.com/nosh,Lounge,grn_stars
Chop Bar,247 4th St.,Oakland,CA,37.795206,-122.270486,http://www.oaklandchopbar.com,http://www.berkeleyside.com/tag/chop-bar/,Restaurant,purple_stars
Camber Uptown,1707 Telegraph Ave.,Oakland,CA,37.807098,-122.270565,http://www.camberoakland.com,http://www.berkeleyside.com/tag/camber/,Lounge,grn_stars
Woods Bar and Brewery,1701 Telegraph Ave.,Oakland,CA,37.807016,-122.270578,http://www.woodsbeer.com/uptown/,http://www.berkeleyside.com/tag/woods-bar-brewery/,Craft Beer,orange_stars
Cafe Van Kleef,1621 Telegraph Ave.,Oakland,CA,37.806688,-122.270739,http://cafevankleef.com/,http://www.berkeleyside.com/tag/cafe-van-kleef/,Bar,ltblu_stars
Tribune Tavern,401 13th St.,Oakland,CA,37.803058,-122.270748,http://tribunetavern.com,http://www.berkeleyside.com/tag/tribune-tavern/,Restaurant,purple_stars
Downtown Wine Merchants,150 Frank H Ogawa Plz.,Oakland,CA,37.805251,-122.271094,http://downtownwinemerchants.com,http://www.berkeleyside.com/tag/downtown-wine-merchants/,Wine,pink_stars
Radio,435 13th St.,Oakland,CA,37.80331,-122.271205,https://www.facebook.com/Radio-123162364375801/,http://www.berkeleyside.com/nosh,Dive Bar,wht_stars
Starline Social Club,645 W Grand Ave.,Oakland,CA,37.812283,-122.272518,http://www.starlinesocialclub.com/#home-1,http://www.berkeleyside.com/tag/starline-social-club/,Restaurant,purple_stars
The Rock Steady,1741 San Pablo Ave.,Oakland,CA,37.807659,-122.272659,http://therock-steady.com,http://www.berkeleyside.com/nosh,Bar,ltblu_stars
The New Parish,579 18th St.,Oakland,CA,37.807875,-122.272777,http://thenewparish.com/shows.cfm,http://www.berkeleyside.com/nosh,Bar,ltblu_stars
Hopscotch,1915 San Pablo Ave.,Oakland,CA,37.809272,-122.27322,http://hopscotchoakland.com,http://www.berkeleyside.com/tag/hopscotch/,Restaurant,purple_stars
Cerruti Cellars,100 Webster St.,Oakland,CA,37.794556,-122.273865,http://www.cerruticellars.com,http://www.berkeleyside.com/tag/cerruti-cellars/,Wine,pink_stars
Umami Mart,815 Broadway,Oakland,CA,37.800603,-122.27387,http://umamimart.com,http://www.berkeleyside.com/tag/umami-mart/,Bottle shop,ylw_stars
The Trappist,460 Eighth St.,Oakland,CA,37.80054,-122.274158,http://www.thetrappist.com/trappist.php,http://www.berkeleyside.com/tag/the-trappist/,Craft Beer,orange_stars
Pacific Coast Brewing Company,906 Washington St.,Oakland,CA,37.801526,-122.27416,http://www.pacificcoastbrewing.com,http://www.berkeleyside.com/tag/pacific-coast-brewing-company/,Craft Beer,orange_stars
Liege Spirits Lounge,481 9th St.,Oakland,CA,37.801015,-122.274284,http://liegeoakland.com,http://www.berkeleyside.com/nosh,Lounge,grn_stars
Heinold's First and Last Chance Saloon,48 Webster St.,Oakland,CA,37.794374,-122.27441,http://www.yelp.com/biz/heinolds-first-and-last-chance-saloon-oakland,http://www.berkeleyside.com/tag/heinolds-first-and-last-chance-saloon/,Bar,ltblu_stars
Rosamunde Sausage Grill,911 Washington St.,Oakland,CA,37.801707,-122.274495,http://rosamundesausagegrill.com,http://www.berkeleyside.com/tag/rosamunde-sausage-grill/,Craft Beer,orange_stars
Deep Roots Wine Bar,"510 9th St., Ste. E",Oakland,CA,37.801469,-122.27482,http://www.deeprootsoakland.com/DeepRootsOakland/Welcome.html,http://www.berkeleyside.com/tag/deep-roots/,Wine,pink_stars
District Oakland,827 Washington St.,Oakland,CA,37.801173,-122.27494,http://districtoak.com/index.php,http://www.berkeleyside.com/nosh,Restaurant,purple_stars
Parliament,811 Washington St.,Oakland,CA,37.801027,-122.275026,http://www.811parliament.com,http://www.berkeleyside.com/tag/parliament/,Lounge,grn_stars
Penelope,555 12th St.,Oakland,CA,37.803677,-122.275329,http://www.penelopeoakland.com,http://www.berkeleyside.com/nosh,Cocktails,blu_stars
Bella Ultra Lounge,561 11th St.,Oakland,CA,37.803167,-122.275349,http://www.yelp.com/biz/bella-ultra-lounge-oakland,http://www.berkeleyside.com/nosh,Lounge,grn_stars
Bocanova,55 Webster St.,Oakland,CA,37.79438,-122.275407,http://www.bocanova.com,http://www.berkeleyside.com/tag/bocanova/,Restaurant,purple_stars
Dragon Gate Bar and Grill,300 Broadway,Oakland,CA,37.796791,-122.275507,http://www.dragongatebarandgrill.com,http://www.berkeleyside.com/nosh,Restaurant,purple_stars
Merchant's Saloon,401 2nd St.,Oakland,CA,37.795504,-122.275573,http://www.merchants-saloon.com,http://www.berkeleyside.com/nosh,Dive Bar,wht_stars
The Night Light,311 Broadway,Oakland,CA,37.797163,-122.275991,http://www.thenightlightoakland.com,http://www.berkeleyside.com/nosh,Bar,ltblu_stars
Beer Revolution,464 3rd St.,Oakland,CA,37.797175,-122.276209,http://beer-revolution.com/,http://www.berkeleyside.com/tag/beer-revolution/,Craft Beer,orange_stars
plank,98 Broadway,Oakland,CA,37.794866,-122.276299,http://plankoakland.com,http://www.berkeleyside.com/tag/plank-oakland/,Craft Beer,orange_stars
Wally's Corner,1600 Webster St.,Alameda,CA,37.77536,-122.276429,https://www.facebook.com/Wallys-Corner-250275911775900/,http://www.berkeleyside.com/nosh,Dive Bar,wht_stars
The Annex,468 3rd St.,Oakland,CA,37.797192,-122.27643,http://theannexrocks.com,http://www.berkeleyside.com/nosh,Craft Beer,orange_stars
Island Paradise Club,1436 Webster St.,Alameda,CA,37.772562,-122.276554,http://www.islandparadiseclub.com,http://www.berkeleyside.com/nosh,Lounge,grn_stars
1400 Bar and Grill,1400 Webster St.,Alameda,CA,37.771577,-122.276633,http://www.1400barandgrill.com,http://www.berkeleyside.com/nosh,Restaurant,purple_stars
Shamrock Irish Pub,1403 Webster St.,Alameda,CA,37.771722,-122.276849,http://www.yelp.com/biz/shamrock-irish-pub-alameda,http://www.berkeleyside.com/nosh,Bar,ltblu_stars
Overland Country Bar and Grill,101 Broadway,Oakland,CA,37.795664,-122.276989,http://www.overlandoakland.com/,http://www.berkeleyside.com/tag/overland/,Restaurant,purple_stars
Fireside Lounge,1453 Webster St.,Alameda,CA,37.772978,-122.277041,http://www.thefiresidelounge.com,http://www.berkeleyside.com/nosh,Craft Beer,orange_stars
Steel Rail Public House,439 Water St.,Oakland,CA,37.794808,-122.277345,http://www.steel-rail.com,http://www.berkeleyside.com/tag/steel-rail-public-house/,Craft Beer,orange_stars
Propaganda,4000 Adeline St.,Emeryville,CA,37.831635,-122.277679,http://www.ppganda.com,http://www.berkeleyside.com/tag/propoganda/,Craft Beer,orange_stars
Yoshi's Oakland,510 Embarcadero W,Oakland,CA,37.796513,-122.278705,http://www.yoshis.com,http://www.berkeleyside.com/tag/yoshis/,Restaurant,purple_stars
BevMo,525 Embarcadero W,Oakland,CA,37.795988,-122.279007,http://www.bevmo.com,http://www.berkeleyside.com/nosh,Bottle shop,ylw_stars
Rosenblum Cellars,10 Clay St.,Oakland,CA,37.795317,-122.27911,https://www.rosenblumcellars.com,http://www.berkeleyside.com/tag/rosenblum-cellars/,Wine,pink_stars
Lanesplitter Pizza & Pub,3645 San Pablo Ave.,Emeryville,CA,37.828116,-122.279152,https://lanesplitterpizza.com,http://www.berkeleyside.com/tag/lanesplitter-pizza/,Craft Beer,orange_stars
Bank Club,3900 San Pablo Ave.,Emeryville,CA,37.830123,-122.279292,http://www.yelp.com/biz/bank-club-emeryville,http://www.berkeleyside.com/tag/bank-club/,Dive Bar,wht_stars
Urban Legend Cellars,621 4th St.,Oakland,CA,37.798903,-122.279623,https://www.ulcellars.com,http://www.berkeleyside.com/tag/urban-legend-cellars/,Wine,pink_stars
Wolfhound,5516 San Pablo Ave.,Oakland,CA,37.838631,-122.282239,https://www.facebook.com/wolfhoundCA94608/,http://www.berkeleyside.com/tag/wolfhound-bar/,Bar,ltblu_stars
Novel Brewing,6510 San Pablo Ave.,Oakland,CA,37.848443,-122.28511,http://www.novelbrewing.com,http://www.berkeleyside.com/tag/novel-brewing-company/,Craft Beer,orange_stars
Rudy's Can't Fail Cafe,4081 Hollis St.,Emeryville,CA,37.83096,-122.285983,http://iamrudy.com,http://www.berkeleyside.com/tag/rudys-cant-fail-cafe/,Restaurant,purple_stars
Campovida,103 Linden St.,Oakland,CA,37.799556,-122.28741,http://www.campovida.com,http://www.berkeleyside.com/tag/campovida/,Wine,pink_stars
Pier 29,1148 Ballena Blvd.,Alameda,CA,37.766843,-122.28765,http://www.pier29restaurant.com,http://www.berkeleyside.com/nosh,Restaurant,purple_stars
JK Brickhouse,360 Adeline St.,Oakland,CA,37.802058,-122.288459,https://www.facebook.com/Jks-Brickhouse-100864406625197/,http://www.berkeleyside.com/nosh,Dive Bar,wht_stars
The Broken Rack,5768 Peladeau St.,Emeryville,CA,37.838703,-122.289581,http://www.thebrokenrack.com,http://www.berkeleyside.com/nosh,Bar,ltblu_stars
Honor Kitchen and Cocktails,1411 Powell St.,Emeryville,CA,37.839236,-122.289702,http://www.honoremeryville.com/#the-dude-abides,http://www.berkeleyside.com/tag/honor-bar-kitchen/,Restaurant,purple_stars
Branch Line,5885 Hollis St.,Emeryville,CA,37.840591,-122.289876,http://www.branchlinebar.com,http://www.berkeleyside.com/tag/branch-line/,Cocktails,blu_stars
Prizefighter,6702 Hollis St.,Emeryville,CA,37.849157,-122.292095,http://prizefighterbar.com/,http://www.berkeleyside.com/tag/prizefighter/,Cocktails,blu_stars
BevMo,5717 Christie Ave.,Emeryville,CA,37.836016,-122.294794,http://www.bevmo.com,http://www.berkeleyside.com/nosh,Bottle shop,ylw_stars
Mel-O-Dee Lounge,240 El Cerrito Plz.,El Cerrito,CA,37.899118,-122.299038,http://www.melodeelounge.com,http://www.berkeleyside.com/nosh,Dive Bar,wht_stars
Blue Moon Saloon,9937 San Pablo Ave.,El Cerrito,CA,37.899405,-122.302306,http://www.yelp.com/biz/blue-moon-saloon-el-cerrito,http://www.berkeleyside.com/nosh,Dive Bar,wht_stars
Scene Wine Bar,10070 San Pablo Ave.,El Cerrito,CA,37.901888,-122.302773,http://www.rialtocinemas.com/index.php?location=cerrito&page=scene,http://www.berkeleyside.com/nosh,Wine,pink_stars
Elevation 66 Brewing Company,10082 San Pablo Ave.,El Cerrito,CA,37.902061,-122.302939,http://www.elevation66.com,http://www.berkeleyside.com/tag/elevation-66-brewing-company/,Craft Beer,orange_stars
Barney McBears,10458 San Pablo Ave.,El Cerrito,CA,37.908897,-122.306585,http://www.barneymcbears.com/home.html,http://www.berkeleyside.com/nosh,Craft Beer,orange_stars
Trader Vic's,9 Anchor Dr.,Emeryville,CA,37.8381,-122.307836,http://tradervicsemeryville.com,http://www.berkeleyside.com/tag/trader-vics/,Cocktails,blu_stars
Faction Brewing,2501 Monarch St.,Alameda,CA,37.78646,-122.308325,http://factionbrewing.com/,http://www.berkeleyside.com/tag/faction-brewing/,Craft Beer,orange_stars
Rock Wall Wine Company,2301 Monarch St.,Alameda,CA,37.783589,-122.308793,http://www.rockwallwines.com,http://www.berkeleyside.com/tag/rock-wall-wine-company/,Wine,pink_stars
St. George Spirits,2601 Monarch St.,Alameda,CA,37.787542,-122.309438,http://www.stgeorgespirits.com,http://www.berkeleyside.com/tag/st-george-spirits/,Cocktails,blu_stars
Little Hill Lounge,10753 San Pablo Ave.,El Cerrito,CA,37.912956,-122.310106,http://littlehilllounge.com/index.html,http://www.berkeleyside.com/tag/little-hill-lounge/,Dive Bar,wht_stars
Woods Island Club,422 Clipper Cove Way,Treasure Island,CA,37.817952,-122.367001,http://www.woodsbeer.com/islandclub/,http://www.berkeleyside.com/tag/woods-island-club/,Craft Beer,orange_stars
Spats,1974 Shattuck Ave.,Berkeley,CA,37.872615,-122.268786,http://www.spatsberkeley.com,http://www.berkeleyside.com/tag/spats/,Bar,ltblu_stars
Pappy's Grill and Sports Bar,2367 Telegraph Ave.,Berkeley,CA,37.867517,-122.258744,http://www.pappysontelegraph.com/,http://www.berkeleyside.com/tag/pappys-grill/,Bar,ltblu_stars
Kip's Berkeley,2439 Durant Ave.,Berkeley,CA,37.868077,-122.259626,,http://www.berkeleyside.com/tag/kips-bar/,Bar,ltblu_stars
Fort Green,736 Washington St.,Oakland,CA,37.800418,-122.274876,https://www.facebook.com/fortgreenbar/,http://www.berkeleyside.com/tag/fort-green/,Bar,ltblu_stars
Free House,2700 Bancroft Way,Berkeley,CA,37.868961,-122.254269,http://berkeleyfreehouse.com,http://www.berkeleyside.com/tag/freehouse/,Restaurant,purple_stars
Skates on the Bay,100 Seawall Dr.,Berkeley,CA,37.863722,-122.318045,http://skatesonthebay.com,http://www.berkeleyside.com/tag/skates-on-the-bay/,Restaurant,purple_stars
The Golden Squirrel,5940 College Ave.,Oakland,CA,37.847977,-122.251837,http://www.goldensquirrelpub.com,http://www.berkeleyside.com/tag/the-golden-squirrel/,Restaurant,purple_stars
Minimo,420 3rd St.,Oakland,CA,37.796707,-122.27511,http://minimowine.com,http://www.berkeleyside.com/tag/minimo/,Wine,pink_stars
Pacific Standard Taproom & Growler Station,2055 Center St.,Berkeley,CA,37.870324,-122.269229,http://pacificstandardtaproom.com,http://www.berkeleyside.com/tag/pacific-standard/,Craft Beer,orange_stars
