{
  "licenseType": "Unknown",
  "dc:description": "Email us at nosh@berkeleyside.com if we missed a spot or got something wrong. This map is a work in progress.",
  "exportable": true,
  "dc:title": "The NOSH Guide to Drinking",
  "attribution": "Berkeleyside NOSH",
  "attributionLink": "http://www.berkeleyside.com/nosh/",
  "dc:modified": "2017-01-13T18:28:30Z",
  "dc:identifier": "1ZMMmtIpcvE3T1pjbvmzcYPdNU5_vJtXvN2pBRgQ",
  "tableSchema": {"columns": [
    {
      "datatype": "string",
      "name": "col0",
      "validateData": false,
      "title": "Name"
    },
    {
      "datatype": "string",
      "name": "col1",
      "validateData": false,
      "title": "Address"
    },
    {
      "datatype": "location",
      "name": "col2",
      "validateData": false,
      "title": "City"
    },
    {
      "datatype": "string",
      "name": "col3",
      "validateData": false,
      "title": "State"
    },
    {
      "datatype": "location",
      "name": "col4",
      "validateData": false,
      "title": "latitude",
      "latitudeLongitudeColumns": {
        "latitudeColumn": "col4",
        "longitudeColumn": "col5"
      }
    },
    {
      "datatype": "double",
      "name": "col5",
      "validateData": false,
      "title": "longitude",
      "latitudeLongitudeColumns": {
        "latitudeColumn": "col4",
        "longitudeColumn": "col5"
      }
    },
    {
      "datatype": "string",
      "formatPattern": "<a href='%1$s'>%1$s<\/a>",
      "name": "col6",
      "validateData": false,
      "title": "Website"
    },
    {
      "datatype": "string",
      "formatPattern": "<a href='%1$s'>%1$s<\/a>",
      "name": "col7",
      "validateData": false,
      "title": "Read more on Berkeleyside"
    },
    {
      "datatype": "string",
      "name": "col8",
      "validateData": false,
      "title": "Type"
    },
    {
      "datatype": "string",
      "name": "col9",
      "validateData": false,
      "title": "Icon name"
    },
    {
      "datatype": "string",
      "name": "col10",
      "validateData": false,
      "title": "Bucket"
    }
  ]}
}