{
  "licenseType": "Unknown",
  "dc:description": "Imported at Fri Sep 22 14:46:02 PDT 2017 from Sheet1.",
  "exportable": true,
  "dc:title": "Campus Obscura",
  "dc:modified": "2017-09-26T19:58:32Z",
  "dc:identifier": "1xQjzz6GDpLi_UuLy__hcjs5BjemmhuW94Zt-dVNa",
  "tableSchema": {"columns": [
    {
      "datatype": "string",
      "name": "col0",
      "validateData": false,
      "title": "Title"
    },
    {
      "datatype": "string",
      "name": "col1",
      "validateData": false,
      "title": "Description"
    },
    {
      "datatype": "location",
      "name": "col2",
      "validateData": false,
      "title": "Location (lat/long)"
    },
    {
      "datatype": "string",
      "formatPattern": "<img src='%s' height='60'/>",
      "name": "col3",
      "validateData": false,
      "title": "Image URL (old)"
    },
    {
      "datatype": "string",
      "formatPattern": "<img src='%s' height='60'/>",
      "name": "col4",
      "validateData": false,
      "title": "Image URL (new)"
    },
    {
      "datatype": "string",
      "formatPattern": "<a href='%1$s'>%1$s<\/a>",
      "name": "col5",
      "validateData": false,
      "title": "Link (for blog)"
    }
  ]}
}