Title,Description,Location (lat/long),Image URL (old),Image URL (new),Link (for blog)
Memorial Gym Gargoyles,An exploration of the gargoyles that adorn the Memorial Gym.,"46.726536, -117.014118",https://allforaclass.files.wordpress.com/2017/09/up-close-gargoyles.jpg,https://allforaclass.files.wordpress.com/2017/09/snipped-garg.png,https://allforaclass.wordpress.com/2017/09/21/the-gothic-oddity/
A Lost and Fading Relic,"The plaque marking the old entrance to the library, on the east-facing exterior wall of the library building.","46.7272565, -117.0136756",https://thoughtsofahumanist.files.wordpress.com/2017/09/library_university_of_idaho_entrance_plaque_12280.jpg,https://thoughtsofahumanist.files.wordpress.com/2017/09/imag0789.jpg?w=1024&h=576,https://thoughtsofahumanist.wordpress.com/2017/09/22/a-lost-and-fading-relic-2/
Library Tower,Clock tower that was added to  university library in 1992 remodel.,"46.7274, -117.014217 ",https://blogpost678.files.wordpress.com/2017/09/old-library.jpg,https://blogpost678.files.wordpress.com/2017/09/img_01541.jpg?w=676,https://blogpost678.wordpress.com/2017/09/18/gallery/
Robert Morton Theater Pipe Organ,"A 1920's theater organ located in UI's auditorium, donated by Milburn Kenworthy in 1936","46.725965, -117.011516",https://snwidaho.files.wordpress.com/2017/09/ui_console-s.jpg,https://snwidaho.files.wordpress.com/2017/09/img_5087.jpg?w=381&h=286,https://snwidaho.wordpress.com/2017/09/20/robert-morton-theater-pipe-organ/
The Ed,Ed has been in the campus for a long time. Want to know more about what the Ed experienced?,"46.726029, -117.012529",https://digdigitalhistory.files.wordpress.com/2017/09/bell-of-doe-1.jpg?w=300&h=300,https://digdigitalhistory.files.wordpress.com/2017/09/img_20170922_090930.jpg?w=768,https://digdigitalhistory.wordpress.com/2017/09/16/the-ed/
The Old Soldier,The story of the heroes of the Spanish American War from the University of Idaho.,"46.726564, -117.009488",https://eversdigitalhistory.files.wordpress.com/2017/09/old-pic.jpg?w=300&h=270,https://eversdigitalhistory.files.wordpress.com/2017/09/img_6100.jpg?w=242&h=323,https://eversdigitalhistory.wordpress.com/2017/09/18/the-old-soldier-second-draft/
Kibbie Dome,The Home of the Vandals.,"46.726312, -117.017652",https://cheyennaleigh.files.wordpress.com/2017/09/kibbie-8.jpg?w=633,https://cheyennaleigh.files.wordpress.com/2017/09/1200px-kibbiedome.jpg?w=680,https://cheyennaleigh.wordpress.com/2017/09/20/putting-the-dome-in-kibbie-dome/
"""I"" Bench","Letter ""I"" shaped cement bench that sits to the right of the Administration Building clock tower.","46.725776, -117.010481","https://alwaysanchoredweb.files.wordpress.com/2017/09/fullsizerender-8.jpg?w=1352
",https://alwaysanchoredweb.files.wordpress.com/2017/09/img_3102.jpg?w=1352,https://alwaysanchoredweb.wordpress.com/2017/09/22/prime-seating-i-bench/
Attic Club,"Club that was part of the Art and Architecture Department from 1936-1966. Centered around art and architecture projects, often did fundraising events to sponsor a scholarship for the Art and Architecture students.","46.726584, -117.012488",https://autreyhistory.files.wordpress.com/2017/09/attic-club-page_cropped.png?w=577&h=519,"https://autreyhistory.files.wordpress.com/2017/09/img_20170906_083307.jpg?w=587&h=450
",https://autreyhistory.wordpress.com/2017/09/22/attic-club-artsy-and-important/
Smoke Stacks,The three steam and smoke stacks the Univerity of Idaho Power Plant uses,"46.7302290, -117.0116540",https://i2.wp.com/digitalhistorynerd42.files.wordpress.com/2017/09/power_plant_university_of_idaho_engineering_building_site_1602.jpg?ssl=1&w=450,https://digitalhistorynerd42.files.wordpress.com/2017/09/img_20170905_103916046.jpg?w=84,https://digitalhistorynerd42.wordpress.com/2017/09/18/the-unassuming-smoke-stack-a-tale-of-powers-impact-on-daily-life/
