{
  "licenseType": "Creative Commons",
  "dc:description": "Centrales hidroeléctricas en operación y proyectos en la región del Bio-Bio",
  "exportable": true,
  "dc:title": "CENTRALES HIDROELÉCTRICAS EN LA REGIÓN DEL BIO-BIO",
  "dc:modified": "2018-02-28T16:23:40Z",
  "dc:identifier": "15o9lIycnf4_d2wIrMbXAygy7H3aL43_tPAWZpCtj",
  "tableSchema": {"columns": [
    {
      "dc:description": "Nombre de la central operativa o del proyecto",
      "datatype": "string",
      "name": "col0",
      "validateData": false,
      "title": "Nombre"
    },
    {
      "dc:description": "Empresas propietarias de las centrales y/o filiales titulares de proyectos",
      "datatype": "string",
      "name": "col1",
      "validateData": false,
      "title": "Propiedad"
    },
    {
      "datatype": "double",
      "name": "col2",
      "validateData": false,
      "title": "Tipo",
      "validValues": "Convencional (Embalse), No convencional (De pasada)\n"
    },
    {
      "datatype": "double",
      "name": "col3",
      "validateData": false,
      "title": "Capacidad (MW)"
    },
    {
      "dc:description": "CAL = En calificación. AP = Con RCA aprobada. CON = En Construcción. OP = En operación. RCA REV = RCA revocada. PRU = En pruebas.",
      "datatype": "string",
      "name": "col4",
      "validateData": false,
      "title": "Estado",
      "validValues": "OP, AP, PRU, CAL, DES, CONS, NO CALIFICADO, NO INFORMADO, NO ADMITIDO A TRAMITACIÓN, "
    },
    {
      "datatype": "double",
      "name": "col5",
      "validateData": false,
      "title": "Puesta en marcha"
    },
    {
      "datatype": "string",
      "name": "col6",
      "validateData": false,
      "title": "Provincia"
    },
    {
      "datatype": "string",
      "name": "col7",
      "validateData": false,
      "title": "Comuna"
    },
    {
      "datatype": "double",
      "name": "col8",
      "validateData": false,
      "title": "Unidades"
    },
    {
      "dc:description": "TIPO:  Convencional = Con embalses, o con operación de punta. No convencional = De pasada o sin operación de punta",
      "datatype": "double",
      "name": "col9",
      "validateData": false,
      "title": "Tipo",
      "validValues": "Convencional (Embalses), No convencional (De pasada)\n"
    },
    {
      "datatype": "location",
      "name": "col10",
      "validateData": false,
      "title": "Localización"
    },
    {
      "datatype": "double",
      "name": "col11",
      "validateData": false,
      "title": "Inversión (Millones de dólares)"
    },
    {
      "datatype": "string",
      "name": "col12",
      "validateData": false,
      "title": "Cuenca hidrográfica"
    },
    {
      "datatype": "string",
      "formatPattern": "<img src='%s' height='15'/>",
      "name": "col13",
      "validateData": false,
      "title": "Imagen referencial"
    },
    {
      "dc:description": "1. Rojo (desistidas,no calificado)\n2. Amarillo (en calificación)\n3. Verde (construcción, prueba, operación)",
      "datatype": "double",
      "name": "col14",
      "validateData": true,
      "title": "Estado actual",
      "validValues": "1, 2, 3"
    },
    {
      "datatype": "string",
      "name": "col15",
      "validateData": false,
      "title": "Estado actual 1",
      "validValues": "En calificación, Aprobado, En operación,  En pruebas, En construcción, No calificado, Desistido, No admitido a tramitación"
    }
  ]}
}