Nombre,Propiedad,Tipo,Capacidad (MW),Estado,Estado actual 1,Estado actual,Puesta en marcha,Provincia,Comuna,Unidades,Localización,Inversión (Millones de dólares),Cuenca hidrográfica
,,,,,,,,,,,,,
Regularización grupos eléctrogenos central Cañete.,Empresa eléctrica de La Frontera,No convencional,5.67,AP,,,,,,,,,
Don Enrique,Aaktei Energía SpA,No convencional,NO INFORMADO,NO INFORMADO,,,,,,,,,
San Miguel,Duke Energy International Duqueco SpA,No convencional,48,NO INFORMADO,,,,,,,,,
Dañicalqui 3,Hidroeléctrica Dañicalqui Spa -Aresol,No convencional (De pasada),1.7,NO INFORMADO,,,,,,,,,
Los Cuartos,Colbún S.A.,Convencional (Embalse),88,NO INFORMADO,,,,,,,,,
Renaico,Mainco S.A.,No convencional (De pasada),6.3,OP,,,,,,,,,
El Rescate,Guido Rietta,No convencional (De pasada),3,CONS,,,,,,,,,
Trilaleo 2,Hidro Trilaleo S.A.,No convencional (De pasada),2.2,AP,,,,,,,,,
Trilaleo 3,Hidro Trilaleo S.A.,No convencional (De pasada),2.4,AP,,,,,,,,,
Canal Bio Bio Sur,NO INFORMADO,No convencional (De pasada),7.1,AP,,,,,,,,,
Licura,NO INFORMADO,No convencional (De pasada),0.4,AP,,,,,,,,,
Regularización grupos eléctrogenos central Cañete.,Empresa eléctrica de La Frontera,No convencional (De pasada),5.67,AP,,,,,,,,,
Proyecto Central Hidroeléctrica Perquilauquén,Empresa Eléctrica Perquilauquén SpA,No convencional (De pasada),17,AP,Aprobado,3,,Linares,Parral,,"<Point><coordinates>-71.524568,-36.408548,0.0</coordinates></Point>",48.000.000,
Proyecto Central Hidroeléctrica Diuto II,Asociación de Canalistas del Laja y la Sociedad Minicentral Hidroeléctrica Diuto S. A.,No convencional (De pasada),3.8,CAL,En calificación,2,,Bio-Bio,Los Ángeles,,"<Point><coordinates>-72.121528,-37.407251,0.0</coordinates></Point>",,
Central Hidroeléctrica PMGD Mulchén,Central hidroeléctrica río Mulchén,No convencional (De pasada),3,OP,En operación,3,,Bio-Bio,Mulchén,,"<Point><coordinates>-72.156441,-37.851534,0.0</coordinates></Point>",,
Central Hidroeléctrica Pangue,Endesa – Enel,Convencional (Embalse),467,OP,En operación,3,1996,Bio-Bio,Alto Bio-Bio,2,"<Point><coordinates>-71.612864,-37.910213,0.0</coordinates></Point>",,
Central Hidroeléctrica Quillaileo,EBCO Energía,No convencional (De pasada),0.8,OP,En operación,3,2014,Bio-Bio,Santa Bárbara,1,"<Point><coordinates>-71.808219,-37.693006,0.0</coordinates></Point>",,
Central Hidroeléctrica Bureo,PMGD Bio-Bio Negrete S.A.,No convencional (De pasada),2.2,OP,En operación,3,2015,Bio-Bio,Mulchén,,"<Point><coordinates>-72.479141,-37.594157,0.0</coordinates></Point>",,
Central Hidroeléctrica Munilque 2,Asociación de Canalistas del Canal Bio Bio Negrete.,No convencional (De pasada),0.6,PRU,En pruebas,3,,Bio-Bio,Mulchén,,"<Point><coordinates>-72.431025,-37.572325,0.0</coordinates></Point>",,
Central Hidroeléctrica Munilque 1,Asociación de Canalistas del Canal Bio Bio Negrete.,No convencional (De pasada),0.6,PRU,En pruebas,3,,Bio-Bio,Mulchén,,"<Point><coordinates>-72.427581,-37.575531,0.0</coordinates></Point>",,
Central Hidroeléctrica Itata,Electrica Puntilla S.A.,Convencional (Embalse),20,PRU,En pruebas,3,,Ñuble,Yungay,,"<Point><coordinates>-72.17988,-37.049572,0.0</coordinates></Point>",,
Proyecto Central Hidroeléctrica Baquedano,Energía Baquedano SpA,No convencional (De pasada),17.94,AP,Aprobado,3,,Ñuble,Yungay,,"<Point><coordinates>-71.762876,-37.115999,0.0</coordinates></Point>",,
Proyecto Central Hidroeléctrica Cayucupil,RPI Chile Energías Renovables- RP Global,No convencional (De pasada),6,AP,Aprobado,3,,Arauco,Cañete,,"<Point><coordinates>-73.183553,-37.762108,0.0</coordinates></Point>",,
Proyecto Central Hidroeléctrica El Pinar,Aaktei Energía SpA,No convencional (De pasada),11.5,AP,Aprobado,3,,Ñuble,Yungay,,"<Point><coordinates>-71.585523,-37.125609,0.0</coordinates></Point>",,
Proyecto Central Hidroeléctrica Quilaco,Mainco S.A.,No convencional (De pasada),12,AP,Aprobado,3,,Bio-Bio,Quilaco,,"<Point><coordinates>-72.038027,-37.68616,0.0</coordinates></Point>",,
Proyecto Central Hidroeléctrica Trupan,Asociación de Canalistas del Canal Zañartu,No convencional (De pasada),36,AP,Aprobado,3,,Bio-Bio,Tucapel,,"<Point><coordinates>-71.832706,-37.262342,0.0</coordinates></Point>",,
Proyecto Central Hidroeléctrica Boquiamargo,Eléctrica San Miguel,No convencional (De pasada),1.1,AP,Aprobado,3,2014,Bio-Bio,Alto Bio Bio,,"<Point><coordinates>-71.614581,-37.868947,0.0</coordinates></Point>",,
Central Hidroeléctrica Rucúe,Colbún S.A.,Convencional (Embalse),178.4,OP,En operación,3,1998,Bio-Bio,Antuco,2,"<Point><coordinates>-71.865425,-37.360692,0.0</coordinates></Point>",182,Río Laja
Central Hidroeléctrica Quilleco,Colbún S.A.,Convencional (Embalse),70.8,OP,En operación,3,2007,Bio-Bio,Quilleco,2,"<Point><coordinates>-71.96822,-37.305704,0.0</coordinates></Point>","79,6000",Río Laja
Central Hidroeléctrica El Toro,Endesa – Enel,Convencional (Embalse),450,OP,En operación,3,1973,Bio-Bio,Antuco,4,"<Point><coordinates>-71.452673,-37.275027,0.0</coordinates></Point>",,Río Laja
Central Hidroeléctrica Laja 1,Eólica Monte Redondo (GDF Suez-Engie E-CL),Convencional (Embalse),34.4,OP,En operación,3,2015,Bio-Bio,Laja,2,"<Point><coordinates>-72.53058,-37.244283,0.0</coordinates></Point>","25,000,0000",Río Laja
Proyecto Central Hidroeléctrica Aguas Calientes,Hydrochile S.A,No convencional (De pasada),24,DES,Desistido,1,,Ñuble,Pinto,,"<Point><coordinates>-71.426243,-36.952447,0.0</coordinates></Point>","80,000,000",Río Diguillín
Proyecto Central Hidroeléctrica Río Chillán,Sociedad Hidroelétrica Río Chillán Spa,No convencional (De pasada),5.3,NO CALIFICADO,No calificado,1,,Ñuble,Pinto,,"<Point><coordinates>-71.618846,-36.825198,0.0</coordinates></Point>","20,000,000",Río Chillán
Proyecto Central Hidroeléctrica Central Radales,Aaktei Energía SpA,No convencional (De pasada),15.1,CAL,En calificación,2,,Ñuble,Pinto,,"<Point><coordinates>-71.377231,-36.911035,0.0</coordinates></Point>","39,9800",Río Diguillín
Proyecto Central Hidroeléctrica Central Huequecura,Compañía Eléctrica Los Morros S. A. - Carenpa,No convencional (De pasada),3.3,NO ADMITIDO A TRAMITACIÓN,No admitido a tramitación,1,,Bio-Bio,Santa Bárbara,,"<Point><coordinates>-71.704517,-37.666187,0.0</coordinates></Point>","9,6500",Río Huequecura
Central Hidroeléctrica  Alto Renaico,Mainco S.A.,No convencional (De pasada),1.5,PRU,En pruebas,3,,Malleco,Renaico,,"<Point><coordinates>-72.417954,-37.799124,0.0</coordinates></Point>","5,0880 ",canal Biobío Sur
Central Hidroeléctrica El Diuto,Hidroeléctrica El Diuto,No convencional (De pasada),3.3,OP,En operación,3,2011,Bio-Bio,Los Ángeles,,"<Point><coordinates>-72.08176,-37.422872,0.0</coordinates></Point>","6,5000", canal de riego El Diuto 
Proyecto Central Hidroeléctrica Rucalhue,Atiaia Energía Chile SpA,Convencional (Embalse),90,CAL,En calificación,2,,Bio-Bio,Santa Bárbara,,"<Point><coordinates>-71.899178,-37.716199,0.0</coordinates></Point>","240,0000",confluencia de los ríos Biobío y Quilme
Proyecto Central Hidroeléctrica Elicura (Hidrowatt Gustavito),"Jose Maria Grugues Ortuño, Grupo Impulso",No convencional (De pasada),2.1,AP,Aprobado,3,,Arauco,Contulmo,,"<Point><coordinates>-73.177189,-37.888431,0.0</coordinates></Point>",,"Río Elicura, estero Provoque"
Proyecto Central Hidroeléctrica PMGD Blanco,Aaktei Energía SpA,No convencional (De pasada),2.4,AP,Aprobado,3,,Bio-Bio,Alto Bio Bio,,"<Point><coordinates>-71.515791,-37.746352,0.0</coordinates></Point>",,Río Queuco
Proyecto Central Hidroeléctrica Frontera,Aaktei Energía SpA,Convencional (Embalse),109.3,AP,Aprobado,3,,Bio-Bio,Los Ángeles - Mulchén,,"<Point><coordinates>-72.31848,-37.598647,0.0</coordinates></Point>","300,000,000",Río Bio-Bio
Proyecto Central Hidroeléctrica Punilla,MOP – Astaldi,Convencional (Embalse),94,AP,Aprobado,3,,Ñuble,San Fabián,,"<Point><coordinates>-71.320888,-36.664106,0.0</coordinates></Point>","149,8000",Río Ñuble
Proyecto Central Hidroeléctrica Nancagua,Asociación de canalistas del Laja,No convencional (De pasada),0.8,AP,Aprobado,3,,Bio-Bio,Quilleco,,"<Point><coordinates>-72.050468,-37.442371,0.0</coordinates></Point>","4,6600 ",Estero Diuto y Estero Nancagua
Central Hidroeléctrica Palmucho,Endesa – Enel,No convencional (De pasada),32,OP,En operación,3,2007,Bio-Bio,Alto Bio Bio,,"<Point><coordinates>-71.476293,-38.044829,0.0</coordinates></Point>","33,0000",
Proyecto Central Hidroeléctrica Quitralman 1,JC Hidro Spa,No convencional (De pasada),0.8,AP,Aprobado,3,,Bio-Bio,Mulchén,,"<Point><coordinates>-72.2199052182373,-37.65352235379184,0</coordinates></Point> 	",5.755.000,"derivado Licura –Munilque del canal de riego Biobío Sur,"
Proyecto Central Hidroeléctrica Quitralman 2,JC Hidro Spa,No convencional (De pasada),0.4,AP,Aprobado,3,,Bio-Bio,Mulchén,,"<Point><coordinates>-72.21845689664488,-37.65437106351801,0</coordinates></Point> 	",5.755.000,derivado Licura –Munilque del canal de riego Biobío Sur
Central Hidroeléctrica Los Padres,Los Padres Hidro S.A.,No convencional (De pasada),2.2,OP,En operación,3,2014,Bio-Bio,Quilleco,,"<Point><coordinates>-71.70795199773737,-37.52699700551948,0</coordinates></Point>",,
Proyecto Central Hidroeléctrica Molinos de Agua 1,Electro Austral Generación. Filial: Hidroeléctrica Molinos de Agua,No convencional (De pasada),15.5,AP,Aprobado,3,,Ñuble/Bio-Bio,Yungay/Tucapel,,"<Point><coordinates>-71.85158592190055,-37.16226308216664,0</coordinates></Point>","50,0000",
Proyecto Central Hidroeléctrica Molinos de Agua 2,Electro Austral Generación. Filial: Hidroeléctrica Molinos de Agua,No convencional (De pasada),4.1,AP,Aprobado,3,,Ñuble/Bio-Bio,Yungay/Tucapel,,"<Point><coordinates>-71.85016801604374,-37.16213697597374,0</coordinates></Point>","50,0000",
Central Hidroeléctrica Ralco,Endesa – Enel,Convencional (Embalse),690,OP,En operación,3,2004,Bio-Bio,Alto Bio Bio,2,"<Point><coordinates>-71.5176821069563,-37.99832127143052,0</coordinates></Point>","470,0000",Río Bio-Bio
Central Hidroeléctrica Ñuble ,Eléctrica Puntilla S.A.,No convencional (De pasada),136,CONS,En construcción,3,,Ñuble,San Fabián,,"<Point><coordinates>-71.3974092870303,-36.65136024122664,0</coordinates></Point>",140.000.000,
Río Picoiquén,Hidroangol S.A. ,No convencional (De pasada),"19,6",OP,En operación,3,2015,Malleco,Angol,2,"<Point><coordinates>-72.753903,-37.815175,0.0</coordinates></Point>",,
Central Hidroeléctrica Antuco,Endesa – Enel,Convencional (Embalse),320,OP,En operación,3,1981,Bio-Bio,Antuco,2,"<Point><coordinates>-71.627259,-37.310194,0.0</coordinates></Point>",,
Central Hidroeléctrica Abanico,Endesa – Enel,Convencional (Embalse),136,OP,En operación,3,1948,Bio-Bio,Antuco,6,"<Point><coordinates>-71.489803,-37.3643,0.0</coordinates></Point>",,
Central Hidroeléctrica Angostura,Colbún S.A.,Convencional (Embalse),323.8,OP,En operación,3,2014,Bio-Bio,Santa Bárbara,3,"<Point><coordinates>-71.81721,-37.712131,0.0</coordinates></Point>",,
Proyecto Central Hidroeléctrica Aillín,Hidroeléctrica Las Juntas S.A. - HLT Energía,No convencional (De pasada),7,AP,Aprobado,3,,Bio-Bio,Quilleco-Santa Bárbara,1,"71°25'47.00""W  37°34'6.45""S","43,0000",Aillín y Duqueco
Proyecto Central Hidroeléctrica Caliboro,Asociación de canalistas del Laja,No convencional (De pasada),1.3,CONS,En construcción,3,,Bio-Bio,Quilleco,,"<Point><coordinates>-72.0423,-37.316012,0.0</coordinates></Point>","4,8100","Canal Matriz de la Asociación de Canalistas del Laja, derivadas del río Laja"
Melo,Asociación de Canalistas del Laja - capitales chileno-españoles,No convencional (De pasada),2.8,CONS,En construcción,3,,,,,,,
Proyecto Central Hidroeléctrica Santa Isabel,Asociación de canalistas del Laja,No convencional (De pasada),1.4,CONS,En construcción,3,,Bio-Bio,Los Ángeles,,"<Point><coordinates>-72.295605,-37.434729,0.0</coordinates></Point>","4,6790",Canal Rarinco-Quilque
Central Hidroeléctrica Peuchén,I Squared Capital (Anteriormente Duke Energy) ,Convencional (Embalse),85,OP,En operación,3,,Bio-Bio,Quilleco,2,"<Point><coordinates>-71.596336,-37.540747,0.0</coordinates></Point>",,
Central Hidroeléctrica Mampil,I Squared Capital (anteriormente Duke Energy - IBENER S.A),Convencional (Embalse),55,OP,En operación,3,2000,Bio-Bio,Quilleco,,"<Point><coordinates>-71.706479,-37.535253,0.0</coordinates></Point>","162,0000 ",Río Duqueco
Central Hidroeléctrica Lleuquereo,Hidroeléctrica Lleuquereo S.A.,No convencional (De pasada),1.8,OP,En operación,3,2012,Bio-Bio,Quilleco,1,"<Point><coordinates>-71.52420308234238,-37.56709519249033,0</coordinates></Point>",,
Proyecto Central Hidroeléctrica Las Juntas,Hidroeléctrica Las Juntas S.A. HLT Energía,No convencional (De pasada),"6,6",AP,Aprobado,3,,Bio-Bio,Quilleco- Santa Bárbara,," 37°34'18.77""S  71°29'20.69""W","43,0000",Aillín y Duqueco
Proyecto Central Hidroeléctrica La Bifurcada,Hidro Munilque SpA - HLT Energía,No convencional (De pasada),0.3,CONS,En construcción,3,,Bio-Bio,Mulchén,,"<Point><coordinates>-72.18669803750633,-37.66441294211133,0</coordinates></Point>",,
Proyecto Central Hidroeléctrica La Viña,Hidro Munilque SpA - HLT Energía,No convencional (De pasada),0.5,CONS,En construcción,3,,Bio-Bio,Mulchén,,"<Point><coordinates>-72.19142307397627,-37.66351774068094,0</coordinates></Point>","3,6000 	",
Proyecto Central Hidroeléctrica El Brinco,Hidro Munilque SpA - HLT Energía,No convencional (De pasada),0.2,CONS,En construcción,3,,Bio-Bio,Mulchén,,"<Point><coordinates>-72.18820361404551,-37.66393890298516,0</coordinates></Point>","3,6000 ",
Proyecto Central Hidroeléctrica Alto La Viña,Hidro Munilque SpA - HLT Energía,No convencional (De pasada),0.2,CONS,En construcción,3,,Bio-Bio,Mulchén,,"<Point><coordinates>-72.18996530176265,-37.66352244215987,0</coordinates></Point>","3,6000 ",
Proyecto Central Hidroeléctrica Agua Viva,"Hidroeléctrica Agua Viva S.A, filial de Electroaustral Ldta",Convencional (Embalse),31,CAL,En calificación,3,,Malleco - Bio-Bio,Collipulli - Mulchén,,"<Point><coordinates>-71.770285,-38.034104,0.0</coordinates></Point>",,Río Renaico
Proyecto Central Hidroeléctrica Butamalal,RPI Chile Energías Renovables- RP Global,No convencional (De pasada),12,DES,Desistido,1,,Arauco,Cañete,,"<Point><coordinates>-73.218457,-37.83541,0.0</coordinates></Point>",,
Central Hidroeléctrica El Mirador (Ubicación aproximada) ,Killian Neumann,No convencional (De pasada),3,OP,En operación,3,,Bio-Bio,Alto Bio Bio,,"<Point><coordinates>-71.60963419035858,-37.89585945173994,0</coordinates></Point>",,
Proyecto Central Hidroeléctrica Halcones,Aaktei Energía SpA,No convencional (De pasada),12,AP,Aprobado,3,,Ñuble,Pinto,,"<Point><coordinates>-71.515689,-36.976505,0.0</coordinates></Point>","24,0000",Río Diguillín
Central Calabozo,Hidroeléctrica Calabozo S.A. ,No convencional (De pasada),7,CAL,En calificación,2,,Bio-Bio,Santa Bárbara,,"<Point><coordinates>-71.42366188044525,-37.50736140012646,0</coordinates></Point>",12,
