{
  "licenseType": "Unknown",
  "dc:description": "Є-data рейтинг міст України станом на 01.01.2018",
  "exportable": true,
  "dc:title": "01.01.2018 Є-data рейтинг міст України",
  "dc:modified": "2018-01-04T14:49:07Z",
  "dc:identifier": "1VdOKB9d7ojKQOKZ0ULQyti2lj3e90pzC9ywwJlmv",
  "tableSchema": {"columns": [
    {
      "datatype": "double",
      "name": "col0",
      "validateData": false,
      "title": "Місце в рейтингу станом на 01.01.2018"
    },
    {
      "datatype": "string",
      "name": "col1",
      "validateData": false,
      "title": "Місто"
    },
    {
      "datatype": "string",
      "name": "col2",
      "validateData": false,
      "title": "Регіон"
    },
    {
      "datatype": "double",
      "name": "col3",
      "validateData": false,
      "title": "Є-data рейтинг"
    },
    {
      "datatype": "double",
      "name": "col4",
      "validateData": false,
      "title": "Розпорядників в  реєстрі"
    },
    {
      "datatype": "double",
      "name": "col5",
      "validateData": false,
      "title": "Зареєстровано розпорядників"
    },
    {
      "datatype": "double",
      "name": "col6",
      "validateData": false,
      "title": "Рівень реєстрації"
    },
    {
      "datatype": "double",
      "name": "col7",
      "validateData": false,
      "title": "Внесено документів"
    },
    {
      "datatype": "double",
      "name": "col8",
      "validateData": false,
      "title": "Кабінети без інформації (не наповнені)"
    },
    {
      "datatype": "double",
      "name": "col9",
      "validateData": false,
      "title": "Відсоток наповнення"
    },
    {
      "datatype": "location",
      "name": "col10",
      "validateData": false,
      "title": "Адреса"
    },
    {
      "datatype": "double",
      "name": "col11",
      "validateData": false,
      "title": "PI"
    },
    {
      "datatype": "string",
      "name": "col12",
      "validateData": false,
      "title": "ADP"
    }
  ]}
}