{
  "licenseType": "Unknown",
  "exportable": true,
  "dc:title": "Le dynamisme démographique des départements français",
  "attribution": "Insee",
  "attributionLink": "www.insee.fr",
  "dc:modified": "2017-01-05T10:44:56Z",
  "dc:identifier": "1ZXkV_H4VYmvizl0NqYD_KveFfhEnXn5IwAZhVx0V",
  "tableSchema": {"columns": [
    {
      "datatype": "double",
      "name": "col0",
      "validateData": false,
      "title": "Code département"
    },
    {
      "datatype": "location",
      "name": "col1",
      "validateData": false,
      "title": "Nom du département"
    },
    {
      "datatype": "double",
      "name": "col2",
      "validateData": false,
      "title": "Population légale 2017"
    },
    {
      "datatype": "double",
      "name": "col3",
      "validateData": false,
      "title": "Population légale 2015"
    },
    {
      "datatype": "double",
      "name": "col4",
      "validateData": false,
      "title": "Population légale 2012"
    },
    {
      "datatype": "double",
      "name": "col5",
      "validateData": false,
      "title": "Evolution de la population en 5 ans"
    },
    {
      "datatype": "double",
      "name": "col6",
      "validateData": false,
      "title": "Variation de la population sur 5 ans en %"
    },
    {
      "datatype": "location",
      "name": "col7",
      "validateData": false,
      "title": "geometry"
    }
  ]}
}