{
  "licenseType": "Unknown",
  "dc:description": "Impported at Tue Sep 06 11:09:33 PDT 2016 from cc ITT tech list.xlsx.",
  "exportable": true,
  "dc:title": "Community Colleges near ITT Tech Schools",
  "dc:modified": "2016-09-08T20:45:51Z",
  "dc:identifier": "1aOHrF0Dok8rrrWFQVTzE4udFayiT74d2YDiaAfS-",
  "tableSchema": {"columns": [
    {
      "datatype": "location",
      "name": "col0",
      "validateData": false,
      "title": "Name"
    },
    {
      "datatype": "location",
      "name": "col1",
      "validateData": false,
      "title": "Address"
    }
  ]}
}