Name,Address
Owens Community College,"1656 Henthorne Drive, Suite B, Maumee, OH 43537"
Cincinnati State Technical and Community College,"4750 Wesley Avenue, Norwood, OH 45212"
Northeast State Community College,"4721 Lake Park Drive, Suite 100, Johnson City, TN 37615"
Pellissippi State Community College,"9123 Executive Park Drive, Knoxville, TN 37923"
Nashville State Community College,"2845 Elm Hill Pike, Nashville, TN 37214-3717"
Tarrant County College,"551 Ryan Plaza Drive, Arlington, TX 76011"
Austin Community College,"6330 Highway 290 East, Suite 150, Austin, TX 78723"
Cedar Valley College,"921 West Belt Line Road, Suite 181, DeSoto, TX 75115"
Lone Star College,"15651 North Freeway, Houston , TX 77090"
Cuyahoga Community College,"14955 Sprague Road, Strongsville, OH 44136"
Houston Community College,"2950 South Gessner, Houston, TX 77063-3751"
Cuyahoga Community College,"24865 Emery Road, Warrensville Heights, OH 44128"
Richland College,"2101 Waterview Parkway, Richardson, TX 75080"
Pennsylvania State University-Penn State Shenango,"1030 North Meridian Road, Youngstown, OH 44509-4098"
St. Philip’s College,"2895 NE Loop 410, San Antonio, TX 78218"
Metro Technology Centers,"50 Penn Place Office Tower, 1900 Northwest Expressway Suite 305R, Oklahoma City, OK 73118"
Tulsa Technology Center,"4500 S. 129th East Avenue, Suite 152, Tulsa, OK 74134"
Portland Community College,"9500 NE Cascades Parkway, Portland, OR 97220"
Chemeketa Community College,"4825 Commercial Street SE, Salem, OR 97302"
Luzerne County Community College,"1000 Meade Street, Dunmore, PA 18512"
Pima Community College-Northwest Campus,"1455 W. River Road, Tucson, AZ 85704"
Harrisburg Area Community College,"449 Eisenhower Boulevard, Suite 100, Harrisburg, PA 17111"
Clovis Community College,"362 N. Clovis Avenue, Clovis, CA 93612"
Bucks County Community College,"311 Veterans Highway, Suite 100E, Levittown, PA 19056"
Diablo Valley College,"1140 Galaxy Way, Suite 400, Concord, CA 94520"
Riverside Community College,"4160 Temescal Canyon Road, Suite 100, Corona, CA 92883"
San Joaqin Delta College,"16916 South Harlan Road, Lathrop, CA 95330"
San Diego City College,"401 Mile of Cars Way, Suite 100, National City, CA 91950"
Laney College,"1200 Clay Street, Suite 200, Oakland, CA 94612"
Santa Ana College,"4000 W. Metropolitan Drive Suite 100, Orange, CA 92868"
Ventura College,"2051 Solar Drive, Suite 150, Oxnard, CA 93036"
American River College,"10863 Gold Center Drive, Rancho Cordova, CA 95670-6034"
San Antonio College,"5700 Northwest Parkway, San Antonio, TX 78249-3303"
McLennan Community College,"3700 S. Jack Kultgen Expy, Suite 100, Waco, TX 76706"
San Jacinto College,"1001 Magnolia Avenue, Webster, TX 77598"
Ivy Tech Community College,"9511 Angola Court, Indianapolis, IN 46268"
Salt Lake Community College,"920 West Levoy Drive, Murray, UT 84123"
Lawson State Community College,"6270 Park South Drive, Bessemer, AL 35022"
Northern Virginia Community College,"14420 Albemarle Point Place, Suite 100, Chantilly, VA 20151"
Calhoun State Community College,"9238 Madison Boulevard, Suite 500, Madison, AL 35758"
Tidewater Community College,"5425 Robin Hood Road, Suite 100, Norfolk, VA 23513"
Bishop State Community College,"Office Mall South, 3100 Cottage Hill Road, Building 3, Mobile, AL 36606"
Reynolds Community College,"300 Gateway Centre Parkway, Richmond, VA 23235"
Pulaski Technical College,"10800 Financial Centre Parkway, Suite 100, Little Rock, AR 72211"
Virginia Western Community College,"2159 Apperson Drive, Salem, VA 24153"
Glendale Community College,"10220 N. 25th Avenue, Suite 100, Phoenix, AZ 85021"
Northern Virginia Community College,"7300 Boston Boulevard, Springfield, VA 22153"
Estrella Mountain Community College,"1840 N. 95th Avenue, Suite 132, Phoenix, AZ 85037"
Milwaukee Area Technical College,"6300 West Layton Avenue, Greenfield, WI 53220-4612"
Rio Salado College,"5005 S. Wendler Drive, Tempe, AZ 85282"
San Bernardino Community College,"670 East Carnegie Drive, San Bernardino, CA 92408"
Citrus College,"650 W. Cienega Avenue, San Dimas, CA 91773"
Los Angeles Mission College,"12669 Encinitas Avenue, Sylmar, CA 91342-3664"
El Camino College,"2555 W. 190th Street, Suite 125, Torrance, CA 90504"
MiraCosta College,"440 South Melrose Drive, Suite 100, Vista, CA 92081"
Community College of Aurora,"14001 East Iliff Avenue, Suite 118, Aurora, CO 80014"
Front Range Community College,"8620 Wolff Court, Suite 100, Westminster, CO 80031"
William McFatter Technical College,"3401 South University Drive, Fort Lauderdale, FL 33328"
Florida Southwestern State College,"13500 Powers Court, Suite 100, Ft Myers, FL 33912"
Miami Lakes Educational Center and Technical College,"5901 NW 183rd Street, Suite 100, Hialeah, FL 33015"
Madison Area Technical College,"2450 Rimrock Road, Suite 100, Madison, WI 53713"
Mountwest Community and Technical College,"5183 US Route 60 Building 1, Suite 40, Huntington, WV 25705"
Florida State College,"7011 A.C. Skinner Parkway, Suite 140, Jacksonville, FL 32256"
Seminole State College,"1400 South International Parkway, Lake Mary, FL 32746"
Pensacola State College,"6913 North 9th Ave, Pensacola, FL 32504"
Tallahassee Community College,"2639 N. Monroe Street, Building A. Suite 100, Tallahassee, FL 32303"
Leary Technical College,"4809 Memorial Highway, Tampa, FL 33634-7350"
Palm Beach State College,"1756 N. Congress Avenue, West Palm Beach, FL 33409"
Atlanta Metropolitan State College,"485 Oak Place, Suite 800, Atlanta, GA 30349"
Atlanta Metropolitan State College,"5905 Stewart Parkway, Douglasville, GA 30135"
Georgia Perimeter College,"10700 Abbotts Bridge Road Suite 190, Duluth, GA 30097"
Chattahoochee Technical College,"2065 ITT Tech Way, Kennesaw, GA 30144"
Des Moines Area Community College-Urban Campus,"1860 NW 118th Street, Suite 110, Clive, IA 50325"
College of Western Idaho,"12302 West Explorer Drive, Boise, ID 83713"
William Rainey Harper College,"3800 N. Wilke Road, Suite 100, Arlington Heights, IL 60004"
College of DuPage,"800 Jorie Blvd. Suite 100, Oak Brook, IL 60523"
Moraine Valley Community College,"11551 184th Place, Orland Park, IL 60467"
Lincoln Land Community College,"2501 Wabash Avenue, Springfield, IL 62704"
Ivy Tech Community College,"2810 Dupont Commerce Court, Fort Wayne, IN 46825"
Ivy Tech Community College,"2525 N Shadeland Ave, Ste 103, Indianapolis, IN 46219"
Ivy Tech Community College,"8488 Georgia Street, Merrillville, IN 46410"
Ivy Tech Community College,"10999 Stahl Road, Newburgh, IN 47630"
Ivy Tech Community College,"17390 Dugdale Drive, South Bend, IN 46635"
Wichita Area Technical College,"8111 E 32nd Street North, Suite 103, Wichita, KS 67226"
Bluegrass Community and Technical College,"3020 Old Todds Road, Lexington, KY 40509"
Jefferson Community and Technical College,"4420 Dixie Highway, Suite 230, Louisville, KY 40216"
Baton Rouge Community College,"14111 Airline Highway, Suite 101, Baton Rouge, LA 70817"
Louisiana Technical College,"140 James Drive East, St. Rose, LA 70087"
Massachusetts Bay Community College,"333 Providence Highway, Route 1, Norwood, MA 02062"
Middlesex Community College,"200 Ballardvale Street, Suite 200, Wilmington, MA 01887"
Anne Arundel Community College,"7030 Dorsey Road, Suite 100, Hanover, MD 21076"
Baltimore City Community College,"11301 Red Run Boulevard, Owings Mills, MD 21117"
Schoolcraft College,"1905 S Haggerty Road, Canton, MI 48188-2025"
Henry Ford College,"19855 Outer Drive, West Bldg-LL, Dearborn, MI 48124"
Mott Community College,"6359 Miller Road, Swartz Creek, MI 48473"
Oakland Community College,"1522 East Big Beaver Road, Troy, MI 48083-1905"
Grand Rapids Community College,"1980 Metro Court S. W., Wyoming, MI 49519"
Hennepin Technical College,"6120 Earle Brown Drive, Suite 100, Brooklyn Center, MN 55430"
Normandale Community College,"7905 Golden Triangle Drive, Eden Prairie, MN 55344"
Jefferson College,"1930 Meyer Drury Drive, Arnold, MO 63010"
St. Charles Community College,"3640 Corporate Trail Drive, Earth City, MO 63045"
Metropolitan Community College,"9150 E 41st Terrace, Kansas City, MO 64133"
Ozarks Technical Community College,"3216 S. National Avenue, Springfield, MO 65807"
Holmes Community College,"382 Galleria Parkway, Suite 100, Madison, MS 39110"
Central Piedmont Community College,"10926 David Taylor Drive, Suite 100, Charlotte, NC 28262"
Central Piedmont Community College,"4135 Southstream Boulevard, Suite L100, Charlotte, NC 28217"
Durham Technical Community College,"4025 Stirrup Creek Drive, Suite 200, Durham, NC 27703"
Guilford Technical Community College,"4050 Piedmont Parkway, High Point, NC 27265"
Metropolitan Community College,"1120 North 103rd Plaza, Suite 200, Omaha, NE 68114"
Camden County College,"2 Greentree Center, 9000 Lincoln Drive East, Suite 100, Marlton, NJ 08053"
Central New Mexico Community College,"5100 Masthead Street N.E., Albuquerque, NM 87109"
College of Southern Nevada,"2300 Corporate Circle, Suite 150, Henderson, NV 89074"
Community College of Philadelphia,"105 South 7th Street, Suite 100, Philadelphia, PA 19106"
Community College of Allegheny County,"5460 Campbells Run Road, Pittsburgh, PA 15205"
Montgomery County Community College,"220 W. Germantown Pike, Suite 100, Plymouth Meeting, PA 19462"
Westmoreland County Community College,"100 Pittsburgh Mills Circle, Tarentum, PA 15084"
Midlands Technical College,"1628 Browning Road, Suite 180, Columbia, SC 29210"
Greenville Technical College,"6 Independence Pointe, Greenville, SC 29615"
Horry-Georgetown Technical College,"9654 North Kings Highway, Suite 101, Myrtle Beach, SC 29572"
College of Southern Nevada,"3825 W. Cheyenne Avenue, Suite 600, North Las Vegas, NV 89032"
Trident Technical College,"2431 W. Aviation Avenue, North Charleston, SC 29406"
Hudson Valley Community College,"13 Airline Drive, Albany, NY 12205"
Chattanooga State Community College,"5600 Brainerd Road, Suite G-1, Chattanooga, TN 37411"
Erie Community College,"2295 Millersport Highway, P.O. Box 327, Getzville, NY 14068"
Southwest Tennessee Community College,"7260 Goodlett Farms Parkway, Cordova, TN 38016"
Onondaga Community College,"235 Greenfield Parkway, Liverpool, NY 13088-6651"
Stark State College,"3428 W. Market Street, Akron, OH 44333"
Columbus State Community College,"4717 Hilton Corporate Drive, Columbus, OH 43232-4152"
Sinclair Community College,"3325 Stop Eight Road, Dayton, OH 45414"
Columbus State Community College,"3781 Park Mill Run Drive, Hilliard, OH 43026"
"South Seattle College, ","12720 Gateway Drive, Suite 100, Seattle, WA 98168-3334
"
Everett Community College,"1615 75th Street SW, Everett, WA 98203"
Spokane Community College,"13518 E Indiana Ave, Spokane Valley, WA 99216"
