Timestamp,Your email (optional),Where would you like your point to appear on our map?,Your contribution,Group payment details,Short personal message (optional),Any additional comments (optional),e-SMS Promotion,On the map?,Emailed?
9/12/2015 13:31:21,,"59.368435, 17.981266",Chuffed.org website,,,,,600,
9/14/2015 9:53:38,,"-0.00429278, 34.59687161",M-Pesa,,Very happy to see a great initiative coming out of Maseno.,,,606,
10/20/2015 20:09:24,fred@aims.edu.gh,"5.600010, -0.212537",Offline,,Africa can develop Africa,,,780,
7/17/2015 13:54:33,k.hulme@reading.ac.uk,RG6 6BZ,I would like to be contacted about how I can make my contribution,,Hope this helps,,,,
7/18/2015 2:30:05,,rg2 7ax,Chuffed.org website,,,,,365,
7/18/2015 2:31:38,chris.m.clarke@live.co.uk,TW2 5AN,Chuffed.org website,,"A huge thanks to everyone involved, I'm sure the project will be a great success",,,364,
7/18/2015 2:42:50,r.d.stern@reading.ac.uk,"Reading, UK",Chuffed.org website,,,,,366,
7/18/2015 2:43:04,danny@aims.ac.za,"Harleston, Norfolk, UK",Chuffed.org website,,"Very excited, can't wait to see the project get up and running!",,,367,
7/18/2015 3:57:56,,Se3 0qx,Chuffed.org website,,,,,370,
7/18/2015 5:33:46,,Maseno Kenya,Chuffed.org website,,,,,371,
7/18/2015 10:03:56,franca.hoffmann@gmail.com,"50679 Cologne, Germany",Chuffed.org website,,Let the journey begin! Love from Cologne,,,372,
10/26/2015 20:20:36,obiero@live.de,Champaign Illinois,Chuffed.org website,,I hope more people would come forward and support initiatives in Africa especially those that target young researchers.,,,849,
10/27/2015 5:25:02,,"Melbourne, Australia",Chuffed.org website,,"Sounds like a great initiative, will be keen to hear how it goes!
John",,,850,
10/27/2015 15:13:31,,Glasgow,Chuffed.org website,,,,,851,
10/27/2015 15:14:48,,G12 *QW,Chuffed.org website,,,,,851,
10/28/2015 14:00:19,issasoma@yahoo.fr,Bamako Senou,Offline,,Du courage,,,853,
10/28/2015 14:46:16,konadamou@gmail.com,Bamako Senou,Offline,,Cette initiative va faire progresser la pratique de la statisque par nos etudiants en Afrique,,,852,
10/28/2015 14:48:45,mahatoure2006@yahoo.fr,Bamako Senou,Offline,,Vive l'evolution de la statistique en Afrique,,,855,
10/28/2015 14:56:10,soum.alas@gmail.com,Bamako Senou,Offline,,je profite de l'occasion pour exorter les jeunes africains a converger vers des initiatives de ce genres. Merci aux Initiateurs,,,854,
10/28/2015 15:38:29,soum.alas@gmail.com,Bamako Senou,Offline,,je profite de l'occasion pour exorter les jeunes africains a converger vers des initiatives de ce genres. Merci aux Initiateurs,,,854,
10/28/2015 15:39:04,soum.alas@gmail.com,Bamako Senou,Offline,,je profite de l'occasion pour exorter les jeunes africains a converger vers des initiatives de ce genres. Merci aux Initiateurs,,,854,
10/28/2015 15:40:08,soum.alas@gmail.com,Bamako Senou,Offline,,je profite de l'occasion pour exorter les jeunes africains a converger vers des initiatives de ce genres. Merci aux Initiateurs,,,854,
10/28/2015 22:16:26,,Cameroun,I would like to be contacted about how I can make my contribution,,,,,,
10/28/2015 22:30:32,thierrere@gmail.com,"Yaoundé, Cameroun",Chuffed.org website,,Good project. Interesting!,,,856,
10/29/2015 1:22:34,konemodib@yahoo.fr,"Bamako, Senou",Offline,,,,,857,
10/29/2015 1:23:33,sanogoke@yahoo.fr,"Bamakou, Senou",Offline,,,,,858,
10/31/2015 16:56:33,nforcheh@gmail.com,Gaborone,Chuffed.org website,,This is a great initiative for statistics.  Better Statistics = Better lives for all. Encourage all to join.,I hope and trust that the initiative shall be wholly successful. Training in statistics especially in Developing countries need greater use of software and analysis of real data.,,860,
11/3/2015 16:58:05,,Nigeria,Offline,,,,,859,
11/3/2015 16:59:03,,Tanzania,Offline,,I benefitted from the e-SIAC online training,,,861,
11/3/2015 16:59:39,,Uganda,Offline,,Very good,,,863,
11/3/2015 17:00:07,,Nigeria,Offline,,Good initiative,,,862,
11/3/2015 17:00:31,,Kenya,Offline,,All the best,,,863,
10/18/2015 9:38:16,marthan@aims.ac.tz,"Kampala, Uganda",Offline,,Martha supports AMI and the ADI project.,,,751,
11/3/2015 21:47:45,ian@myacorn.com,EXETER,Chuffed.org website,,,,,866,
10/18/2015 10:27:15,nneamaka@aims.ac.tz,"Anabra State, Nigeria",Offline,,Judith supports African Maths Initiative and the ADI project.,,,752,
11/5/2015 11:33:50,,Dar Es Salaam,Offline,,,Nyamagere Gladys Sospeter,,867,
10/18/2015 15:18:36,,"Mwanza, Tanzania",Offline,,Paul supports ADI from Mwanza.,,,753,
11/5/2015 11:34:36,,Dar Es Salaam,Offline,,,Arden Kefa,,868,
10/19/2015 2:53:50,charisburridge@optusnet.com.au,4163 Australia,Chuffed.org website,,Exciting to be part of this initiative.,,,754,
11/5/2015 11:35:04,,Dar Es Salaam,Offline,,,Coley Kefa,,871,
10/19/2015 8:40:17,jmmaina93@gmail.com,limuru,M-Pesa,,I really hope to work together with you guys and also to win the scholarship,,,755,
11/5/2015 12:51:05,J.L.Hutton@warwick.ac.uk,"Johannesburg, South Africa",Chuffed.org website,,,,,870,
10/19/2015 12:52:45,,"Dar es salaam , Tanzania",Offline,,Good Job,,"If you do not wish your data to be used by the SSC for this purpose and do not wish to enter the promotion, please tick this box.",756,
11/5/2015 20:03:02,palmer_sg@yahoo.com,"Exeter, UK",Chuffed.org website,,"Very exciting, especially sharing ideas with Climsoft. Steve",,,,
10/20/2015 7:53:14,expery@aims.ac.tz,"Kilimanjaro, Tanzania",Offline,,Expery supports ADI from Kilimanjaro,,,757,
11/5/2015 20:38:32,,"Harare, Zimbabwe",I am part of a group that made a contribution,,Greetings from Zimmet,,,,
10/20/2015 19:16:11,,"los angeles, CA, USA",Chuffed.org website,,,,,758,
11/5/2015 22:25:50,waitolo@yahoo.com,"Livingstone, Zambia",I am part of a group that made a contribution,,"Well done, David",,,,
10/20/2015 19:50:35,andrews@aims.edu.gh,"Dormaa Ahenkro, Ghana (+233)",Offline,,,,,759,
11/5/2015 22:32:19,,"Livingstone, Zambia",I am part of a group that made a contribution,,Greetings from Munalula,,,,
10/20/2015 19:51:30,aminnocenter@gmail.com,"Biriwa, Ghana",Chuffed.org website,,Keep up with the good work.. Great initiative it is. Africa needs such solutions,,,760,
11/6/2015 10:36:34,a_s_mhanda@yahoo.com,"Gabarone, Botswana",I am part of a group that made a contribution,,Worked with Instat for may years. Looking forward to the new version.,,,,
10/20/2015 19:56:23,uche@aims.edu.gh,"AFIKPO NORTH, NIGERIA",Offline,,"This is a great initiative, if African students are taught more practical skills than theories, Africa will learn to solve her problems!",,,761,
11/6/2015 10:37:53,lubegf@yahoo.com,"Nairobi, Kenya",I am part of a group that made a contribution,,Greetings from ICPAC,,,,
10/20/2015 20:01:02,george@aims.edu.gh,"Mbale, Uganda",I am part of a group that made a contribution,,,,,762,
11/6/2015 12:19:12,a.adam@afdb.org,Niamey NIGER,Chuffed.org website,,Let us stop making unimformed policy decisons and use statistics as a compass for a better  World,,,,
10/20/2015 20:01:05,nicholas@aims.edu.gh,"Cape Coast, Ghana",I am part of a group that made a contribution,,I am really proud of this initiative. Its my prayer that it commenced quickly for the benefit of us all.,,,763,
11/6/2015 15:54:37,sawadogolazare@gmail.com,"Ouagadougu, Burkina Faso",I am part of a group that made a contribution,,,,,,
10/20/2015 20:04:00,bernard@aims.edu.gh,"Jema, Ghana",Offline,,We hope the dream  will be realise soon,,"If you do not wish your data to be used by the SSC for this purpose and do not wish to enter the promotion, please tick this box.",764,
11/6/2015 15:55:56,sekasbd@yahoo.fr,"Abidjan, Cote d'Ivoire",I am part of a group that made a contribution,,,,,,
10/20/2015 20:05:23,rfofie@aims.edu.gh,"Sampa,Ghana",Offline,,thanks for this initiative,,,765,
11/6/2015 15:57:28,ahmadoualioudiallo@gmail.com,"Conakry, Guinea",I am part of a group that made a contribution,,,,,,
10/20/2015 20:05:29,samponsah@aims.edu.gh,"Taifa, Accra - Ghana",Offline,,You have our total support. Keep up the good work!!,,,766,
11/6/2015 18:41:41,,Kaiserslautern,Chuffed.org website,,,,,,
10/20/2015 20:06:02,sowusu@aims.edu.gh,"Kumasi, Ghana",Offline,,"Nice initiative...keep up!!!
~Scuryo",Looking forward to become a winner in the promotion.,,767,
11/6/2015 20:06:51,,"Austin, TX",Chuffed.org website,,,,,,
10/20/2015 20:06:21,w.nakiyingi@aims.edu.gh,"Kampala, Uganda",Offline,,I support a statistical cause.,,,768,
11/7/2015 15:56:05,fkallotey@gmail.com,"Saltpond, Ghana",Offline,,African Data Initiative; The trend is really changing in Africa. Wish you the very best.,,,,
10/20/2015 20:06:35,eugene@aims.edu.gh,"Biriwa ,Ghana",Offline,,I am happy to be part of this great initiative.,,,769,
11/7/2015 18:35:16,info@novan.education,"Koforidua, Ghana",Offline,,Advancing the Learner's Potential - Novan Education & Training,,,,
10/20/2015 20:07:08,rafutu@aims.edu.gh,"LA,  GHANA(Teshie Tsuibleoo)",Offline,,Wooaw..looking forward for it!!!,,,770,
11/7/2015 22:04:55,Vicki.hinder@gmail.com,Auckland New Zealand,Chuffed.org website,,,,,,
10/20/2015 20:07:14,joyce@aims.edu.gh,Tanzania,Offline,,,,,771,
11/8/2015 19:57:34,,"Bahir Dar University, Ethiopia",Chuffed.org website,,"Together, we can make a difference!",,,,
9/20/2015 20:21:27,Kennbario@gmail.com,"Nairobi, Kenya",M-Pesa,,"As a Mathematician in training, I believe there is a need for a more flexible statistical software. I support you guys.",,,626,
10/20/2015 20:07:16,paul@amis.edu.gh,Tanzania,Offline,,,,,772,
11/16/2015 14:22:43,naftalirop@yahoo.com,Narok-Kenya,M-Pesa,,"Im very grateful for the most exciting initiative,I will part and parcel of you throughout in this noble course,thank you.",,,,
9/21/2015 15:14:18,sammy4samuel@gmail.com,"Saltpond, Ghana",Chuffed.org website,,The kind of initiative Africa has been waiting for and made by Africans,,,641,
10/20/2015 20:07:16,racheal@aims.edu.gh,Uganda,I am part of a group that made a contribution,,I believe this is a great initiative. I look forward to applying the software in my work.,,,773,
11/21/2015 10:47:42,,"Nyahururu,kenya",M-Pesa,,,,,,
9/21/2015 15:50:51,,Nyamira,Offline,,I am supporting this programme because i have used R in the past but it gives me a lot of problems because currently it is not user friendly,,,642,
10/20/2015 20:07:57,queenbetsy1@gmail.com,"Lagos, Nigeria",Offline,,I'm really impressed with this great idea. I so much believe that it would be a huge success.,,,774,
11/5/2015,,"Yago village, komungu",Offline,,"This is a nice software, I think it will help the government most in allocation and re-allocation of public resources, congrats to the software team.","unable to locate, in homa bay",,873,
9/21/2015 20:34:49,nana@aims.ac.za,"Agona Swedru, Ghana",Offline,,Wishing you well with this great initiative.....,,,643,
10/20/2015 20:08:02,sel2.gbegbey@gmail.com,"Kumasi, Ghana",Offline,,,,,775,
11/5/2015,,"SAGANA, KIRINYAGA COUNTY",Offline,,"You do not have to be great to start, but you can start to be great.",,,869,
9/21/2015 20:36:12,ghbanahene@yahoo.com,"Barekese, Ghana",Offline,,Big ups to the brains behind this initiative.,,,644,
10/20/2015 20:09:00,chilperic@aims.edu.gh,Douala Cameroon,Offline,,Africa can the first power continent if we believe,,,776,
11/5/2015,,"Gilgil, Nakuru county",Offline,,"I believe that this initiative will liberate data for transformation in mathematics and other related fields. So, let us continue joining hands in this process of enlightening ourselves and others.",,,872,
9/21/2015 20:37:07,mickkymens.m@gmail.com,"TAMALE, Ghana",Offline,,This is what we really need.,,,645,
10/20/2015 20:08:44,,"Khartoum,Sudan",Offline,,,,,777,
11/5/2015,,Kisumu,Offline,,"My warm gratitude goes to you ,the initiators for a well thought crucial idea.",,,874,
9/21/2015 20:38:16,abigailayew@gmail.com,"Akim Oda, Ghana",Offline,,All the best,,,646,
10/20/2015 20:08:47,vane@aims.edu.gh,"Kisii, Kenya",I am part of a group that made a contribution,,Good job for supporting this innitiative,,,778,
11/5/2015,,NYAHURURU.,Offline,,Africa is fast growing and youths need to continue engaging themselves in innovations as portlayed by African data initiative. Great work done and hope for more.,,,876,
9/21/2015 20:39:28,,"Tamale, Ghana",Offline,,Good initiative,,,647,
10/20/2015 20:08:51,,"Brazzaville, Congo",Offline,,,,,779,
11/5/2015,,Kakamega,Offline,,,,,875,
9/22/2015 13:07:24,jaymohkaranja@gmail.com,"Nyandarua,kenya",Offline,,Hey,,,648,
9/22/2015 13:08:20,+254708785264,"Embu,Kenya",Offline,,lots of support from Embu students in Maseno,,,649,
11/9/2015,,Benin,Offline,,,,,876,
10/20/2015 20:09:33,shina@aim.edu.gh,"Oye-Ekiti, Nigeria",Offline,,"This is a wonderful initiative from Africans, I'm happy to be part of this. More grease to your elbow.",,,781,
11/9/2015,,Mali,Offline,,,,,877,
9/23/2015 12:43:03,,cv31 2la,Chuffed.org website,,,,,650,
10/20/2015 20:09:53,danny@aims.edu.gh,"LUSAKA,ZAMBIA",Offline,,ITS A GOOD INITIATIVE INDEED FOR AFRICA.,Thank you for this initiative.,,782,
11/9/2015,,Burkina Faso,Offline,,,,,878,
9/23/2015 19:04:29,scholarlenjo@gmail.com,"Voi,Kenya.",M-Pesa,,I believe in good initiaves and i like to see them succeed.,God bless you.,,651,
10/20/2015 20:10:05,pgyedu@aims.edu.gh,"Ghana,Drobo",Offline,,"guys well done 
from Aims Ghana",keep up guys,,783,
4/11/2015 22:21:35,,"Ndjamena, Chad",Offline,,Good idea and let us help this initiative for the future of Africa.,,,879,
9/24/2015 11:58:01,calvinkiyondi@gmail.com,Nakuru,M-Pesa,,,,,652,
10/20/2015 20:10:10,arthur@aims.edu.gh,"Antananarivo, Madagascar",Offline,,,,,784,
4/11/2015 23:46:44,,"Kigali, Rwanda",Offline,,"<< Our Democracy must bring its material fruit to all, particularly the poor, marginalised & velnerable >>",,,880,
9/27/2015 22:07:00,awilson186@btinternet.com,AB51 9DB,Chuffed.org website,,,,,653,
10/20/2015 20:10:15,kelechi@aims.edu.gh,"Mbosi, Ihiala, Anambra State Nigeria",Offline,,Success all the way! Love from Kacey!,,,785,
5/11/2015 7:32:00,,"Limbe, Cameroon",Offline,,"keep on going on this way, the project is very interesting.",,,881,
9/29/2015 22:22:57,,china,Chuffed.org website,,,,,654,
10/20/2015 20:10:46,grantgreat7@gmail.com,"Aboadze, Ghana",Offline,,Make African a better place to live in,,,786,
6/11/2015 9:55:50,,"Limbe, Cameroon",Offline,,Great Initiative. Keep on changing the image of Mathematics,,,882,
9/30/2015 8:12:49,jafarichobo@live.com,"Dar Es Salaam, Tanzania",M-Pesa,,Very interesting initiative.,Instat is more than the statistical tool,,655,
10/20/2015 20:12:50,didier@aims.edu.gh,"Kigali,Rwanda",Offline,,Build our World,,,787,
6/11/2015 10:49:49,,Limbe Cameroon,Offline,,,,,883,
9/30/2015 13:34:25,,Suriname,Offline,,Keep on the good work and let us all support this,,,656,
10/20/2015 20:12:54,aminnocenter@gmail.com,"0.5210° S, 34.9140° E , Nyamira, Kenya",Chuffed.org website,,"It is a great initiative, firstly, it's developed in Africa by Africans .. it will surely meet our data analysis needs.",,,788,
6/11/2015 10:50:17,,"Limbe, Cameroon",Offline,,nice idea,,,884,
10/5/2015 20:32:54,masindenbarbara@gmail.com,"Nairobi, Kenya",M-Pesa,,Great minds find innovative ways of not only empowering themselves but others!,,,657,
10/20/2015 20:16:31,jlartey@aims.edu.gh,"Dodowa, Ghana",Offline,,,,,789,
6/11/2015 10:53:35,,"Accra, Ghana",Offline,,Great idea. All the best in your effort..,,,885,
10/5/2015 20:43:13,masindenbarbara@gmail.com,"Nairobi, Kenya",M-Pesa,,Great minds find innovative ways of not only empowering themselves but others!,,,,
10/20/2015 20:18:17,,"Mamprobi - Accra, Ghana",Offline,,Thanks for this initiative.,,,790,
10/5/2015 20:53:01,,DD25DE,Chuffed.org website,,,,,658,
6/11/2015 10:56:38,,"Limbe, Cameroon",Offline,,Creative concept. This would go a long way to solve most problems in Africa as it would create SMILES that would go MILES.,,,886,
10/20/2015 20:24:36,dativet@gmail.com,KIGALI-RWANDA,Offline,,,"This is very nice idea so all African must be contrubute on it . Which help us to get more software.


Thanks for this initiative action.",,791,
6/11/2015 10:58:45,,"Limbe, Cameroon",Offline,,"Great job, would like to get updated when the software is available",,,887,
10/6/2015 11:31:49,echilanga@gmail.com,"Livingstonia: 621217, 8827812",I would like to be contacted about how I can make my contribution,,I am a former SIAC student and I am applying what I learnt from the course to select crop varieties.,,,659,
10/20/2015 20:37:51,maryam@aims.edu.gh,"Kwara, Nigeria.",Offline,,Statistics rule the world. Glad to be a part of this initiative.,,,793,
6/11/2015 11:44:52,,"Limbe, Cameroon",Offline,,"Try to involve some lecturers from high schools, colleges and universities in this project.",,,888,
8/9/2015 15:23:19,tabbygoko@gmail.com,Murang'a,M-Pesa,,,,,,
10/6/2015 11:47:50,echilanga@gmail.com,"Livingstonia: 621217, 8827812",I would like to be contacted about how I can make my contribution,,I am a former SIAC student and I am applying what I learnt from the course to select crop varieties.,,,660,
10/20/2015 20:39:52,solomon@aims.edu.gh,"Kade,  Ghana",Offline,,Keep the good work!! Lets build a better and easy world.,,,794,
6/11/2015 14:14:48,,"Bella, Cameroon",Offline,,"Africa moves, Africa changes and fastest.
 For that I'm sure. Ahead.",,,889,
8/9/2015 15:23:51,tabbygoko@gmail.com,Murang'a,M-Pesa,,,,,,
10/7/2015 7:35:02,jumabelotoro@gmail.com,Mombasa +254,I am part of a group that made a contribution,,"Am Juma Abel otoro 
a student pursuing a bachelor of art in international relations and diplomacy with IT",,,661,
10/20/2015 20:40:35,fbatsa@aims.edu.gh,"Odumase Krobo,  Ghana",Offline,,Good work.,,,795,
6/11/2015 14:15:40,,"Limbe, Cameroon",Offline,,Encourage Education !!,,,890,
8/9/2015 15:24:20,tabbygoko@gmail.com,Murang'a,M-Pesa,,,,,,
10/7/2015 11:27:59,,Nairobi,Chuffed.org website,,,,,662,
10/20/2015 20:40:38,buri@aims.edu.gh,"Mbarara, Uganda",Offline,,"Come on board, lets show the world that we can!!!!",,,796,
6/11/2015 14:18:03,,"Addis Ababa,Ethiopia",Offline,,Show me the impact,,,891,
8/9/2015 15:24:56,tabbygoko@gmail.com,Kirinyaga,M-Pesa,,,,,,
10/7/2015 14:22:27,kokouvi@bioss.ac.uk,"Lome, Togo",I would like to be contacted about how I can make my contribution,,,,,663,
10/20/2015 20:45:24,beni@aims.edu.gh,"Bujumbura, BURUNDI",Offline,,"Nice Idea, more important and benefit for our Africa continent. Go a head and good luck,Thank you very much.","I am a student at AIMS Ghana (2015-2016), I am interested by your idea and by the statistic. I hope to be in the first learners of that software.",,797,
6/11/2015 14:34:37,,"Limbe, Cameroon",Offline,,I am very pleased to support or to be part of any project that leads to solve African problems. Thank you.,,,892,
8/9/2015 23:33:35,s.asante@aims.edu.gh,"Kumasi, Ghana",Offline,,Great idea.. Wish you guys the best,,,495,
10/9/2015 12:49:33,resonjane@gmail.com,"Kajiado, Kenya, +254",M-Pesa,,I wish all ladies would join the initiative to support our own gender..,I hope this initiative will be lasting,,664,
10/20/2015 20:46:35,,"Lusaka, Zambia",Offline,,Africa at work,,,799,
6/11/2015 18:05:49,,Limbe Cameroon,Offline,,May God bless you initiaive.,,,893,
8/10/2015 0:04:51,,"Koforidua, Ghana",Offline,,Supporting Innovations emanating from Africa #greatergood #novaneducation #Ghana,,,496,
10/10/2015 12:40:28,,"Brisbane, Australia",Chuffed.org website,,Good luck! Cheers Peter,,,665,
10/20/2015 20:56:17,,"West, Cameroon",Offline,,,,,800,
6/11/2015 23:55:34,,Burkina Faso,Offline,,Unity is strength.Very geat initiative,,,894,
8/10/2015 11:51:01,d.stirling@massey.ac.nz,"Palmerston North, New Zealand",Chuffed.org website,,,,,518,
10/11/2015 21:13:11,,"Vienna, Austria",Chuffed.org website,,,,"If you do not wish your data to be used by the SSC for this purpose and do not wish to enter the promotion, please tick this box.",666,
10/20/2015 23:30:44,,"Victoria, BC, Canada",I am part of a group that made a contribution,,"Excellent initiative, best of luck! AIMS-Ghana Intern",,,801,
7/11/2015 0:11:46,,"Limbe, Cameroon",Offline,,I like this kind of initiative. It make me believe in Africa. May this project be a success.,,,895,
8/10/2015 14:45:56,,Se3 0qx,Chuffed.org website,,You're all doing great things!,,,519,
10/11/2015 21:58:53,,"Louvain-la-Neuve, Belgium",Chuffed.org website,,,,,667,
10/20/2015 23:56:00,godwin@aims.edu.gh,"Cape Coast, Ghana",I am part of a group that made a contribution,,I am very delighted for this initiative,,,802,
8/10/2015 14:47:40,,Eh41 4nw,Offline,,Good luck with the campaign!,,,520,
10/11/2015 23:45:52,,Bern Switzerland,Chuffed.org website,,,,"If you do not wish your data to be used by the SSC for this purpose and do not wish to enter the promotion, please tick this box.",668,
8/10/2015 17:28:50,wilson143@btinternet.com,"Reading UK, RG6 7NT",Chuffed.org website,,I do believe you may get there!!!,,,521,
7/11/2015 0:39:34,,"Kumbo, Cameroon",Offline,,Great initiative,,,896,
10/21/2015 2:04:19,philomena@aims.edu.gh,Ghana,Offline,,"Is a great thing you guys are doing, keep it up.",,,803,
7/11/2015 7:21:32,,"Limbe, Cameroon",Offline,,Creative concept to contribute to the development of Africa! Keep it up.,,,897,
10/12/2015 14:52:47,syoul@ifdc.org,Ouagadougou,I would like to be contacted about how I can make my contribution,,,,,669,
10/21/2015 2:40:21,kweku@aims.edu.gh,"Tema, Ghana",Offline,,,,,804,
7/11/2015 7:24:36,,"Ado-Ekiti, Nigeria",Offline,,Nice work. I believe in Africa.,,,898,
8/10/2015 17:30:38,,"Reading, United Kingdom",Chuffed.org website,,,,,,
10/12/2015 19:55:37,clairenicklin@gmail.com,"Quito, Ecuador",I am part of a group that made a contribution,,Great initiative and great people! Love the video.,,,670,
10/21/2015 11:34:44,eunice@aims.edu.gh,Benin,I am part of a group that made a contribution,,,,,806,
7/11/2015 8:08:19,,"Limbe, Cameroon",Offline,,"Great, keep it up",,,899,
8/10/2015 17:50:52,,rg66BZ,Chuffed.org website,,Keep going! This is very important not just for Africa but for many people all around the world.,,,522,
10/13/2015 10:37:26,,Brussels Belgium,Chuffed.org website,,,,"If you do not wish your data to be used by the SSC for this purpose and do not wish to enter the promotion, please tick this box.",671,
10/21/2015 11:40:01,,"Egypt,Cairo,02",I am part of a group that made a contribution,,,,,807,
7/11/2015 8:48:56,,"Limbe, Cameroon",Offline,,"Great initiative. Keep it up. The devepment of Africa will be better if such initiative are repeated usually. ""With team work, Africa move forward.""",,,900,
8/10/2015 21:07:06,,"Reading, UK",Chuffed.org website,,"Best of luck with this exciting project! Sarah Levy, UK",,,,
10/13/2015 10:51:35,,"Antwerp, Belgium",Chuffed.org website,,,,,672,
10/21/2015 12:04:05,polycarpokock@live.com,"Kisumu, Kenya",Offline,,Am looking forward to see the actual realization of this new statistical package.,,,808,
7/11/2015 11:15:38,,"Marigat, Kenya",Offline,,This will go a long way to transforming the current and future generations in Africa.,,,901,
8/10/2015 21:09:40,,"Reading, UK",Chuffed.org website,,Best of luck with this exciting project! Sarah,,,523,
10/13/2015 13:44:24,teshagerassefa@yahoo.com,"Bahir Dar, Ethiopia",I would like to be contacted about how I can make my contribution,,Let us put hands together to make it happen.,,,673,
10/21/2015 13:45:10,eniola@aims.edu.gh,"Lagos, Nigeria",Offline,,,,,809,
7/11/2015 11:23:04,,"Yamba, Cameroon",Offline,,I am very happy for this initiative. Keep it up.,,,902,
8/11/2015 9:02:14,demay_gu06@yahoo.com,"Bahir Dar, Ethiopia",I would like to be contacted about how I can make my contribution,,I am very inserting to contribute my self for the Campaign,,,524,
10/13/2015 14:36:43,ashu.abate@gmail.com,bahir dar,I would like to be contacted about how I can make my contribution,,,,,674,
10/21/2015 13:49:49,leonard@aims.edu.gh,"Koforidua, Ghana",Offline,,This is a good initiative for Africa and the world. Come on Africa. The world needs us,,,810,
6/11/2015,,"Nairobi, Kenya",Offline,,ITS A RECOMMENDABLE WORK YOU DOING BY LIBERALIZING THE EDUCATION SYTEM IN AFRICA AND GIVING A CHANCE TO THE AFRICAN STUDENT TO WIDEN ON NOT ONLY HOW TO SOLVE MATHEMATICAL PROBLEMS BUY ALSO TO SOLVE SOCIAL-ECONOMIC PROBLEMS IN AFRICA.,,,903,
8/11/2015 9:04:17,hailemekonnen@gmail.com,"Bahir Dar, Ethiopia",I would like to be contacted about how I can make my contribution,,it is a very interesting idea so that i am very happy to support this campaign.,,,608,
10/13/2015 15:44:18,,London,Chuffed.org website,,,,"If you do not wish your data to be used by the SSC for this purpose and do not wish to enter the promotion, please tick this box.",675,
10/21/2015 13:55:47,roselynopeyemi51@gmail.com,"Ijan ekiti,362002",I am part of a group that made a contribution,,,,,811,
8/11/2015 17:14:20,marctrr@gmail.com,"Bamako, Mali",I am part of a group that made a contribution,,L’accès a l'information utile qui regorgent des donnes présent en temps réelle est très cruciale.,,,525,
10/13/2015 16:30:16,e.reed@reading.ac.uk,RG6 6AH,Chuffed.org website,,I love the idea that this is being developed in the place that might benefit from it the most.,,,676,
10/21/2015 14:00:39,moses@aims.edu.gh,"Volta Region, Ghana",Offline,,,,,812,
8/12/2015 14:34:53,,Basseterre St. Kitts,I am part of a group that made a contribution,,Hard work goes a long way,,,526,
10/14/2015 13:50:53,,Nairobi kenya,I would like to be contacted about how I can make my contribution,,,,,677,
10/21/2015 14:01:13,,"Biriwa, Ghana",I am part of a group that made a contribution,,More vim!!!!,,,813,
8/12/2015 16:00:42,dfarrell615@earthlink.net,"Christ Church, Barbados",Chuffed.org website,,,,,527,
10/14/2015 15:10:12,P.S.Janota@reading.ac.uk,Reading UK,Chuffed.org website,,,,,678,
8/12/2015 17:25:24,,Paramaribo Suriname,Offline,,"Keep on going with the good work.
We all will benefit from it",,,528,
7/18/2015 11:18:50,jamusyoka@yahoo.co.uk,"Kwale, Kenya",M-Pesa,,Great initiative!,,,373,
7/18/2015 11:35:47,,"Prague, Czech Republic",Chuffed.org website,,,,,374,
7/18/2015 12:13:08,bsmusyoka@yahoo.com,"Nairobi, Kenya",M-Pesa,,,,,375,
7/18/2015 12:14:12,jamusyoka@yahoo.co.uk,"Kwale, Kenya",M-Pesa,,,,,376,
7/18/2015 12:14:37,jamusyoka@yahoo.co.uk,"Kwale, Kenya",M-Pesa,,,,,380,
7/18/2015 12:20:37,sawachiye@gmail.com,"Maseno, Kenya",M-Pesa,,,,,377,
7/18/2015 12:25:13,jkmusyoka@hotmail.com,"Kwale, Kenya",M-Pesa,,,,,378,
7/18/2015 13:39:42,zmbasu@gmail.com,Kakamega,M-Pesa,,This is a great initiative and I look forward to hearing about the success stories,,,379,
7/18/2015 14:36:22,sawachiye@gmail.com,"Maseno, Kenya",M-Pesa,,Great initiative!,,,384,
7/18/2015 15:08:13,a.duut@aims.edu.gh,"Bunkpurugu, Ghana",Offline,,Abib,,,385,
10/21/2015 14:14:45,,"CAPE COAST, GHANA",Offline,,THIS IS THE KIND OF INITIATIVE WE HAVE BEEN WAITING FOR . LET'S DO THIS.,,,814,
10/14/2015 22:36:10,,"Kumasi, Ghana",Offline,,Supporting as a student of AIMS Tanzania!,,"If you do not wish your data to be used by the SSC for this purpose and do not wish to enter the promotion, please tick this box.",679,
10/21/2015 16:02:29,,Accra,Chuffed.org website,,I'm very happy to support this initiative. Together we can build a better Africa!,,,815,
8/12/2015 17:27:38,,Suriname,Chuffed.org website,,,,,,
10/14/2015 22:38:45,,"Babati, Manyasa, Tanzania",Offline,,Supporting as a student of AIMS Tanzania!,,"If you do not wish your data to be used by the SSC for this purpose and do not wish to enter the promotion, please tick this box.",680,
10/21/2015 16:13:52,Abusahjohnson@gmail.com,"Anloga, Ghana",Offline,,This is an amazing project and kudos to the development team. Let's do this Africa!! #AfricaRising Long Jay,,,816,
8/14/2015 15:11:28,,"Caenefield , Dominica",Chuffed.org website,,,"Improving Statistics, improving Lives!",,529,
10/14/2015 22:39:28,,"Kigali, Rwanda",Offline,,Supporting as a student of AIMS Tanzania!,,"If you do not wish your data to be used by the SSC for this purpose and do not wish to enter the promotion, please tick this box.",681,
10/21/2015 16:16:15,+233242614792,"Koofrom, Ghana",Offline,,Good Initiative....All the best HHH,,,817,
8/15/2015 18:41:14,afleiss@waitrose.com,London N2 9BU,Chuffed.org website,,All good wishes for success with this important initiative,,,530,
10/14/2015 22:40:36,,"Morogoro, Tanzania",Offline,,Supporting as a student of AIMS Tanzania!,,"If you do not wish your data to be used by the SSC for this purpose and do not wish to enter the promotion, please tick this box.",682,
10/21/2015 16:17:14,+233274758156,"Okponglo, Ghana",Offline,,Wishing you great success Afioo Kaa,,,818,
8/15/2015 20:39:35,,"Canefield, Dominica",Chuffed.org website,,,Improved Statistics. better lives!,,609,
10/14/2015 22:42:05,,"Bagamoyo, Tanzania",Offline,,Supporting as a student of AIMS Tanzania!,,"If you do not wish your data to be used by the SSC for this purpose and do not wish to enter the promotion, please tick this box.",683,
10/21/2015 16:17:56,j.doku@aims.edu.gh,"Tema, Ghana",Offline,,All the best with this initiative. Quite exciting.,,,819,
8/17/2015 15:34:49,hgreatrex@gmail.com,"Iowa City, USA",Chuffed.org website,,Good luck!,,,531,
10/14/2015 22:42:43,,"Bagamoyo, Tanzania",Offline,,Supporting as a student of AIMS Tanzania!,,"If you do not wish your data to be used by the SSC for this purpose and do not wish to enter the promotion, please tick this box.",684,
10/21/2015 16:18:58,Paydro.pap@gmail.com,"Okponglo, Ghana",Offline,,GIG,,,820,
8/17/2015 17:56:50,,RG6 7BE,Chuffed.org website,,Sweet-spot combination of open-source stats software with hand-holding interface makes sense in an increasingly grantified world,,,532,
10/14/2015 22:43:16,,"Kigali, Rwanda",Offline,,Supporting as a student of AIMS Tanzania!,,"If you do not wish your data to be used by the SSC for this purpose and do not wish to enter the promotion, please tick this box.",685,
10/21/2015 16:19:51,243448334,"Old ningo prampram ,Ghana",Offline,,Hi all the best OK,,,821,
8/17/2015 18:10:31,,RG6 7BE,Chuffed.org website,,Hope we get to the stretch-goals. The changes will come when we integrate the new tools into the way statistics is taught at all levels..,,,532,
10/14/2015 22:43:54,,"Kumasi, Ghana",Offline,,Supporting as a student of AIMS Tanzania!,,"If you do not wish your data to be used by the SSC for this purpose and do not wish to enter the promotion, please tick this box.",687,
10/21/2015 16:21:14,piesieanto@yahoo.com,"Cape Coast, Ghana",Offline,,It's amazing! Thumbs up,,,822,
8/17/2015 18:13:17,,RG6 7BE,Chuffed.org website,,"A great project to increase users empowerment in the decision-making process, because it is being developed in Africa. Congratulations!",,,532,
10/14/2015 22:44:37,,"Kigali, Rwanda",Offline,,Supporting as a student of AIMS Tanzania!,,"If you do not wish your data to be used by the SSC for this purpose and do not wish to enter the promotion, please tick this box.",686,
10/21/2015 17:54:18,,"Clearwater, Florida",Chuffed.org website,,,,,823,
8/17/2015 22:48:49,,RG6 7NT,Chuffed.org website,,,,,533,
10/14/2015 22:45:05,,"Kigali, Rwanda",Offline,,Supporting as a student of AIMS Tanzania!,,"If you do not wish your data to be used by the SSC for this purpose and do not wish to enter the promotion, please tick this box.",688,
8/18/2015 21:23:01,alex.waya@gmail.com,"Makueni, Kenya",M-Pesa,,,,,534,
7/18/2015 16:26:45,,"Washington, DC, USA",Chuffed.org website,,Best of Luck,,,386,
7/18/2015 21:26:49,,RG4 6UN,Chuffed.org website,,,,,387,
7/18/2015 23:35:24,ikenna@aims.ac.za,Orlu Nigeria,Chuffed.org website,,Wonderful initiative to develop Africa through math sci. Excited to identify my village Akuma (in Orlu) with maths initiative.,,,388,
7/20/2015 0:54:16,,Toronto Canada,Chuffed.org website,,Good luck on your initiative.,,,389,
7/20/2015 2:32:53,,"Freetown Avenue, Accra, Ghana",Offline,,"Let's get to live future understanding the past (data) #africandatainitiative
- FFT",,,390,
7/20/2015 11:38:22,fanuel@aims.ac.za,"Maseno University, Kenya",M-Pesa,,,,,391,
7/20/2015 11:44:01,tabbygoko@gmail.com,Murang'a,M-Pesa,,A wonderful initiative and effort! All the best.,,,392,
7/20/2015 11:44:18,hailemekonnen@gmail.com,Ethiopia,I would like to be contacted about how I can make my contribution,,,,,394,
7/20/2015 11:44:36,hailemekonnen@gmail.com,Ethiopia,I would like to be contacted about how I can make my contribution,,,,,,
7/20/2015 11:47:08,,Malava,M-Pesa,,Wazo nzuri sana.,,,395,
10/21/2015 17:54:40,,"East Legon, Ghana",Offline,,Wishing you the best in all your endeavours vis-a-vis this initiative.,,,824,
10/14/2015 22:45:44,,"Dar es Salaam, Tanzania",Offline,,Supporting as a student of AIMS Tanzania!,,"If you do not wish your data to be used by the SSC for this purpose and do not wish to enter the promotion, please tick this box.",689,
10/21/2015 17:55:14,,"Aburi, Ghana",Offline,,Good luck,,,825,
8/20/2015 3:06:58,d.stirling@massey.ac.nz,"Palmerston North, New Zealand",Chuffed.org website,,Will be a valuable resource. It may also breathe new life into “CAST for Africa” — free e-books to support learning statistics in Africa.,I tried to add my location before but it has not appeared on the supporters' map. Hopefully it will appear this time (with its short message).,,535,
10/14/2015 22:46:13,,"Bagamoyo, Tanzania",Offline,,Supporting as a student of AIMS Tanzania!,,"If you do not wish your data to be used by the SSC for this purpose and do not wish to enter the promotion, please tick this box.",690,
10/21/2015 17:55:50,,"Osu, Ghana",Offline,,Wishing you the best,shirleyannelutterodt@yahoo.com,,826,
8/22/2015 9:55:57,roshini@stat.cmb.ac.lk,"University of Colombo, Sri Lanka",Chuffed.org website,,Wish the INSTAT project great success.,,,540,
10/14/2015 22:47:03,,"Osun state, Nigeria",Offline,,Supporting as a student of AIMS Tanzania!,,"If you do not wish your data to be used by the SSC for this purpose and do not wish to enter the promotion, please tick this box.",691,
10/21/2015 20:59:39,,NYARUGENGE-KIGALI-RWANDA,Offline,,,,,,
8/22/2015 11:30:50,,"Micoud, St Lucia, West Indies",Chuffed.org website,,,,,555,
10/14/2015 22:47:45,,"Khartoum, Sudan",Offline,,"I am so proud of being a part of this, keep saying MaMa Africa is the best.",,"If you do not wish your data to be used by the SSC for this purpose and do not wish to enter the promotion, please tick this box.",692,
10/23/2015 14:12:25,,"Bonn, Germany",Chuffed.org website,,from Kaspar,"I donated for Kaspar from my British account, he's paying me in cash.

Best,

Franca",,843,
8/23/2015 22:39:08,mutahi.nyambura@gmail.com,"molo, Kenya",M-Pesa,,,I think that is a great idea,,541,
10/14/2015 22:48:26,,"Khartoum, Sudan",Offline,,"I am Ola, Sudanese girl with big belief in AMI, God bless you.",,"If you do not wish your data to be used by the SSC for this purpose and do not wish to enter the promotion, please tick this box.",693,
10/24/2015 18:53:31,oluwafemi@aims.edu.gh,"AYEDUN,KWARA-STATE NIGERIA",I am part of a group that made a contribution,,What a needful initiative. God  will raise the needed help for this initiative to stand the test of time.,Goodluck!,,844,
8/24/2015 15:39:36,akafasalire@yahoo.co.uk,"Blantyre, Malawi",Offline,,this is a campagn worth supporting,,,542,
10/14/2015 22:49:16,,"Dar es Salaam, Tanzania",Offline,,Supporting as a student of AIMS Tanzania!,,"If you do not wish your data to be used by the SSC for this purpose and do not wish to enter the promotion, please tick this box.",694,
10/25/2015 17:39:18,,N29EA,Chuffed.org website,,,,,845,
8/25/2015 18:03:11,nforcheh@gmail.com,"gaborone, Botswana",I am part of a group that made a contribution,,A great initiative for Friends of Africa Statistics to walk the talk and make it a sustained reality starting from African Statistics Day,,,543,
10/14/2015 22:49:44,,"Mwanza, Tanzania",Offline,,Supporting as a student of AIMS Tanzania!,,"If you do not wish your data to be used by the SSC for this purpose and do not wish to enter the promotion, please tick this box.",695,
10/25/2015 20:56:38,,"Morogoro, Tanzania",Offline,,Isaya supports ADI,,,846,
8/26/2015 10:32:14,pgmboufang@gmail.com,Cameroun,I would like to be contacted about how I can make my contribution,,Vert interesting project. I,,,544,
10/14/2015 22:50:35,,"Mwanza, Tanzania",Offline,,Supporting as a student of AIMS Tanzania!,,"If you do not wish your data to be used by the SSC for this purpose and do not wish to enter the promotion, please tick this box.",696,
10/25/2015 21:02:27,,"Morogoro, Tanzania",Offline,,Isaya Supports ADI,,,846,
8/27/2015 1:54:50,william@aims.ac.za,Liberia,I would like to be contacted about how I can make my contribution,,Great tool for African academics.,,,545,
10/14/2015 22:51:06,,"Arusha, Tanzania",Offline,,Supporting as a student of AIMS Tanzania!,,"If you do not wish your data to be used by the SSC for this purpose and do not wish to enter the promotion, please tick this box.",697,
10/25/2015 21:02:34,,"Morogoro, Tanzania",Offline,,Isaya Supports ADI,,,846,
8/27/2015 4:55:21,lindsaynadinerodgers@yahoo.co.uk,Hong Kong,Chuffed.org website,,Amazing work! Sending all the best from Hong Kong,,,546,
10/14/2015 22:51:58,,"Bujumbura, Burundi",Offline,,Supporting as a student of AIMS Tanzania!,,"If you do not wish your data to be used by the SSC for this purpose and do not wish to enter the promotion, please tick this box.",698,
8/27/2015 15:04:45,mgathenya@gmail.com,JKUAT,Chuffed.org website,,I am a supporter of the initiative to develop statistical software for African students,,,547,
7/20/2015 12:08:36,,Webuye,M-Pesa,,Kazi nzuri sana,,,396,
7/20/2015 12:09:38,mattjbr123@gmail.com,"Coulsdon, England",Chuffed.org website,,,,,397,
7/20/2015 12:58:07,tmawora@maseno.ac.ke,"Maseno, Kenya",M-Pesa,,I completely support this initiative.,,,399,
7/20/2015 13:18:27,mwasheghwa23@gmail.com,"Nairobi, 00400",Offline,,Great work.,,,400,
7/20/2015 13:21:50,gesarejudith80@yahoo.com,"Kisii, Kenya",Offline,,,,,401,
7/20/2015 13:29:42,galo.icea@gmail.com,"Nairobi, Kenya",Offline,,,,,402,
7/20/2015 14:15:27,tmawora@maseno.ac.ke,"Maseno, Kenya",Offline,,Look forward to using it in future.,,,403,
7/20/2015 15:05:18,,Kakamega,M-Pesa,,Great Initiative,,,404,
7/21/2015 15:26:38,s.wilson@reading.ac.uk,RG6 7NT,Chuffed.org website,,,,,405,
7/21/2015 16:22:32,,37214 Werleshausen,Chuffed.org website,,Great initiative taking Africa´s young scientists serious!,,,406,
10/25/2015 21:03:28,,"Mwanza, Tanzania",Offline,,Malaki Supports ADI,,,847,
10/14/2015 22:52:29,,"Bulawayo, Zimbabwe",Offline,,Supporting as a student of AIMS Tanzania!,,"If you do not wish your data to be used by the SSC for this purpose and do not wish to enter the promotion, please tick this box.",699,
10/25/2015 21:03:57,malaki222@yahoo.com,"Mwanza, Tanzania",Offline,,Malaki Supports ADI,,,847,
8/28/2015 14:41:42,pgmboufang@gmail.com,CAMEROON,I would like to be contacted about how I can make my contribution,,"Very interresting project, look forward hearing from you!!!!",,,548,
10/14/2015 22:53:06,,"Tabora, Tanzania",Offline,,Supporting as a student of AIMS Tanzania!,,"If you do not wish your data to be used by the SSC for this purpose and do not wish to enter the promotion, please tick this box.",700,
10/25/2015 21:04:36,malaki222@yahoo.com,"Mwanza, Tanzania",Offline,,Malaki Supports ADI,,,847,
8/29/2015 3:06:39,cnembou@dwu.ac.pg,Port Moresby,Chuffed.org website,,Happy to support the development of statistics world wide and this African data initiative is a good cause.,,,549,
10/14/2015 22:53:46,,"Mbeya, Tanzania",Offline,,Supporting as a student of AIMS Tanzania!,,"If you do not wish your data to be used by the SSC for this purpose and do not wish to enter the promotion, please tick this box.",701,
10/25/2015 21:05:51,rngelecha@yahoo.com,"Mwanza, Tanzania",Offline,,Ngelecha Supports ADI,,,848,
8/30/2015 15:32:21,,"Mkushi, Zambia",Offline,,Great initiative!,,,550,
10/14/2015 22:54:20,,"Songea, Tanzania",Offline,,Supporting as a student of AIMS Tanzania!,,"If you do not wish your data to be used by the SSC for this purpose and do not wish to enter the promotion, please tick this box.",702,
10/25/2015 21:07:50,fmbabaizi@gmail.com,"Busitema University, Uganda",Offline,,Support to Africans,,,830,
8/30/2015 15:33:02,,"Mkushi, Zambia",Offline,,,,,556,
10/14/2015 22:54:58,,"Harare, Zimbabwe",Offline,,Supporting as a student of AIMS Tanzania!,,"If you do not wish your data to be used by the SSC for this purpose and do not wish to enter the promotion, please tick this box.",703,
10/25/2015 21:08:58,sospeter659@gmail.com,"Dar es Salaam, Tanzania",Offline,,Sospeter Supports ADI,,,839,
8/30/2015 15:33:49,,"Mkushi, Zambia",Offline,,,,,557,
10/14/2015 22:55:24,,"Kumasi, Ghana",Offline,,Supporting as a student of AIMS Tanzania!,,"If you do not wish your data to be used by the SSC for this purpose and do not wish to enter the promotion, please tick this box.",704,
10/25/2015 21:09:42,,"Dar es Salaam, Tanzania",Offline,,David Supports ADI in Africa,,,831,
8/30/2015 15:34:41,,"Fiwila, Zambia",Offline,,,,,558,
10/14/2015 22:55:46,,"Babati, Manyasa, Tanzania",Offline,,Supporting as a student of AIMS Tanzania!,,,705,
10/25/2015 21:10:45,,"Dar es Salaam, Tanzania",Offline,,Pendo supports ADI in Africa,,,832,
8/30/2015 15:35:22,,"Lusaka, Zambia",Offline,,,,,559,
10/15/2015 8:31:00,,"Butiama, Tanzania",Offline,,Supporting as a student of AIMS Tanzania!,,,706,
10/25/2015 21:11:33,,"Dar es Salaam, Tanzania",Offline,,Daniel supports ADI in Africa,,,833,
8/30/2015 15:35:43,,"Lusaka, Zambia",Offline,,,,,560,
10/15/2015 8:31:36,,"Abutia-Kloe, Ghana",Offline,,Supporting as a student of AIMS Tanzania!,,,707,
10/25/2015 21:13:25,,"Makerere, Uganda",Offline,,Africa by Africans,,,834,
9/1/2015 0:24:58,,"London, UK",Chuffed.org website,,,,,561,
10/15/2015 8:32:09,,"Abutia-Kloe, Ghana",Offline,,Supporting as a student of AIMS Tanzania!,,,708,
9/1/2015 8:16:51,p.s.traore@cgiar.org,"Bamako, Mali",I would like to be contacted about how I can make my contribution,,Great initiative. Let's explore how to tie it to ongoing research projects.,,,551,
7/21/2015 16:49:35,Kevinsen@gmail.com,Colombo Sri Lanka,M-Pesa,,INSTAT was inspirational and brilliant in the 80's and 90's.May it be reborn and inspire statisticians and data scientists of the future,,,407,
7/21/2015 16:50:05,,EC1M 6EY,Chuffed.org website,,,,,408,
7/21/2015 16:51:33,,EH39 4AG,Chuffed.org website,,,,,409,
7/21/2015 18:42:58,,Ethiopia,I would like to be contacted about how I can make my contribution,,,,,,
7/21/2015 18:43:47,hailemekonnen@gmail.com,Ethiopia,I would like to be contacted about how I can make my contribution,,,,,,
7/21/2015 18:44:05,hailemekonnen@gmail.com,Ethiopia,I would like to be contacted about how I can make my contribution,,,,,,
7/21/2015 19:57:16,mroberts@aims.ac.tz,Bagamoyo Tanzania,Chuffed.org website,,Bagamoyo: soon to be the new home of AIMS Tanzania,,,410,
7/21/2015 23:13:37,Brucehbartlett@gmail.com,stellenbosch south africa,Chuffed.org website,,"Brilliant idea keep it up, from Stellenbosch",,,411,
7/22/2015 12:48:57,,Cape Town,Chuffed.org website,,So proud of what you have achieved.,,,420,
7/22/2015 15:26:48,,"London, UK",Chuffed.org website,,,,,421,
10/25/2015 21:13:26,,"Dar es Salaam, Tanzania",Offline,,Daniel supports ADI in Africa,,,835,
10/15/2015 8:32:29,,"Abutia-Kloe, Ghana",Offline,,Supporting as a student of AIMS Tanzania!,,,709,
10/25/2015 21:15:00,,"Makerere, Uganda",Offline,,Africa by Africans,,,836,
9/2/2015 11:28:43,,ox12 0ex,Chuffed.org website,,,,,562,
10/15/2015 8:33:00,,"Butiama, Tanzania",Offline,,Supporting as a student of AIMS Tanzania!,,,710,
10/25/2015 21:15:14,,"Makerere, Uganda",Offline,,Africa by Africans,,,836,
9/2/2015 20:21:01,annettehelbig@hotmail.com,"Manila, Philippines",Chuffed.org website,,"Great project, hope it will have great success",,,552,
10/15/2015 8:33:29,,"Musoma, Tanzania",Offline,,Supporting as a student of AIMS Tanzania!,,,711,
10/25/2015 21:15:47,,"Makerere, Uganda",Offline,,Africa by Africans,,,836,
9/3/2015 17:20:24,,university of nairobi,I would like to be contacted about how I can make my contribution,,,,,,
10/15/2015 9:15:16,dmbouna@aims.ac.tz,"Mbouda, Cameroon",Offline,,Good job!,,"If you do not wish your data to be used by the SSC for this purpose and do not wish to enter the promotion, please tick this box.",712,
10/25/2015 21:18:19,,"Dar es Salaam, Tanzania",Offline,,For changing Africa,,,836,
9/3/2015 17:26:07,tkamanu@uonbi.ac.ke,"-1.274046, 36.807279, School of Mathematics, University of Nairobi;",I would like to be contacted about how I can make my contribution,,,,,610,
10/15/2015 9:49:39,ldjeutchouang@aims.ac.tz,"Yaounde, Cameroon",Offline,,"I love Statistics, Our life is all about Statistics. And the data are the engine that make it keep moving forward.",I love mathematics but I love Statistics and Probabilities more. I am going to join the team very soon.,,713,
10/25/2015 21:17:10,,"Dar es Salaam, Tanzania",Offline,,For changing Africa,,,836,
9/3/2015 23:58:39,,washington DC USA 20009,Chuffed.org website,,A groundbreaker!,,,553,
10/15/2015 9:56:42,merlindjeutchouang@gmail.com,"Douala, Cameroon",Offline,,"I realize that if I had recorded data about my business, it should have been easy for me to improve my benefit. Good initiative",,,714,
10/25/2015 21:19:00,,"Dar es Salaam, Tanzania",Offline,,For changing Africa,,,836,
9/4/2015 11:55:56,satelite@gmail.com,"Maseno, Kenya",Offline,,our only limitations are printed in the minds.,Impossible is nothing,,554,
10/15/2015 9:57:52,merlindjeutchouang@gmail.com,"Batie, Western Cameroon",Offline,,Daily life is all about data. All the best guys,,,715,
10/25/2015 21:20:59,,"Dar es Salaam, Tanzania",Offline,,For changing Africa,,,836,
9/5/2015 17:15:56,annettehelbig@hotmail.com,"1709 Merville, Paranaque, Philippines and Stoney Creek L8J 2Y3 Hamilton Ontario and also 35216 Weifenbach, Germany",Chuffed.org website,,"I love your project, what a great idea and I am looking forward to have material available in the Philippines for Springboard-Foundation",,,"569, 570, 571",
10/15/2015 14:43:52,pegschan@gmail.com,E12EZ,Chuffed.org website,,Keep up with the good work!,,"If you do not wish your data to be used by the SSC for this purpose and do not wish to enter the promotion, please tick this box.",716,
10/25/2015 21:21:16,,"Dar es Salaam, Tanzania",Offline,,For changing Africa,,,836,
9/5/2015 21:16:48,,"Buenos Aires, Argentina",Chuffed.org website,,Great initiative with a lot of potential! Keep going!,,,572,
10/15/2015 16:33:17,neyomwi@yahoo.com,Morogoro,I am part of a group that made a contribution,,,,,717,
10/25/2015 21:22:33,wattsonlevens@yahoo.com,"Mukigo-Kigoma, Tanzania",Offline,,Maths took me from Mukigo-Kigoma to UDSM,,,837,
9/5/2015 21:27:23,giovanna.degiusti@gmail.com,Mansue' Italy (post code 31040),I am part of a group that made a contribution,,Hoping in a brighter future for Africa! Love from Rita and Mario,,,573,
10/15/2015 16:34:19,kessytt@yahoo.co.uk,Morogoro,I am part of a group that made a contribution,,,,,718,
9/7/2015 16:20:47,mutahi.nyambura@gmail.com,"molo, kenya",M-Pesa,,"its my pride to contribute to developing ""the missing tool""",,,574,
7/22/2015 16:18:53,,"Bridgetown, Barbados",Chuffed.org website,,All the best with the development...,,,422,
7/22/2015 17:53:58,reginakanini7@gmail.com,"isiolo, kenya",M-Pesa,,,,,423,
7/22/2015 22:52:25,,Nairobi,I am part of a group that made a contribution,,participant,,,424,
7/23/2015 12:45:06,christinelaetitia@gmail.com,Kenya,M-Pesa,,Great work AMI! You moulded me.,,,430,
7/23/2015 16:29:33,danmusyoka74@gmail.com,"Mulango, Kitui County",I would like to be contacted about how I can make my contribution,,,,,431,
7/24/2015 3:50:38,andree@aims.edu.gh,"Bafoussam, Cameroon",I am part of a group that made a contribution,,,,,432,
7/24/2015 14:58:46,stevekogo@gmail.com,Maseno University,M-Pesa,,Together we develop the missing tool.,,,433,
7/24/2015 15:01:57,ruthjer11@gmail.com,Maseno University,M-Pesa,,Together we develop the missing tool.,,,607,
7/24/2015 15:06:06,stevekogo@gmail.com,Maseno University,M-Pesa,,Together we develop 'the missing tool'.,,,,
7/24/2015 15:06:46,ndungesylvia@yahoo.com,"Maseno University, Kenya",M-Pesa,,Great Initiative. Wishing the team all the best.,,,434,
10/15/2015 16:34:59,nkipato@aims.ac.tz,Morogoro,I am part of a group that made a contribution,,,,,719,
9/7/2015 17:01:09,fundimaxwell@gmail.com,"Embu, Kenya",M-Pesa,,"Hey, lots of love from Embu Kenya. Am proud of this life changing project.",,,575,
10/15/2015 16:35:34,jkiyyo@yahoo.com,Morogoro,I am part of a group that made a contribution,,,,,720,
9/8/2015 7:13:55,kevde@gmail.com,"Yala, Kenya",M-Pesa,,I am excited to be part of this,,,576,
10/15/2015 16:36:30,kusolwap@gmail.com,Morogoro,I am part of a group that made a contribution,,,,,721,
9/8/2015 7:18:18,,"Maseno, Kenya",M-Pesa,,This is precisely what we should be aiming at,This is a great opportunity for Africa to prove that she is capable,,577,
10/15/2015 20:14:54,emoyojnr@yahoo.com,"Mulungushi University, Zambia",I am part of a group that made a contribution,,"You guys are doing a great job, hope to work with you one day...May God bless your works",,,722,
9/8/2015 7:19:02,,"Maseno, Kenya",M-Pesa,,This is precisely what we should be aiming at,This is a great opportunity for Africa to prove that she is capable,,,
10/16/2015 12:29:24,emoyojnr@yahoo.com,Kabwe,I am part of a group that made a contribution,,,,,723,
9/8/2015 7:53:40,wairimubk@gmail.com,Embu-60100,M-Pesa,,All the best,,,578,
10/16/2015 15:47:51,o_baddour@yahoo.com,Rabat Morocco,Chuffed.org website,,"Thanks for this nice initiative, I am happy that I discovered  it and eager to support it.",enhancing Math applications in Africa is a way to contribute to the development of the continent,,724,
9/8/2015 10:33:11,,"Makueni,Kenya",I would like to be contacted about how I can make my contribution,,Keep the spirits guys. Kudos from Makueni.,,,579,
10/16/2015 16:37:46,,"Rabat, Morocco",Chuffed.org website,,This is a wonderful  initiative.,Social and economic development  in Africa can be further enhanced by a wider use of  Applied Mathematics in various sector of applications.,,725,
9/8/2015 11:02:39,faithkoech1@gmail.com,"eldoret, kenya",I am part of a group that made a contribution,,,,,580,
10/16/2015 17:55:41,,Hassan Baddour,Chuffed.org website,,"Bravo, les maths au service du development en Afrique,",,,726,
9/8/2015 13:46:57,sahamathew@gmail.com,Mombasa,M-Pesa,,"I am Mathew Saha Louis, a member of a group who pioneered GDG-MMUST. I wish to commend you for your effort.",,,581,
10/16/2015 18:01:09,,"Rabat, Morocco",Chuffed.org website,,Thank you and this is a wonderful initiative,Applied Maths is a formidable tool for development in Africa. The initiative is just wonderful,,727,
9/8/2015 15:45:19,kerenchebet6@gmail.com,eldoret,Offline,,"That is an awesome idea! I fully support it

Keren :)",Bravo!!,,582,
10/16/2015 23:06:05,amsalework16@gmail.com,"Bahir Dar University, Ethiopia",Chuffed.org website,,"As it has been said in Ethiopia 'fifty lemons are a burden for a single person and a jewelry for fifty people', let us cooperate!",,,728,
9/8/2015 19:44:06,anastaciacheptoo@yahoo.com,"Eldoret, kenya",I would like to be contacted about how I can make my contribution,,kudos for good work,i support this initiative,,583,
7/24/2015 20:23:23,,"Reading, UK",Chuffed.org website,,"Inspiring, well-intentioned, generous-hearted, exciting, forward-looking, ambitious.   Keep flying the flag, guys!",,,435,
7/24/2015 23:10:53,m.tayyab.ilyas@gmail.com,"Jhelum, Pakistan",Chuffed.org website,,,,,436,
7/24/2015 23:11:43,m.tayyab.ilyas@gmail.com,"Jhelum, Pakistan",Chuffed.org website,,,,,,
7/24/2015 23:15:36,,"Moscow, Russia",Chuffed.org website,,"Я уверен, что ты пойдешь далеко. Любовь, почтение и восхищение от Москвы!",,,437,
7/25/2015 13:43:03,,"Koforidua, Ghana",Offline,,Nkuntabuo,,,438,
7/25/2015 13:44:37,p.lamptey@meteo.gov.gh,"Gbawe , Ghana",Offline,,African Innovation,,,439,
7/25/2015 13:45:38,k.asare@meteo.gov,"Nkoranza, Ghana",Offline,,Supporting the African Data Initiative,,,440,
7/25/2015 13:46:57,cbletsa@st.ug.edu.gh,"Ho, Ghana",Offline,,"Good initiative, all the best.",,,441,
7/25/2015 20:51:34,m.tayyab.ilyas@gmail.com,Pakistan,Chuffed.org website,,,,,442,
7/26/2015 11:52:38,,Kakamega,M-Pesa,,Promising Initiative!,,,443,
10/17/2015 11:57:25,tanjona@aims.ac.tz,"Antananarivo, Madagascar",Offline,,Tanjona supports ADI from Madagascar,,,741,
9/8/2015 19:53:13,wafulaeuniceatieno@gmail.com,mombasa,M-Pesa,,Good work AMI keep it up!!,,,584,
10/17/2015 12:02:32,tanjona@aims.ac.tz,"Maintirano, Madagascar",Offline,,Eric supports ADI from Madagascar,,,742,
9/8/2015 19:59:08,,"Stockholm, Sweden",Chuffed.org website,,,,,585,
10/17/2015 15:10:30,,"Mulungushi university, Zambia",Offline,,Edwin Supports ADI from Zambia,,,743,
9/8/2015 23:11:41,,kt13 9jz,Chuffed.org website,,"great project guys, keep up the good work!!",,,586,
10/17/2015 15:11:52,,"Maputo, Mozambique",Offline,,Timoteo Sambo supports ADI from Mozambique,,,744,
9/9/2015 9:45:32,,Nairobi Kenya,M-Pesa,,,,,587,
10/17/2015 15:13:56,,"Bagamoyo, Tanzania",Offline,,Judith Ezeagu supports ADI from AIMS Tanzania,,,745,
9/9/2015 11:06:22,johnkarisa96@gmail.com,"mombasa, kenya",I would like to be contacted about how I can make my contribution,,great idea this will make statistics more fun and easy to use!,,,588,
10/17/2015 15:20:06,,"Anabra State, Nigeria",Offline,,Peter Nwokolo from AIMS Tanzania supports ADI,,,746,
9/9/2015 15:36:54,derejetesfaye11@gmail.com,"Bahir Dar, Ethiopia",I would like to be contacted about how I can make my contribution,,,,,589,
10/17/2015 15:21:11,,"Anabra State, Nigeria",Offline,,"Rubben supports ADI from Anabra State, Nigeria.",,,747,
9/9/2015 23:20:17,,Vancouver,Chuffed.org website,,Good luck with this great project!,,,590,
10/17/2015 15:22:30,,"Anabra State, Nigeria",Offline,,Paul Nwokolo supports ADI from Nigeria,,,748,
9/9/2015 23:21:23,,"Pender Island, Canada, V0N2m2",Chuffed.org website,,What a wonderful project! Keep up the good work.,,,591,
10/17/2015 15:25:08,fundimaxwell@gmail.com,"Embu, Kenya",Offline,,June Ann supports ADI from Embu Kenya,,,749,
9/10/2015 11:40:59,samuel.wanjohi93@gmail.com,"Embu, Kenya",M-Pesa,,Africa Data Initiative is a development reality come support,,,592,
10/17/2015 21:54:54,tanjona@aims.ac.tz,"Ambositra, Madagascar",Offline,,Wonderful idea - Jean from Madagascar,,,750,
9/10/2015 13:30:20,,"Kangema,Kenya",M-Pesa,,I solely support this initiative,,,593,
7/26/2015 11:54:33,,Kakamega,M-Pesa,,Wonderful Initiaitve. Keep going African Maths Initiative.,,,444,
7/26/2015 17:49:20,,"isiolo, kenya",M-Pesa,,,,,445,
7/27/2015 12:03:12,,"Lisbon, Portugal",Chuffed.org website,,Good vibes from Portugal!,,,446,
7/27/2015 12:18:04,shikoh@aims.ac.za,"Nairobi, Kenya.",M-Pesa,,Great Initiative!,,,449,
7/27/2015 18:58:49,gma_collins@yahoo.co.uk,"Bath, UK",Chuffed.org website,,"A great project - wish you every success, Gillian",Thanks to Ian Wilson for passing on the information. Great memories of Applied Stats at Reading 1973/4.,,450,
7/27/2015 22:02:58,,Lodnon,Chuffed.org website,,,,,,
7/29/2015 19:50:27,wiltmt@aol.com,Ibadan Nigeria,Chuffed.org website,,Great initiative that is bound to change lives in Africa. I wish you every success.,,,465,
7/30/2015 15:15:22,,London,Chuffed.org website,,,,,468,
7/30/2015 18:40:52,r.d.stern@reading.ac.uk,RG2 7AX,Chuffed.org website,,"Really looking forward to the Instat with R partnership, particularly for the improved analysis of climatic data",This replaces my null comment last time!,,466,
7/31/2015 12:05:15,mykmumbo@gmail. com,"Homa-Bay, kenya",M-Pesa,,"Brilliant idea I have to admit, at the critical hour of need, I support this innitiative",,,467,
9/11/2015 9:30:51,forchehn@mopipi.ub.bw,"Gaborone, Botswana",I would like to be contacted about how I can make my contribution,,I am still learning about this initiative but I know any initiative with involvement and blessing of Roger and Carlos is always commendable,"Would like to get more information about on how Africa Data initiative is linked with the other initiatives on the forum and what implications are with respect to a Statistics training department like ours.

N. FORCHEH, 
DEPT OF STATISTICS
UNIVERSITY OF BOTSWANA",,594,
9/11/2015 16:13:23,banain57@hotmail.fr,"France, Toulouse (31400)",Chuffed.org website,,A great project ! Keep going !,,,595,
9/11/2015 16:40:08,mukiriii@gmail.com,"Meru, Kenya",M-Pesa,,I love initiatives in Mathematics since I am a Mathematics Educator. This is a good one.,,,596,
9/11/2015 16:52:42,mmeece@stat.ufl.edu,32605,Chuffed.org website,,,,,597,
9/11/2015 17:36:28,,"Wote, Kenya",M-Pesa,,Keep working guys... I fully support!,,,598,
9/11/2015 19:18:43,,"Oxford, UK",Chuffed.org website,,Keep up the good work!,,,599,
9/12/2015 22:11:41,catvignon@googlemail.com,"38200 Vienne, France",Chuffed.org website,,An initiative well worth it. I look forward to the results!,,,601,
9/13/2015 1:36:44,,Micoud St Lucia West Indies,Chuffed.org website,,,,,602,
9/13/2015 10:16:19,emmakamie600@gmail.com,Embu -Kenya,M-Pesa,,"Emmah Maxwells 
supports AMI",,,603,
8/3/2015 0:08:42,,reykjavík,Chuffed.org website,,,,,469,
8/5/2015 11:26:25,andree@aims.edu.gh,"Bafoussam, Cameroon",I am part of a group that made a contribution,,I believe this is a step to reduce Africa problems. Keep it up,,,471,
8/6/2015 8:49:50,charles.vanya@yahoo.com,"Chikwawa, Malawi",Offline,,"This is a good initiative for the development of statistical understanding in Africa, and Malawi in particular.",,,489,
8/6/2015 8:51:34,clemboyce@gmail.com,"Mulanje, Malawi",Offline,,Very interesting especially on working with kids.  This is an initiative worth supporting.,,,489,
8/6/2015 8:52:48,adams.chavula@gmail.com,"Rumphi, Malawi",Offline,,Excellent initiative!,,,514,
8/6/2015 8:54:23,pkem25@gmail.com,"Salima, Malawi",Offline,,This will indeed be a very powerful tool for data analysis; let's support.,,,515,
8/6/2015 10:46:29,s.toure@icrisatml.org,"Bamako, Mali",Chuffed.org website,,L'Afrique a besoin de plus de visibilite sur les statistique pour mieux decider.,,,516,
8/6/2015 10:56:19,s.toure@icrisatml.org,"Bamako, Mali",Chuffed.org website,,L'Afrique a besoin de plus de visibilite sur les statistique pour mieux decider.,,,,
8/6/2015 11:01:29,s.toure@icrisatml.org,"Bamako, Mali",Chuffed.org website,,L'Afrique a besoin de plus de visibilite sur les statistique pour mieux decider.,,,,
8/6/2015 11:06:24,andree@aims.edu.gh,"Bafoussa, Cameroon",I am part of a group that made a contribution,,"This is a step to reduce Africa's problems. Africans can do it, Keep it up, I believe it will be a success.",,,517,
9/13/2015 19:52:08,,"Ghent, Belgium",Chuffed.org website,,,,,605,
9/14/2015 8:04:27,patrickkamau78@gmail.com,"Limuru, Kenya 00217",M-Pesa,,The very best to the team working on this great initiative.,,,604,
9/14/2015 11:28:40,,"Cape Town, South Africa",Chuffed.org website,,Really excited to see this endeavor moving forward.,,,619,
9/14/2015 13:24:36,kagecha.cyrus@gmail.com,"Eldoret, kenya",I would like to be contacted about how I can make my contribution,,"great work, all the support.",,,620,
9/14/2015 13:41:50,chinamusoke@gmail.com,"nairobi,kenya",I would like to be contacted about how I can make my contribution,,,,,621,
9/14/2015 14:00:17,jaredmumbo@gmail.com,"homabay, kenya",I would like to be contacted about how I can make my contribution,,continue with good work! i support,,,622,
9/14/2015 14:01:19,,"homabay, kenya",I would like to be contacted about how I can make my contribution,,kudos team AMI!!,,,623,
9/14/2015 14:18:04,kamauw46@yahoo.com,"Njoro,kenya",I would like to be contacted about how I can make my contribution,,Thanks to the progressive minds for coming up with this idea.Am completely supporting it.,,,624,
9/15/2015 10:54:05,,Accra,Offline,,excited to see the product of your initiative,,,625,
8/6/2015 11:28:16,,"Yaounde, Cameroon",Offline,,,,,488,
8/6/2015 11:35:19,armelfotsoh@yahoo,"bordeaux, France",I would like to be contacted about how I can make my contribution,,The project seems to be Very interesting and helpful for all Africa.,,,490,
8/6/2015 14:01:01,,Douala_ Cameroun,Offline,,"Beaucoup de courage, l'Afrique attend beaucoup des projets comme celui ci.",,,491,
8/6/2015 14:16:03,,"Douala,  Cameroon",I am part of a group that made a contribution,,"Excellent initiative, this will go a long way to improve data analysis in Africa. Powered by Africa for Africa.",,,492,
8/6/2015 15:21:28,cyrille.fomekong@yahoo.fr,"Yaoundé, Cameroun",Chuffed.org website,,i think it's a very interresting initiative,,,493,
8/6/2015 17:00:09,toonicholas11@gmail.com,Nairobi Kenya,M-Pesa,,,Great initiative,,494,
8/7/2015 15:53:50,rkapso@yahoo.com,Cameroon,I would like to be contacted about how I can make my contribution,,,"it will be great if on the website page you include the option share on Fcaebook, Linkdin",,,
8/9/2015 15:21:58,tabbygoko@gmail.com,Murang'a,M-Pesa,,,,,487,
8/9/2015 15:22:09,tabbygoko@gmail.com,Murang'a,M-Pesa,,,,,,
8/9/2015 15:22:41,tabbygoko@gmail.com,Murang'a,M-Pesa,,,,,,
