{
  "licenseType": "Unknown",
  "dc:description": "Imported at Fri Feb 24 07:18:17 PST 2017 from Supporters Form (Responses).xlsx.",
  "exportable": true,
  "dc:title": "ADI Supporters",
  "dc:modified": "2017-02-24T15:29:28Z",
  "dc:identifier": "1Ik5m-Ey501Z77zHv8lvZbajvIOjNBd2Ib8NFEhsp",
  "tableSchema": {"columns": [
    {
      "datatype": "date",
      "name": "col0",
      "validateData": false,
      "title": "Timestamp"
    },
    {
      "datatype": "string",
      "name": "col1",
      "validateData": false,
      "title": "Your email (optional)"
    },
    {
      "datatype": "location",
      "name": "col2",
      "validateData": false,
      "title": "Where would you like your point to appear on our map?"
    },
    {
      "datatype": "string",
      "name": "col3",
      "validateData": false,
      "title": "Your contribution"
    },
    {
      "datatype": "string",
      "name": "col4",
      "validateData": false,
      "title": "Group payment details"
    },
    {
      "datatype": "string",
      "name": "col5",
      "validateData": false,
      "title": "Short personal message (optional)"
    },
    {
      "datatype": "string",
      "name": "col6",
      "validateData": false,
      "title": "Any additional comments (optional)"
    },
    {
      "datatype": "string",
      "name": "col7",
      "validateData": false,
      "title": "e-SMS Promotion"
    },
    {
      "datatype": "double",
      "name": "col8",
      "validateData": false,
      "title": "On the map?"
    },
    {
      "datatype": "string",
      "name": "col9",
      "validateData": false,
      "title": "Emailed?"
    }
  ]}
}