{
  "licenseType": "Unknown",
  "dc:description": "Imported at Sun Dec 13 23:21:28 PST 2015 from metal_roads.kml.",
  "exportable": true,
  "dc:title": "metal_roads",
  "dc:modified": "2015-12-14T07:27:13Z",
  "dc:identifier": "1SukqyVy9QqneHDQ9lFuUISs8CokpAKo13m8fBGWB",
  "tableSchema": {"columns": [
    {
      "datatype": "string",
      "name": "col0",
      "validateData": false,
      "title": "description"
    },
    {
      "datatype": "string",
      "name": "col1",
      "validateData": false,
      "title": "name"
    },
    {
      "datatype": "string",
      "name": "col2",
      "validateData": false,
      "title": "macronated"
    },
    {
      "datatype": "double",
      "name": "col3",
      "validateData": false,
      "title": "lane_count"
    },
    {
      "datatype": "string",
      "name": "col4",
      "validateData": false,
      "title": "surface"
    },
    {
      "datatype": "double",
      "name": "col5",
      "validateData": false,
      "title": "Length"
    },
    {
      "datatype": "location",
      "name": "col6",
      "validateData": false,
      "title": "geometry"
    }
  ]}
}