Datum,Stadt,Veranstaltungsort,Adresse,Land,Infos,Icon
2018-11-14,Bonn,Rex Filmtheater,"Frongasse 9
53121 Bonn
Tel.: 0228 622330",DE,"Beginn 20:00 Uhr

 anschließend Diskussion, anw. attac Bonn

 ",grn_blank
2018-11-08,Suhl,"Treffpunkt Gaststätte ""Weiberwirtschaft""",Bahnhofstr.1,DE,"Beginn: 17 Uhr   Diskussionsrunde mit Lesern der Zeitschrift ""RotFuchs"" und Vereinsmitgliedern der Regionalgruppe Suhl und Umgebung",grn_blank
2018-11-08,Schenkenzell,SCHENKhaus Schenkenzell,"Landstr. 8
77773 Schenkenzell",,"Beginn 19:30
Eintritt frei
Soziales Netzwerk, GABENtisch",grn_blank
2018-11-08,Höchst,Lichtspiele Höchst,"Frankfurter Straße 3
64739 Höchst",DE,"Beginn 19:30
Veranstalter: Freunde des Kino Höchst",grn_blank
2018-11-08,Essen,VHS Essen,"Burgplatz 1
45127 Essen",DE,"Beginn 19:00
Veranstalter: attac Essen in Koop. mit der VHS Essen",grn_blank
2018-11-08,Georgenthal,Bürgerhaus,"Bahnhofst. 8
99887 Georgenthal",DE,"Beginn: 19:30
Veranstalter: Jungendarbeit der VG Apfelstädtaue",grn_blank
2018-11-08,Kernen-Stetten im Remstal,Glockenkelter,"Hindenburgstraße 11
71394 Kernen im Remstal",DE,"Beginn 20 Uhr
anschließ. Diskussion
Politik-und Kulturverein der AllmendeStetten e.V. ",grn_blank
2018-11-08,Winnenden,Theater Alte Kelter,"Paulinenstraße 33
Winnenden",DE,"Beginn 19:30,
Einl. ab 19:00, Eintritt frei
anschl. Diskussion mit Christa Angerbauer (ver.di), Info-Offensive Winnenden+DGB Ortsverein Winnenden",grn_blank
2018-11-09,Kusterdingen,Bürger- und Kulturhaus Klosterhof,"Bürger- und Kulturhaus Klosterhof
72127 Kusterdingen",DE,"
Veranstalter: Tauschring Härtennetzwerk
anschl. Disk. mit VertreterInnen aus Politik, Gewerkschaft ver.di + Wissenschaft",grn_blank
2018-11-08,Sprockhövel,IG Metall Bildungszentrum Sprockhövel,"Otto-Brenner- Straße 100
45 549 Sprockhövel",DE,"Beginn 19:00 Uhr, anschließend Diskussion mit Dr. Hans-Ulrich Fischer",grn_blank
2018-11-08,Berlin,Cafe Manstein4,"Mansteinstr. 4
10783 Berlin",DE," Beginn 19:00 Uhr,
Kulturkombinat GmbH &Co.KG
anschließ. Diskussion",grn_blank
2018-12-02,Mainz,Cine Mayence im Institut francais,"Schillerstr. 11
55 116 Mainz",DE,Beginn 20 :30,grn_blank
2018-12-03,Mainz,Cine Mayence im Institut francais,"Schillerstraße 11
55 116 Mainz",,Beginn 20:30 Uhr,grn_blank
2018-12-04,Mainz,Cine Mayence im Institut francais,"Schillerstraße 11
55 116 Mainz",DE,Beginn 20:30 Uhr,grn_blank
2018-11-08,München,"München Arena Kino, Kino 1","Hans-Sachs-Straße 7
München",DE,Beginn 19:00 Uhr,grn_blank
2018-11-21,Weimar,Kino mon ami,Goetheplatz 11 99423 Weimar,DE,,grn_blank
2018-11-28,Köln-Mülheim,Gesundheitsladen köln e.V. ,"Steinkopfstraße 2
51065 Köln-Mülheim",DE,"Beginn: 19:30 Uhr,
anschl. Diskussion",grn_blank
2018-11-09,Elmstein,"Pizzeria ""Grotta azzurra""","Alte Forststraße 1
54471 Elmstein",DE,"Beginn 19:00 Uhr, 
Veranstalter: förderverein projekt internat. medienzentrum e.V. 
anschl. diskussion, Moderation: Dr.med. Gisela Scheriau",grn_blank
2018-11-08,Frankfurt,Praxis Berger 200,"Bergerstraße 200
60385 Frankfurt",DE,"Beginn 18:00 Uhr
Veranstalter: Wilfried Ott",grn_blank
2018-11-08,Hannover,Naturheilpraxis Monika Bartel,"Lister Meile 21
30161 Hanoover",DE,"Beginn: 18:00 Uhr
anschl. Diskussion",grn_blank
2018-11-15,Treuen,Begegnungszentrum im Luthersaal,"Pfarrstraße 4
08233 Treuen",DE,"Beginn: 18:30
Veranst.: Peter Jattke
anschl. Diskussion, anw. Sandra Steiner, Kriegskinderstiftung",grn_blank
2018-11-11,Erlangen,E-Werk Kino,"Fuchsenwiese 1
91054 Erlangen
",DE,"Beginn 18:00 Uhr
Eintritt frei, Veranstalter: Weitsicht ERlangen
anschl. Diskussion Wolfgang Lederer-Kanamin, Arzt f. Allgem. Med., Mitgl. IPPNW + Verein Demokr. Ä.+Ä (vdaeae)",grn_blank
2018-12-01,Mainz,Cine Mayence im Institut francais,"Schillerstr. 11
55 116 Mainz",DE,"Beginn 20:30 Uhr, 
Veranst. Referat gesell. Verantwortung, Ev. Dekanat
Filmemacherin  Leslie Franke + Gisela Apitzsch (Ev. Dekanat)  anwesend, anschl. Diskussion
",grn_blank
2018-11-28,Bad Säckingen,Gloria Theater,"Friedrichstraße 21
79713 Bad Säckingen",DE,"Beginn 20:00 Uhr,
Pro Spital Bad Säckingen e.V. 
vorab kurzes Interview",grn_blank
2018-11-08,Saarbrücken,Versammlungsraum der Peter-Imandt- Gesellschaft,"Futterstr. 17 - 19
66 111 Saarbrücken",DE,"Beginn 18:00 Uhr
Veranst. P.-Imandt-Gesell./Rosa-Luxb. Stiftung, Koop. ver.di Reg. Saar-Trier",grn_blank
2018-11-09,Düsseldorf,Metropol Kino,"Brunnenstr. 20
40223 Düsseldorf",DE,"19 Uhr
Veranst.: MindBodyMed.DUS + ""Medizin und Menschlichkeit""e.V. , anschl. Diskussion mit Dr.med.H.-U. Sappok (MBMDUS)",grn_blank
2018-11-12,Berlin,Helle Panke e.V. /Rosa-Luxemburg-Stiftung Berlin,"Kopenhagener Str. 76
10437 Berlin",DE,"Beginn 19:00 Uhr,
 anschl. Podiumsdisk. mit N. Rackowitz/ Verein demokr. Ärztinnen+Ärzte), Habekost( Krankenschwester) Mod.Sina Hamann ",grn_blank
2018-11-08,Neuburg an der Donau,"Ostend-Bürgerhaus
","Berliner Str. 164
86633 Neuburg",DE,"Beginn 19:00 Uhr
Eintritt frei, anschl. Diskussion
Veranstalter: Bund für Geistesfreiheit Neuburg-Ingolstadt K.d.Ö.R.",grn_blank
2018-11-15,Lütjenburg,Alter Posthof,"Neuwerkstr. 15
Lütjenburg",DE,"Beginn: 19:00Uhr mit anschl. Diskussion
Veranst.: DGB-Ortsverband Lütjenburg mit SoVD Lütjenburg",grn_blank
2018-11-08,Potsdam-Babelsberg,Thalia Kino,"Rudolf-Breitscheid-Straße 50
14 482 Potsdam-Babelsberg",DE,"Beginn: 18:30 Uhr
Veranstalter: Die Linke.KV Potsdam
Referent: Prof.Dr.Dr.Dr. Ulrich Unschuld, Charite berlin",grn_blank
2018-11-21,Köln,Odeon Kino,"Severinstr. 81
50678 Köln",DE,anschl. Diskussion mit Dagmar Paternoga (attac),grn_blank
2018-12-01,Stuttgart,AWO-Begegnungs-und Servicezentrum Ostend,"Ostendstraße 83
70188 Stuttgart (Ost)",DE,"Beginn 19:00 Uhr
Vielfalt 0711 f. Menschenrechte
Veranst: SÖS-Stuttgart, anschl. Diskussion, anw. Dr. Thomas Böhm, Bündnis ""Krankenhaus statt Fabrik""",grn_blank
2018-11-23,Düsseldorf,Filmwerkstatt Düsseldorf e.V.,"Birkenstraße 47 im Hof
40233 Düsseldorf",DE,"Beginn: 19:00 Uhr
Veranst.: Düsseldorf Bündnis für mehr Personal im Krankenhaus",grn_blank
2018-11-08,Leipzig,Leipziger Felsenkeller,"Karl-Heine-Straße 32, 04229 Leipzig",DE,"Beginn 20:00 Uhr 
anschl. Diskussion m. Vertreterinnen Berliner Bündnis f.mehr Personal",grn_blank
2018-11-08,Berlin,Eva-Lichtspiele,"Berlin-Wilmersdorf
Blissestraße 18",DE, anschließ. Diskussion mit Vertreterinnen  Berliner Bündnis für mehr Personal,grn_blank
2018-12-11,Hamburg,mpzHamburg e.V.,"Sternstraße 4
1.Stock im Laubengang
20357 Hamburg",DE,"Beginn 19:30
anschl. Diskussion mit Vertreterinnen Berliner Bündnis für mehr Personal",grn_blank
2018-11-08,Oberhausen,"Kino im Walzenlager
Kulturzentrum Altenberg","Hansastraße 20
46049 Oberhausen",DE,"Beginn 20:00 Uhr
Veranstalter: Hans-Peter Weyer",grn_blank
2018-11-11,Wiesbaden,Caligari Filmbühne,"Marktplatz 9, 65183 Wiesbaden",DE,"Beginn 17:30h, in Anwesenheit der Regisseure",grn_blank
2018-11-16,Bremen,"Saal Heinrichtstr. 11
","Heinrichtstr. 11
28203 Bremen",DE,"Beginn 20:00 Uhr
Veranstalter: ROLAND- Regional Bildung +Wissen e.V. mit Michael Kirche, Br. ",grn_blank
2018-11-08,Losheim am See,Saal Lichtspiele Losheim,"Saarbrücker Str. 16
66679 Losheim am See
",DE,"Beginn 19:00 Uhr, unentgeltl. Vorf.
Veranst.: Attac Regionalgr. Untere Saar",grn_blank
2018-11-08,Aschaffenburg,Kulturkneipe Stern,"Platanenallee 1
Aschaffenburg",DE,"Beginn 20:00 Uhr
Veranst.: Verein z. Förderung altern. Kul. +polit. Bildg.",grn_blank
2018-11-08,"Buchloe-Lindenberg, Ostallgäu", Gasthaus Hirsch,"Hauptstr. 7
86807 Buchloe-Lindenberg",DE,"Beginn 20:00Uhr, Eintritt frei
Veranst.: Hirsch Lindenberg e.V.+ VHS Buchloe e:V.",grn_blank
2018-11-10,Düsseldorf,Metropol Kino,"Brunnenstraße 20
40 223 Düsseldorf",DE,"Beginn 17:00 Uhr, täglich 10.11.-14.11.",grn_blank
2018-11-13,Jameln,Kino Platenlaase,Platenlaase Nr. 15,DE,"Beginn 19:30,  
Eintritt frei
ausnahmsweise am 2. Di des Monats
Veranstalter  BI Umweltschutz Lüchow-Dannenberg",grn_blank
2018-11-21,Graz, Rechbauerkino,"Rechbauerstraße 6, 8010 Graz,Österreich

",AT,"Beginn 19:00 Uhr
Veranstalter attac Graz",grn_blank
2018-11-09,Hamburg,Kino Metropolis,"Kleine Theaterstraße 10, 20354 Hamburg",DE,Beginn 17:00Uhr,grn_blank
2018-11-13,Hamburg,Kino Metropolis,"Kleine Theaterstraße 10, 20354 Hamburg",DE,Beginn: 17:00 Uhr,grn_blank
2018-11-08,Berlin,Stadtmissionsgemeinde Britz,"Malchiner Straße 73
12359 Berlin",DE,Beginn: 19:30,grn_blank
2018-11-08,Hamburg,"DESY
 Hörsaal, Gebäude 5","Notkestraße 85
22 607 Hamburg",DE,"Beginn: 17 Uhr
Veranstalter: ver.di Betriebsgr. DESY",grn_blank
2018-11-22,Wasserburg,Kino Utopia,"Herrengasse 5-7
83512 Wasserburg am Inn
",DE,"Beginn 18:30
Veranst.: ver.di + Volksbegehren ""Stoppt den Pflegenotstand an Bayerns Krankenhäusern""",grn_blank
2018-11-08,Dessau-Roßlau,Vor Ort e.V.,"Wolfgangstraße 13
06844 Dessau-Roßlau",DE,Beginn: 19:00 Uhr,grn_blank
2018-11-12,Augsburg,"Zeughaus, Filmsaal","Zeugplatz 4
86150 Augsburg",DE,"Beginn 19:30
Veranst.: Bündnis90/Die Grünen",grn_blank
2018-11-29,Kiel,"DGB-Haus ""Emma-Sorgenfrei"" - Foyer","Legienstr. 22
Kiel",DE,"Beginn 19:00 Uhr, anschl. Diskussion
Veranst.:  ver.di Kiel + Pflegebündnis Kiel + Griechenland-Komitee Kiel",grn_blank
2018-11-15,Celle,"Kino achteinhalb
Kino&Kultur e.V. ","Hannoversche Str. 30F
29 221 Celle",DE,"Beginn 20:00 Uhr
Eintritt frei
",grn_blank
2018-11-15,Dortmund,Roxy Kino,"Münsterstraße 95, 44145 Dortmund",DE,"Beginn 18:00 Uhr, FilmemacherIn anwesend",grn_blank
2018-11-14,Würzburg,Kino Central im Bürgerbräu,Frankfurter Str. 87,DE,", Beginn 18 Uhr,  FilmemacherIn anwesend, 
attac Würzburg, anschl. Diskussion",grn_blank
2018-11-13,Goslar,Goslaer Kreishaus ,"Goslaer Kreishaus,Vititorwall 14",DE,"Beginn 19 Uhr, FilmemacherIn anwesend, anschl. Diskussion",grn_blank
2018-11-08,Hamburg,Kino Metropolis,"Kleine Theaterstraße 10, 20354 Hamburg",DE,"19 :00 Uhr, Premiere, FilmemacherIn anwesend",grn_blank
2018-11-10,Hamburg,Kino Metropolis,"Kleine Theaterstraße 10, 20354 Hamburg",DE,"Beginn: 21:15 Uhr
Hamburger Bündnis für mehr Personal,
FilmemacherIn anwesend",grn_blank
2018-11-13,München,Kino Monopol,"Schleißheimer Str. 127
80797 München",,"Beginn: 19:00 Uhr
Veranstaltung der städtischen Kliniken München, Anwesenheit der FilmemacherIn + vieler Protagonisten des Films",grn_blank
2018-11-18,Berlin,Acud Kino,"Veteranenstraße 21, 10119 Berlin",DE,"Beginn 19:00 Uhr, FilmemacherIn anwesend",grn_blank
2018-11-19,Potsdam,Thalia Kino,"Rudolf-Breitscheid Str. 50, 14482 Potsdam",DE,"Beginn 20h, FilmemacherIn anwesend",grn_blank
2018-11-18,Berlin,Eva-Lichtspiele,"Blissestraße 18, 10713 Berlin",DE,"Beginn 15:15 Uhr, FilmemacherIn anwesend",grn_blank
2018-11-26,Hamburg,Abaton Kino,"Allende-Platz 3
20146 Hamburg",DE,"Beginn 20:00 Uhr
FilmemacherIn sind anwesend
Veranstalter: kirchl. Dienst in d. Arbeitswelt, anwesend Gudrun Nolte, Leiterin, anschl. Diskussion",grn_blank
2018-11-26,Heidenheim,"Elmar-Doch-Haus
","Hauptstr. 34
89518 Heidenheim",DE,"Beginn: 19 :00 Uhr, Eintritt frei
Veranstalter:  Attac  Regionalgruppe Heidenheim",grn_blank
2018-11-09,Tübingen,Kino Museum,"Am Stadtgraben 2
Tübingen",DE,Beginn 18:00 Uhr,grn_blank
2018-11-11,Tübingen,Kion Museum,"Am Stadtgraben 2
Tübingen",DE,Beginn 18:00 Uhr,grn_blank
2018-11-13,Tübingen,Kino Museum,"Am Stadtgraben 2
Tübingen",DE,Beginn: 18:00 Uhr,grn_blank
2018-11-08,Hamburg,Stadtteiltreff A.G.D.A.Z. in Steilshoop e. V.,"Cesar-Klein-Ring 40
22309 Hamburg",DE,"Beginn 19:30 Uhr

Veranstalter: Stadtteiltreff A.G.D.A.Z.",grn_blank
2018-11-23,Solingen,Bergische VHS Solingen,"Mummstraße 10
42651 Solingen",DE,"Beginn: 18:30 Uhr, anschl. Diskussion 
Veranst.: VHS Solingen, Regionalgr. Solingen des IPPNW, Verein ""Solingen gehört uns""",grn_blank
2018-11-12,Ilmenau,"Büro des Hospizvereines im Pavillon
","Wetzlarer Platz
Ilmenau / Thüringen",DE,"Beginn 19:30 Uhr, anschl. Diskussion,
Veranst.: Ilmenauer Hospizverein+
Regionalgruppe Ilmenau der IPPNW/ Ärzte in sozialer Verantwortung e.V",grn_blank
,"Berlin
",Ladenkino,"Gärtnerstraße 19
10245 Berlin",DE,Veranstalter: Berliner Bündnis für mehr Personal im Krankenhaus,grn_blank
2018-11-08,Hamburg-Bergedorf,SerrahnEINS,"Serrahnstraße 1
Hamburg-Bergedorf",DE,"Beginn 19:00 Uhr
Veranstalter: Kulturhaus Serrahn +attac Bergedorf",grn_blank
2018-11-29,Bremen,Arbeitnehmerkammer Bremen,"Bürgerstraße 1
28195 Bremen",DE,"Beginn 19:00 Uhr, freier Eintritt
Veranst.: Koop. von  ""Bremer Bündnis f. m. Personal im Kr.haus"", Attac globale Bremen + Arbeitnehmerkammer",grn_blank
2018-11-28,Rosenheim,"Mailkeller

","Schmettererstraße 20,
 83022 Rosenheim",DE,"Beginn: 18:00 Uhr
Veranst.: ver.di + Volksbegehren ""Stoppt den Pflegenotstand an Bayerns Krankenhäusern",grn_blank
2018-11-28,Trostberg,"Postsaal Gewölbekeller 

","Markt Mülleranger 1, 83308 Trostberg",DE,"Beginn: 20:00 Uhr
Veranst.:  ver.di + ""Stoppt den Pflege-notstand an Bayerns Kr.h"" + Friedensini. Traunstein, Traunreut Trostberg; Kath. Kreisbildungswerk Traunstein.",grn_blank
2018-11-29,Ludwigshafen,"
ver.di-Gewerkschaftshaus

"," Kaiser-Wilhelm-Strasse 7
Ludwigshafen",DE,"Beginn: 19.30 Uhr
Veranstalter:  attac Ludwigshafen + ver.di Bezirk Rheinlandpfalz-Saarland ",grn_blank
2018-11-08,Tübingen,Kino Museum,"Am Stadtgraben 2, 
72070 Tübingen",DE,"Beginn 18:00 Uhr
",grn_blank
2018-11-16,Tübingen,Kino Museum,"Am Stadtgraben 2
72070 Tübingen",DE,Beginn: 17:10 Uhr,grn_blank
2018-11-17,Tübingen,Kino Museum ,"Am Stadtgraben 2
72070 Tübingen",DE,"Beginn 17:10 Uhr
weitere Vorstellungen vom 18.11. - 21.11. täglich 17:10 Uhr",grn_blank
2018-11-15,Tübingen,Kino Museum,"Am Stadtgraben 2
72070 Tübingen",DE,Beginn 17:10,grn_blank
2018-11-20,Göttingen,"
Landeskirchliche Gemeinschaft Göttingen


","Nikolausberger Weg 58 
37073 Göttingen",DE,Beginn: 19:30 Uhr,grn_blank
2018-11-21,Hamburg,"HAW, Kontrabar, R. 0.15","Alexanderstr. 1
20099 Hamburg",DE,"Beginn 18:30,
Eintritt frei, Referentin Meike Meike Saerbeck vom Hamburger Bündnis für mehr Personal im Krankenhaus anwesend",grn_blank
2018-12-12,Hamburg,MTZ,"Lindenallee 72
20357 Hamburg",DE,"Beginn 19:30 Uhr
Veranstalter: DKP Altona",grn_blank
2018-11-20,Berlin,Acud Kino,"Veteranenstr. 21
10119 Berlin",DE,Beginn 18:00 Uhr,grn_blank
2018-11-23,Berlin,Acud Kino,"Veteranenstr. 21
10119 Berlin",DE,Beginn 18:00 Uhr,grn_blank
2018-12-03,Aichach,Cineplex Aichach,"Rudolf-Diesel-Str. 6
86551 Aichach",DE,,grn_blank
2019-01-16,Bamberg,"Lichtspiel, Kino & Café","Untere Königstr. 34
96052 Bamberg",DE,,grn_blank
2018-12-05,Lich,Kino Traumstern,"Gießener Str. 15
35423 Lich",DE,,grn_blank
2019-01-07,Waldkraiburg,Cinewood Multiplex,"Daimlerstr. 55
84478 Waldkraiburg",DE,,grn_blank
2018-11-26,Zinnowitz,Club Kino Zinnowitz,"Neue Strandstr. 20
17454 Zinnowitz",DE,"Beginn 19:30 Uhr
",grn_blank
2019-02-02,Kaufbeuren,Corona Cineplex,"Daniel Kohler Str. 1
87600 Kaufbeuren",DE,,grn_blank
2018-11-22,Dresden,Kino im Dach,"Schandauer Straße 64
01277 Dresden",DE,"22.-28.11., Sa 15h, Di 19h",grn_blank
2019-01-15,Kerpen,Capitol Filmtheater,"Kölner Str. 24
50171 Kerpen",DE,,grn_blank
2018-11-25,Freiburg im Breisgau,Kino Friedrichsbau,"Kaiser-Joseph-Str. 268 - 270, 79098 Freiburg",DE,Beginn 13h,grn_blank
2018-11-24,Zeil,Capitol-Theater,"Untere Scheuerngasse 5
97475 Zeil am Main",DE,Beginn 17 Uhr,
2018-11-29,Hannover,Kommunales Kino im Künstlerhaus,"Sophienstr. 2
30159 Hannover",DE,"29.11.-05.12., So 17h, Mo 17:30h, Mi 20:15h",grn_blank
2018-11-22,Ebendorf," Bürgerhaus Ebendorf
 
","Am Thieplatz 1 
39179 Barleben OT Ebendorf",DE," Beginn 19:00 Uhr,
 anschl. Diskussion mit Vertretern vom Bündnis gegen den Pflegenotstand Mansfeld/Südharz 
Veranstalter: Kultur- und Geschichtsverein Ebendorf e.V.
",grn_blank
2018-11-22,Buxtehude,Kulturforum,"Am Hafen 1
 Buxtehude
",DE,"Beginn 19:00 Uhr, Eintritt frei
Veranstalter: attac Stade-Buxtehude +Rosa Luxemburg Club",grn_blank
2018-11-25,Schmelz,Kino Schmelzer Lichtspiele," Trierer Str. 55 
66839 Schmelz (Saar)
",DE,"Beginn: 11:00 Uhr , Eintritt frei
anschl. Diskussion,
Veranstalter: Attac Regionalgruppe Untere Saar

",grn_blank
2018-12-06,Oldenburg,StädtischesKulturzentrum PFL,"Peterstr. 3
26135 Oldenburg",DE,"Beginn 19:30 Uhr, 
anschl. Diskussion, Nicole Verlage, ver.di Weser-Ems anwesend
Veranstalter:Filmriss-Förderung von Kino und Kultur in Oldenburg e.V.",grn_blank
2018-11-27,Berlin,Acud Kino,"Veteranenstr. 21
10119 Berlin",DE,"Beginn 18:00 Uhr,
weitere Vorstellungen am 5.12 + 18.12.  um 18:00 Uhr, Kino 2",grn_blank
2018-12-05,"Berlin
",Schreina47,"Schreinerstr. 47	
Berlin",DE," Beginn: 19:00 Uhr
Eintritt frei",grn_blank
2018-12-11,"Iserlohn Drüpplingsen


",Alte Grundschule Drüpplingsen ," Eichelberger Str. 65
 58640 Iserlohn Drüpplingsen",DE,"Beginn 19:00 Uhr, anschl. Diskussion
Veranstalter:Kultur und Natur Drüpplingsen",grn_blank
2018-12-11,Gießen,Psychosoziales Zentrum für geflüchtete Menschen in Mittelhessen," Liebigstraße 15
35390 Gießen
",DE,"Beginn 19:30 Uhr, Eintritt frei
Veranstalter: Medinetz Gießen",grn_blank
2019-01-06,Rosenheim,"
""Z"" (Linkes Zentrum in Selbstverwaltung) 
","Innstr. 45a,
 83022 Rosenheim",,"Beginn:  19:00 Uhr, Eintritt frei
Veranstalter: Attac Rosenheim",grn_blank
2019-02-01,Schwäbisch Hall,Kino im Schafstall,"Im Lindach 9
 74523 Schwäbisch Hall,



",DE,"Beginn 20:00 Uhr, anschließ. Diskussion
Veranstalter:Ver.di Ortsverein Schwäbisch Hall mit Unterstützung der Weltmarktverliererakademie + attac Duisburg

",grn_blank
2019-01-21,Duisburg,"Internationales Zentrum
Flachsmarkt (am Innenhafen)
","Flachsmarkt (am Innenhafen)
47051 Duisburg
",DE,"Beginn: 18:30 Uhr, anschl. Diskussion
Veranstalter: attac Duisburg, ver.di Duisburg + pressler-events ",grn_blank
2019-02-06,Jever,"Filmpalette Jever
","Bahnhofsstraße 44
26441 Jever 
",DE,"Einlass: 19:30, Beginn: 20:00 Uhr
anschl. Diskussion
Veranstalter: Filmfreunde Friesland  + Grüne Kreisverband  Friesland

",grn_blank
2018-12-12,Berlin,"Hörsaal der Hautklinik der Charité
 
","Rahel-Hirsch-Weg 4, Charité Campus Mitte, 10117 Berlin.",DE,"Beginn 19:00 Uhr
Anschl. Diskussion mit Pfleger der Intensivstation der Charité 
Veranstalter: Berliner IPPNW-Studierendengruppe",grn_blank
2018-12-09,Stuttgart,"Kino ""Atelier am Bollwerk""
","Hohe Straße 26
70176 Stuttgart",DE,"Beginn 13:00 Uhr
",grn_blank
2018-12-06,Lübeck,Koki,"Mengstr. 35
23552 Lübeck",DE,"am 06.12. in Anwesenheit der FilmermacherIn
weitere Termine: Di.11.12+ Mi 12.12.18:00 Uhr",
2018-12-06,Erlangen,Lamm Lichtspiele,"Hauptstr. 86
91054 Erlangen",DE,"weitere Vorführungen:  So 9.12. 14:45 Uhr
Mo, 10.12., Di.11.12. jeweils 19:00 Uhr 
",grn_blank
2018-12-03,Hamburg,Abaton Kino,"Allende-Platz 3
20146 Hamburg",DE,Beginn 17:00 Uhr,grn_blank
2018-12-12,Hamburg,Abaton Kino,"Allende-Platz 3
20146 Hamburg",DE,Beginn: 12:30 Uhr,grn_blank
2018-12-22,Berlin,Tilsiter Lichtspiele ,"Richard-Sorge-Str. 25a
10249 Berlin",DE,"weitere Vorstellungen
So, 23.12. 14:15 Uhr
 Sa-So, 29./30.12. 14:15Uhr
",grn_blank
2018-12-06,Berlin,Union Kino Friedrichshagen,"Bölschestr. 69
12587 Berlin",DE,"Beginn 17:30Uhr, 
weitere Vorstellungen Sa:8.12. 13:30 Uhr, 
Mi 12.12. 20:30 Uhr
",
2018-12-01,"Berlin
",Tilsiter Lichtspiele,"Richard-Sorge-Str. 25a
10249 Berlin",DE,"Beginn: 12:15 Uhr
weitere Vorstellungen: Sa/So 8.-9. 12. 14:15 Uhr, Sa/So 22./23.12. 14:15 Uhr
Sa/So 29./30.12. 14:15 Uhr
",grn_blank
2018-12-11,Berlin,Acud Kino,"Veteranenstr. 21
10 119 Berlin",DE,Beginn: 18:00 Uhr,grn_blank
2018-12-13,Bad Urach,Kino Forum 22,"Ulmer Str. 24
72547 Bad Urach",DE,"13.-19.12., Do-So 18:15h, Mo-Mi 20:30h 
",grn_blank
2019-01-13,Herdecke,Kino Onikon,"Goethestr. 14
58313 Herdecke
",DE,,grn_blank
2018-12-13,Nürnberg,Casablanca Kino,"Brosamer Str. 12
90459 Nürnberg
",DE,13.- 19. 12.,grn_blank
2019-01-31,Weingarten,Kulturzentrum Linse,"Liebfrauenstraße 58
 88250 Weingarten",DE,31.1. -  06.02. 2019,grn_blank
2018-12-10,Rottenburg,Kino im Waldhorn,"Königstraße 12 
72108 Rottenburg am Neckar
",DE,Beginn: 18:00 Uhr,grn_blank
2019-02-27,Saarbrücken,Kino achteinhalb,"Nauwieserstraße 19
 66111 Saarbrücken",DE,,grn_blank
2019-01-22,"Siegen
", Kulturhaus LYZ ,"St. Johannstr. 18
Siegen",DE,"Beginn: 19:00 Uhr
anschl. Podiumsdiskssion
Veranstalter: Siegener Bündnis gegen die Personalnot in Kliniken undPflegeheimen""
( verdi, Vd.ÄÄ, Pflege am Boden, Wa(h)re Gesundheit, Martinigemeinde)
",grn_blank
2019-01-30,Heilbronn," Ebene 3 im K3 am Berliner Platz   
"," Berliner Platz 12 
74072 Heilbronn",DE,"Beginn:  19.30 Uhr, Eintritt frei, anschl. Diskussion
Veranstalter: Netzwerk Pflege in Bewegung + ver.di - Betriebsgruppe SLK-Kliniken / Heilbronn ",grn_blank
2019-04-09,"Ansbach

 

",Ansbacher Kammerspiele,"Maximilianstr. 27a 
91522 Ansbach",DE,"Beginn:  19:30 Uh, anschl. Diskussion
Veranstalter: RESPECT - Ansbacher Kammerspiele e.V",grn_blank
2019-01-24,Berlin,Bali Kino,"Teltower Damm 33
14169 Berlin",DE,,grn_blank
2019-01-24,Bremen,City 46 Kinos,"Birkenstr. 1
28195  Bremen",DE,"24.-31.01.2019
",grn_blank
2019-02-24,Immenstadt," Union-Filmtheater


","Rothenfelsstraße 20
87509 Immenstadt",DE," Beginn:16:00
anschl. Podiumsdiskussion",grn_blank
2019-01-09,Holzhausen / Münsing,Altes Schulhaus Holzhausen ,"Kirchbergstr. 13 
82541 Holzhausen / Münsing",DE,"Beginn: 19:30, 
Prof. Wulf Dietrich anwesend, Protagonist des Films
Veranstalter: Ursula Scriba+ Matthias Richter-Turtur, 
Kulturreferenten der Gemeinde Münsing
",grn_blank
2019-01-22,Erfurt,"Club-Café Franz Mehlhose 

"," Löberstraße 12
  Erfurt",DE,"Einlass: 19:00 Uhr  Beginn: 19:30 Uhr
Eintritt frei, anschl. Diskussion
Veranstalter: Stadtverband Die LINKE, Erfurt",grn_blank
2019-01-16,Bochum," Blue Square, 3. Etage
"," Kortumstr. 90
Bochum 
  ",DE," 17:30 Uhr, Voranmeldung bei:  medizinstudierende-in-sozialer-verantwortung@posteo.de, anschl. Disku. mit R. Mintrop (Geschäftsführer der städt. Kliniken Dortmund), PD Dr. Josef Hilbert (RUB), Dr. M.Thöns (Witten) + PD Dr. Helfried Waleczek (Ärztl. Direktor EvK Hattingen),
 Veranstalter.: „Medizinstudierende in sozialer Verantwortung“.",grn_blank
2019-01-16,Alsfeld,Kino Alsfeld,"Marburger Str. 11
36304 Alsfeld
",DE,"Beginn: 20:00 Uhr, Eintritt frei, anschl. Diskussion
Veranstalter: DGB-Vogelsbergkreis",grn_blank
2019-01-31,Ulm," Haus der Gewerkschaften 

","Weinhof 23
Ulm ",DE,"Beginn: 19:00 Uhr, anschl. Diskussion,
Veranstalter: ver.di-Betriebsgruppe am Uniklinikum Ulm",grn_blank
2019-01-23,Bad Reichenhall,Park-Kino-Center,"Salzburger Str. 2
 83435 Bad Reichenhall",DE,,grn_blank
2019-02-25,Göttingen,Kino Lumière,"Geismar Landstraße 19
 37083 Göttingen",DE,,grn_blank
2019-01-22,Marburg,Capitol Kino,"Biegenstraße 8 
35037 Marburg",DE,Beginn: 19:30 Uhr,grn_blank
2019-01-25,Neubrandenburg,"Latücht, Kino","Große Krauthöferstraße 16 
17033 Neubrandenburg",DE,Beginn: 20:00 Uhr,grn_blank
2019-01-16,Rottweil,Central-Kino-Center,"Hauptstraße 59 
78628 Rottweil",DE,Beginn: 19:30 Uhr,grn_blank
2019-01-27,Wetzlar,Rex Kinos,"Karl-Kellner-Ring 17 
35576 Wetzlar",DE,,grn_blank
2019-01-16,Bamberg,"Lichtspiel, Kino + Cafe",Bamberg,DE,"Beginn 18:30, weitere Vorstellung am 20.02.",grn_blank
2019-01-21,Gießen,Kinocenter Gießen,"Bahnhofstraße 34
 35390 Gießen",DE,Beginn: 20:00 Uhr,grn_blank
2019-02-20,Bamberg,"Lichtspiel, Kino + Cafe",Bamberg,DE,,grn_blank
2019-01-25,Mutterstadt," Palatium 

","Bohligstraße 1
 67112 Mutterstadt",DE,"Beginn: 19:00 Uhr, Eintritt frei
anschließ. Diskussion: Einf. +Moderation:
Ewald Heimann,DIE LINKE Ludwigshafen/Rhein-Pfalz-Kreis
Veranstalter: DIE LINKE Ludwigshafen/Rhein-Pfalz-Kreis",grn_blank
2019-03-04,Hamburg,"Kaisersaal, Hamburger Rathaus","4.März, 
18:30 Uhr
Kaisersaal, 
Hamburger Rathaus
 Rathausmarkt 1 20095 Hamburg

",DE,"Beginn: 18:30 Uhr
Veranstalter: DIE LINKE
",grn_blank
2019-01-24,Hamburg,Koralle Kino," Kattjahren 1 
22359 Hamburg  
",DE,Beginn: 20:00 Uhr,grn_blank
2019-02-13,Hamburg,Dorothee Sölle Haus,"Königstr. 54, 
22767 Hamburg
",DE,"Beginn: 18:30
Veranstalter: KDA,
 Kirchlicher Dienst in der Arbeitswelt
Evangelisch-Lutherische Kirche in Norddeutschland
",grn_blank
2019-03-05,Hamburg,Dorothee Sölle Haus,"Königstr. 54, 
22767 Hamburg
",DE,"Beginn: 18:30 Uhr,
Veranstalter: KDA, 
Kirchlicher Dienst in der Arbeitswelt
Evangelisch-Lutherische Kirche in Norddeutschland
",grn_blank
2019-01-23,Riedstadt,BüchnerBühne," Kirchstraße 16
Riedstadt
",DE,"Beginn:  19:30 Uhr, Eintritt frei,
Einführung + anschl. Diskussion im Theatercafe
Veranstalter:  Kinoclub der BüchnerBühne Riedstadt",grn_blank
2019-02-09,Hannover,Restaurant „Bootshaus 84“ (ehem. Ihme-Terrassen“)," Roesebeckstr. 1
30449 Hannover
",DE," 15:00  Uhr - ca. 18 Uhr
Veranstalter: Förderverein für den Arbeitskreis Zeitgeist e. V. (F.A.Z.)",grn_blank
2019-01-27,Traunstein,Sailer Keller Traunstein,"Herzog Wilhelm Str 1
 83278 Traunstein",DE,"Beginn: 20:00 Uhr, anschließend Diskussion
Veranstalter: Friedensinitiative Traunstein Traunreut + Ver.di ",grn_blank
2019-01-31,Bremen,Kino City 46,"Birkenstr. 1
28195 Bremen",DE,"Beginn: 20:00 Uhr, freier Eintritt
Veranstalter: Solimed Bremen",grn_blank
2019-02-28,"Hamburg 

",ViaCafélier ,"Paul-Dessau-Straße 4
 22761 Hamburg",DE," Einlass 19 Uhr, Beginn 19:30 Uhr
Veranstalter: Nussknacker e.V.",grn_blank
2019-01-26,Berlin,Kiezladen MaHalle,"  Waldemarstr.  110
 Berlin-Kreuzberg
",DE,"Beginn: 18:00 Uhr, Eintritt frei,
 anschl. Diskussion
Veranstalter: Kiezkommune Neukölln-Kreuzberg + Berliner Bündnis für mehr Personal im Krankenhaus",grn_blank
2019-02-20,Freiburg,"Universitätsklinikum Freiburg
Großer Hörsaal der Med. Klinik"," Hugstetterstr. 55
79 106 Freiburg
",DE,"Beginn: 18:00 Uhr
Veranstalter: Ver.di, Teamdelegierte der Uniklinik + Personalrat",grn_blank
2019-02-08,Göppingen-Faurndau,"DenkMalKino 
Freie Waldorfschule Filstal ","Ahornstr.41 
73035 Göppingen-Faurndau 

",DE,"Beginn: 19:00 Uhr
anschl. Diskussion, anwesend
Dr. med. Ehrensperger (Verein Demokratischer Ärztinnen + Ärzte)

",grn_blank
2019-03-11,Kiel,Koki Kommunales Kino Kiel,"Haßstr.3,
 24103 Kiel 
",DE,"Beginn: 18:30 
Einleitung+Diskussion Kieler Gruppe der IPPNW (International Physicians for the Prevention of Nuclear War/Ärzte in sozialer Verantwortung)",grn_blank
2019-03-12,Kiel,Kommunales Kino Kiel (Koki),"Haßstr.3
 24103 Kiel 
",DE,"Beginn: 18:30 Uhr
Einleitung + Diskussion Kieler Gruppe von attac
",grn_blank
2019-02-28,Chemnitz,Metropol Kino,"Zwickauer Str. 11
 09112 Chemnitz
",DE,Beginn:  17:45Uhr,grn_blank
2019-01-27,Hamburg,Atelier Ritter,"Kleine Rainstraße 30 im Hof
Hamburg -Ottensen ",DE,"Beginn: 19:00 Uhr
anschl. Diskussion",grn_blank
2019-01-22,Hamburg," 
KulturWerkstatt Harburg eV


","Kanalplatz 6
21073 Hamburg",DE,"Beginn: 20:00 Uhr
Veranstalter:KulturWerkstatt Harburg eV",grn_blank
2019-02-14,Wadern,Lichtspiele Wadern,"
Oberstr. 10
66687 Wadern 
",DE,"Beginn 20:00 Uhr
Veranstalter: BI Nordsaarlandklinik, GRÜNE Wadern + Attac Regionalgruppe Untere Saar.",grn_blank
2019-03-07,Norden,Kreisvolkshochschule Norden ,"Uffenstraße 1
26506 Norden
",DE,"
Eintritt frei, anschl. Diskussion",grn_blank
2019-02-26,Warnemünde ,Volkssolidarität Ortsgruppe Warnemünde,"Laakstraße 6
18119 Warnemünde 



",DE,"Beginn: 15:00 Uhr
 Eintritt frei, geschlossene Veranstaltung, anschl. Diskussion
Veranstalter:Volkssolidarität",grn_blank
2019-03-28,Rostock,Maya-Galerie & Café,"Wismarsche Str. 21 
18057 Rostock",DE,"Beginn: 19:00 Uhr,
Eintritt frei, anschließend Diskussion
Veranstalter: DKP Ortsgr. Rostock

",grn_blank
2019-02-19,Hamburg,"Alabama-Kino, bei Kampnagel-Kulturfabrik"," Jarrestr. 20
Hamburg- Winterhude

",DE,Beginn: 18:00 Uhr,grn_blank
2019-02-20,Feuchtwangen,Gasthaus Schöllmann,"91555  Feuchtwangen
",DE,"Beginn: 19:00 Uhr
Eintritt frei, anschl. Diskussion
Veranstalter:Förderverein Feuchtwangen für eine wohnortnahe Gesundheitsversorgung e.V. ",grn_blank
2019-02-02,Frankfurt,Praxis Berger200,"Bergerstr. 200
60385 Frankfurt

 

",DE,"Beginn: 20:00 Uhr, anschl. Diskussion
Veranstalter: Wilfried Ott",grn_blank
2019-03-04,Braunschweig	,Universum Filmtheater,"Neue Str. 8
 38100 Braunschweig	",DE,weitere Vorführung am 10.03. ,grn_blank
2019-02-27,Bremerhaven,CineMotion,"Karlsburg 1 
27568 Bremerhaven

	
",DE,,grn_blank
2019-03-13,Hannover	,Kino im Künstlerhaus,"Sophienstraße 2
 30159 Hannover
	
",DE,,grn_blank
2019-03-12,Mannheim,CInema Quadrat,"Collinistraße 1
68161 Mannheim
	
",DE,,grn_blank
2019-03-19,Mölln,Kino in Mölln,"Sterleyer Str. 44 
23879 Mölln
	
",DE,,grn_blank
2019-04-12,Bad Waldsee,"	Seenema	
",Bad Waldsee,DE,Weitere Vorführung am 19.04.,grn_blank
2019-02-20,Hamburg,Bürgerhaus Wilhelmsburg,"Mengestr. 20
21107 Hamburg
",DE,"Beginn:  18:30 Uhr, Eintritt frei
anschl. Diskussion, 
Vertreter v. Hamburger Bündnis  gegen den Pflegenotstand anwesend, 
Veranstalter: 
""Wilhelmsburg gegen Pflegenotstand"".  ",grn_blank
2019-02-26,Hamburg,Bürgerhaus Barmbek," Lorichstraße 28a
Hamburg- Barmbek
",DE,"Beginn:18:30 Uhr
Eintritt frei, anschl. Diskussion
Veranstalter: ""Die LINKE - Stadtteilgruppe Hamburg-Barmbek+  ""Pflegebündnis Hamburg-Nord""
",grn_blank
2019-02-28,Magdeburg,EineWeltHaus,"  Schellingstraße 3-4
 39104 Magdeburg 
",DE,"Beginn: 19:00 Uhr,
 anschl. Diskussion
Veranstalter: Attac  Gruppe Magdeburg",grn_blank
2019-02-19,Norden,"Gaststätte ""Mittelhaus""","Neuer Weg 11
 26506 Norden
 
",DE,"Beginn 19:90 Uhr,  
anschl.  Diskussion ,
 Veranstalter: UEK-Förderverein 
",grn_blank
2019-02-28,Frankfurt,Praxis Berger200,"Bergerstr. 200
60385 Frankfurt
",DE,"Beginn: 19:00 UIhr,
anschl. Diskussion	
Veranstalter: Wilfried Ott",grn_blank
2019-03-07,Oberhausen,Fabrik K14," Lothringer Str. 64 
46045 Oberhausen
",DE,"Beginn: 19:00 Uhr, Eintritt frei, anschl. Diskussion,
Veranstalter: Solidarische Gesellschaft (SoG) e.V.",grn_blank
2019-04-03,Wolfhagen,Cinema Wolfhagen,"Schützebergerstr. 37
34466 Wolfhagen

",DE,Beginn: 20:15 Uhr,grn_blank
2019-02-11,Besigheim,"""Wartesaal"" ","Weinstr. 11 
74534 Besigheim
",DE,"Beginn: 20:00 Uhr
Veranstalter: attac Besigheim,
Attac Filmabend Montag ",grn_blank
2019-03-19,Wien,Foyer im WUK,"Währinger Straße 59
 1090 Wien
",AT," Beginn: 19:00 Uhr, Eintritt frei, anschl. Filmgespräch mit Anna Leder (CARE Revolution) + Martin Schriebl-Rümmele (Gesundheitsjournalist und Buchautor).
Veranst.: Attac Österreich",grn_blank
2019-02-23,Gladbeck,,"Roßheidestr. 212
 45968 Gladbeck
",DE,"Beginn: 20:00 Uhr, anschl. Diskussion
Veranstalter: Ruhrjugend",grn_blank
2019-03-21,Regensburg,Wintergarten im Andreasstadel,"Andreasstraße 28 
93059 Regensburg
	
",DE,"Einlass ab 18:45 Uhr, Eintritt frei,
anschl. Podiumsdiskussion mit  Klaus Emmerich (Vorstand Kommunalunternehmen „Krankenhäuser des LandKr. Amberg–Sulzbach“), 
Peter Hoffmann (Vorsitzender des  Vdää), Andreas Kestler (Geschäftsführer des Krh. Barmherzige Brüder Regensburg) + Armin Rüger (Landesvorsitzender der Arbeitsgr. der Sozialdemokrat*innen im Gesundheitswesen),
 Mod.: Steffen Landgraf. 
Veranstalter: SPD Stadtverband Regensburg
",grn_blank
2019-03-30,Hirschberg,Olympia-Kino," Mittelgasse 19
69493 Hirschberg
",DE,"Beginn: 18 Uhr
Veranstalter:Förderkreis Kommunales Olympia-Kino e.V.
weitere Vorführung: 31. 3. um 18 Uhr",grn_blank
2019-03-23,Wölfersheim,Raum für YOGA & mehr," Hauptstrasse 48 
61200 Wölfersheim

",DE,"Beginn: 18:30 Uhr
Voranmeldung erwünscht
Veranstalterin: Annette Wolf ",grn_blank
2019-03-06,Bielefeld,Lichtwerkkino,"  Ravensberger Park 7
 33607 Bielefeld 
",DE,"Beginn: 19:00 Uhr, Eintritt frei, 
anschl. Diskussion, anwesende Gäste: G.Landwehr (Kinderkrankenschwester), 
M. Scheffler (Gesundheitsladen Bielefeld), Filmemacher Herdolor Lorenz, 
Rudolf Mintrop ( Klinikum Dortmund)
Veranstalter: Gesundheitsladen Bielefeld  + Gemeinwohl-Ökonomie Bielefeld ",grn_blank
2019-03-22,Bad Vilbel,Praxis für Individualisierte Medizin und Gesundheitsvorsorge,"  Homburger Str. 69 A
61118 Bad Vilbel
",DE,"Beginn: 19:30 Uhr
Veranstalterin: Annette Lartey",grn_blank
2019-03-14,Köppern,Forum Friedrichsdorf,"Dreieichstraße 22 
61381 Köppern

",DE,"Beginn 19:00 Uhr, Eintritt frei,
anschl.  Diskussion mit Fachleuten aus Medizin und Politik,
Veranstalter:aufstehen-Gruppe Hochtaunuskreis
",grn_blank
2019-03-28,Dresden,"Restaurant ""Coselpalais"", 
 Pianosalon  ","An der Frauenkirche 12,
 01067 Dresden
",DE,"Beginn:19:00 Uhr, anschl. Diskussion,
Gäste vom  ""Bündnis für Pflege Dresden"" + ""KritMed"".
Veranstalter: IBf e.V. (Initiative Bürgerforum e.V.) für ""Aufstehen Dresden + Umland""

",grn_blank
2019-04-05,Essen," Heinz-Renner-Haus 
","Severinstr. 1
45127 Essen",DE,"Beginn:  18:00 Uhr
Veranstalter:  Die LINKE Kreisverband Essen",grn_blank
2019-03-15,Berlin Neukölln, IL KINO | NEUKÖLLN,"Nansenstraße 22
12047 Berlin
 
",DE,"Beginn: 19:00 Uhr
Anschl. Diskussion, anwesend:  Krankenpfleger/innen vom Vivantes Klinikum Neukölln , Mitgliedern des Berliner Bündnis für mehr Personal im Krankenhaus
Veranstalter: Bezirksverband LINKE Neukölln",grn_blank
2019-04-04,Bad Wörishofen,Filmhaus Huber,"Bahnhofstraße 5a
86825 Bad Wörishofen
",DE,,grn_blank
2019-03-06,Bielefeld,Lichtwerk Kino,"Ravensberger Park 7
 33607 Bielefeld",DE,,grn_blank
2019-06-06,Karlstadt,Burg- Lichtspiele,"Martellstraße 2
 97753 Karlstadt",DE,,grn_blank
2019-06-02,Marktheidenfeld,Movie im Luitpoldhaus,"Luitpoldpassage 35 
97828 Marktheidenfeld
",DE,,grn_blank
2019-03-26,Trier,Broadway Kino,"Paulinstraße 18
 54292 Trier
",DE,,grn_blank
2019-03-21,Türkheim,Filmhaus Huber,"Maximilian-Philipp-Straße 15
86842 Türkheim
",DE,,grn_blank
2019-04-24,Lutherstadt Wittenberg,Cranach Stiftung,"Markt 4
 06886 Wittenberg",DE,,grn_blank
2019-04-03,Sigmaringen,Hörsaal des SRH Krankenhauses Sigmaringen ,"
Hohenzollernstrasse 40
72488 Sigmaringen

",DE,"Beginn: 19:30 Uhr
Interne Veranstaltung, Gäste willkommen,
anschl. Diskussion mit  Vertreter von Medizincontrolling + Arzt mit MBA Zusatzstudium	
Veranstalter: Ethikkomitee der SRH Kliniken Landkreis Sigmaringen GmbH
",grn_blank
2019-04-08,Dreieich,Viktoria Theater Dreieich,"Offenbacher Straße 9a
 63303 Dreieich 

",DE,"Beginn: 19:00 Uhr
anschl. um 20:30 Uhr Podiumsdiskussion mit Betroffenen, Krankenschwestern, Pflegern, Hebammen, Heilpraktikern & Ärzten
Veranstalter: Aufstehen-Gruppe Offenbach-Land



",grn_blank
2019-03-21,Berlin,"Ufa Fabrik Tempelhof
Wolfgang-Neuss-Salon","Viktoriastraße 10–18
12105 Berlin
",DE,"Beginn: 19:00 Uhr, Eintritt auf Spendenbasis,
anschl. Diskussion mit  
Vertreterinnen des Vereins Demokratischer
Ärztinnen + Ärzte (VDÄÄ) + Berliner Bündnis für mehr Personal im KrH.
Veranstalter:
Aufstehen BerlinTempelhof-Schöneberg

",grn_blank
2019-04-29,Jena,Hörsaal 2 der FSU Jena," Carl-Zeiss Straße 3
Jena
",DE,"Beginn: 20:00 Uhr
anschl. Diskussion
Veranstalter: MediNetz Jena",grn_blank
2019-04-05,Melsungen,"Freitag 5. April    
Melsunger Stadthalle, Kollegsaal 

 
",Melsungen,DE,"Beginn: 19:00 Uhr
Eintritt frei,  anschl. Diskussion
Veranstalter: DIE LINKE Kreisverband Schwalm-Eder
",grn_blank
2019-03-12,Bamberg,"Lichtspiel, Kino & Café ","Untere Königstraße 34,
96052 Bamberg	
",DE,weitere Vorführung am 20. 3. 2019,grn_blank
2019-04-04,Heidelberg,"Orthopädische Klinik der Uniklinik Heidelberg
in der ""Alten Kapelle""

",Heidelberg,DE,"Beginn: 14:00 Uhr
Veranstalter: Betriebsgruppe Verdi der  Uni Heidelberg",grn_blank
2019-04-02,Waiblingen,Forum Mitte," Blumenstr. 11
 71334 Waiblingen
",DE,"Beginn: 19:00 Uhr
Veranstalter: Bündnis K21 WN, verdi, attac WN, SPD WN, K20 Spagat
",grn_blank
2019-04-06,Potsdam,Thalia Kino,"Rudolf-Breitscheid-Straße 50 
14482 Potsdam",DE,,grn_blank
2019-03-28,Frankfurt,Vereinsringhaus in Rödelheim," 
 60489 Frankfurt am Main
",DE,"Beginn: 19:00 Uhr, 
Anschl. Diskussion mit Dr. Achim Kessler, MdB, Obmann der LINKEN im Gesundheitsausschuss  + 
Magarete Wiemer
Personalratsvorsitzende des Klinikum Hoechst,
Veranstalter: Stadtteilgruppe die farbechten/DIE LINKE
",grn_blank
2019-05-07,Karlsruhe, Kinemathek," Kaiserpassage 6
 76133 Karlsruhe
",DE,"Beginn: 19:00 Uhr
Anschl. Diskussion  mit ver.di-Kolleg*innen und Personalrät*innen
Veranstalter: Karlsruher Bündnis „Krankenhaus statt Fabrik“ + Rosa-Luxemburg-Stiftung",grn_blank
2019-03-29,Frankfurt,Haus Gallus (Raum 1) im Gallus,"
 60326 Frankfurt am Main 
",DE,"Beginn: 19:00 Uhr
Anschl. Diskussion mit Dr. Achim Kessler, MdB, Obmann der LINKEN im Gesundheitsausschuss  + 
Magarete Wiemer,
Personalratsvorsitzende
des Klinikum Hoechst 
Veranstalter: 
Stadtteilgruppe DIE LINKE",grn_blank
2019-04-04,Berlin,"
Charité Campus Mitte
Hörsaal der Inneren Medizin

","Sauerbruchweg 2
Berlin
",DE,"Beginn: 18:00 Uhr,
anschl. Diskussion
Veranstalter: AK Ökonomisierung im Gesundheitswesen",grn_blank
2019-04-20,Schramberg,Subiaco Kino,"Schiltachstraße 32
 78713 Schramberg
 	
",DE,Beginn: 17:30 Uhr,grn_blank
2019-04-22,Schramberg,Subiaco Kino,"
Schiltachstraße 32 
78713 Schramberg
 	
",DE,Beginn: 20:00 Uhr,grn_blank
2019-04-25,Freudenstadt,Subiaco Kino,"Promenadenpl. 1
 72250 Freudenstadt
	
",DE,Beginn: 20:00 Uhr,grn_blank
2019-04-30,Freudenstadt,Subiaco Kino," Promenadenpl. 1, 
72250 Freudenstadt
	
",DE, 20:00 Uhr,grn_blank
2019-05-01,Freudenstadt,Subiaco Kino," Promenadenpl. 1 
72250 Freudenstadt
	
",DE,17:30 Uhr,grn_blank
2019-05-02,Alpirsbach,Subiaco Kino im Kloster,"Klosterpl. 2 
72275 Alpirsbach	
",DE,20:00 Uhr,grn_blank
2019-05-05,Alpirsbach,Subiaco Kino im Kloster,"Klosterpl. 2 
72275 Alpirsbach	
",DE,20:00 Uhr,grn_blank
2019-04-26,Hamburg,Kulturpalast Billstedt,"Öjendorfer Weg 30a
 22119 Hamburg
",DE,"Beginn: 18:00 Uhr
Veranstalter: DIE LINKE. AG-Senior*innenpolitik Hamburg-Mitte

",grn_blank
2019-03-27,Fürth,Babylon Kino am Stadtpark,"Nürnberger Str. 3
 90762 Fürth	
",DE,19:00 Uhr,grn_blank
2019-05-05,Herford,Capitol Kino,"Elisabethstraße 1A 
32052 Herford
	
",DE,,grn_blank
2019-04-03,Nördlingen,Ries-Theater Nördlingen,"Kohlenmarkt 4
86720 Nördlingen	
",DE,,grn_blank
2019-04-30,Hamburg,"SerrahnEins, Ein Haus für Alle ","Serrahn 1
21029 Hamburg
",DE,"Veranstalter: DIE LINKE, Bergedorf",grn_blank
2019-06-03,Graz,Radio Helsinki Funkhaus-Foyer," Schönaugasse 8
AT  8020 Graz

",AT,Beginn: 19 Uhr. Eintritt frei. Veranstalter: Radio Helsinki. Im Anschluss Gespräch mit den Gästen. Moderation: Karin Schuster,grn_blank
2019-06-15,Frankfurt,Praxis Berger200,"Bergerstr. 200
60385 Frankfurt




 



",DE,"Beginn: 11:00 Uhr, anschl. Gesprächsrunde
Veranstalter: Wilfried Ott",grn_blank
2019-06-03,Wolfratshausen,Gasthaus Flößerei," Sebastianisteg 1
 82515 Wolfratshausen
",DE,"Beginn: 19:30 Uhr, Eintritt frei, anschl. Diskussion
Veranstalter: Grüne Wolfratshausen",grn_blank
2019-05-22,Aurich,Kino Aurich,"Emder Str. 5
 26603 Aurich",DE,,grn_blank
2019-05-06,Hamburg,Goldbekhaus Winterhude,"Moorfuhrtweg 9
 22301 Hamburg
",DE,"Beginn: 18:00 Uhr
Anschl. Diskussion, Moderation: Bürgerschaftabgeordnete Deniz Celic, gemeinsam mit Regina Jürgens vom Pflegebündnis. 
Veranstalter: DIE LINKE Hamburg Nord
",grn_blank
2019-04-09,Bielefeld,"VHS Bielefeld, Historischer Saal","Ravensberger Park 1 
33607 Bielefeld
",DE,"Beginn: 19:00 Uhr, Eintritt frei,
 anschl. Diskussion, Veranstalter: Gesundheitsladen Bielefeld + Gemeinwohl-Ökonomie Bielefeld

",grn_blank
2019-05-16,Ulm,Mephisto Ulm,"Rosengasse 15
89073 Ulm",DE,"Um 19:45  Uhr  
Veranstalter: Das Pflegebündnis Ulm,
Medinetz Ulm und die Hochschulgruppe für Nachhaltigkeit der Uni Ulm",grn_blank
2019-05-09,Frankfurt am Main,Wilhelm-Leuschner-Saal des DGB-Hauses,"Wilhelm-Leuschner-Str. 69-77
60329 Frankfurt am Main",DE,"Um 19:00 Uhr   mit Diskussion im Anschluss. Veranstalter: Verdi Bezirksfachbereichsvorstand FB 03 Frankfurt am Main und Region
",grn_blank
2019-05-23,Viersen-Süchteln,Königsburg,"Hochstr. 13,  41749 Viersen-Süchteln",DE,"Um 19:00 Uhr, Teilnahme frei
Diskussion mit Gästen : Dr. Thomas Axer (AKH Viersen) 
Herbert Hochheimer (Arzt)
Veranstalter: VHS-Grenzlandgrün-Veranstaltung“  in Zusammenarbeit mit der IPPNW-Regionalgruppe Mönchengladbach und der Königsburg Süchteln
",grn_blank
2019-04-16,Ohrel,Urla-Hus ,"Fiehnenberg 4, 
27446 Ohrel",DE,"Filmabend im Urla-Hus
19.00 Uhr
Der Eintritt ist frei.
Nach der Filmvorführung besteht Gelegenheit zur Diskussion. 
Veranstalter:Reinhard Lindenberg ",grn_blank
2019-05-13,Reutlingen,Kulturzentrum  franzK,"Unter den Linden 23, 72762 Reutlingen",DE,"Veranstaltung von Ver.di 
ab 19:30 Uhr ist Einlass, um 20:00 Uhr Beginn. Nach der Filmvorführung besteht Gelegenheit zur Diskussion. ",grn_blank
2019-05-16,Darmstadt,Zucker,"Liebfrauenstraße 66
64289 Darmstadt",DE,"Beginn 19:00 Uhr
infos: www.zuckersachen.de
",grn_blank
2019-05-31,Reichelsheim,Reichenberghalle,"Konrad-Adenauer-Allee 1, 
64385 Reichelsheim",DE,"Beginn 19:00 Uhr 
Veranstalter: Bürgerinitiative Gesundheitsversorgung Vorderer Odenwald ",grn_blank
2019-05-20,Erfurt,Offene Arbeit Erfurt,"Allerheiligenstrasse 9,
99084 Erfurt",DE,"Beginn 20 Uhr
mit anschließender Diskussion mit Vertreter_Innen von ver_di, der Uni 
Jena und einer Ärztin(IPPNW) aus Erfurt /Gebesee
Veranstalter:  attac Erfurt / IPPNW Thueringen
",grn_blank
2019-05-15,Bell,ev. Gemeindehaus,"Beller Hauptstr. 19
56288 Bell",DE,"Beginn 19:30 Uhr
Eintritt frei
anschl. Diskussion
Veranst.: ev. Kirchengemeinde Zehn Türme",grn_blank
2019-05-28,Gödenroth,ev. Kirche,"Hauptstraße 33A  
56290 Gödenroth",DE,"Beginn 19:30 Uhr
Eintritt frei
anschl. Diskussion, 
Veranst.: ev. Kirchengemeinde Zehn Türme",grn_blank
2019-06-13,Riegenroth,ev. Gemeindehaus,"ev. Gemeindehaus
Kisselbacher straße
55469 Riegenroth",DE,"Beginn 19:30 Uhr
Eintritt frei
anschl. Diskussion, 
Veranst.: ev. Kirchengemeinde Zehn Türme",grn_blank
2019-05-16,Emden,Pelzerhäuser (Trauzimmer),"Pelzerstraße 11-12 
26721 Emden",DE,"Beginn 19:00 Uhr
mit anschließender Diskussion mit Professor Dr. Karl-Heinz Wehkamp,
Veranstalter ist das Aktionsbündnis zum Erhalt der wohnortnahen Krankenhäuser
",grn_blank
2019-06-26,Heidelberg,Karlstorkino,"Am Karlstor 1, 69117 Heidelberg",DE,,grn_blank
2019-05-15,Jena,Kino im Schillerhof,"Helmboldstraße 1, 07749 Jena",DE,"19:30 Uhr
Filmgespräch: Der marktgerechte Patient",grn_blank
2019-06-25,Regensburg,Regina Filmtheater,"Holzgartenstraße 22
93059 Regensburg",DE,"19:30 Uhr
In Kooperation der KEB. Mit anschließendem Filmgespräch geleitet durch die Ethikkommission der Barmherzigen Brüder.",grn_blank
2019-05-06,Hamburg,Goldbekhaus Winterhude,"Moorfuhrtweg 9, 22301 Hamburg",DE,"19:00 Uhr  anschließend Diskussion
Veranstalter:  Sabine Heimfeld, Die Linke
Moderation Deniz Celik",grn_blank
2019-05-06,Heidenheim, SVM Vereinsgaststätte auf den Reutenen,"In der Schwende 4
89522 Heidenheim an der Brenz

",DE,"ab 18.00 Uhr
Veranstalter: ver.di Betriebsgruppe Kliniken Heidenheim und Servizio Heidenheim",grn_blank
2019-05-20,Aalen,Büro der IG Metall in Aalen,"Friedrichstraße 54
D-73430 Aalen

",DE,"ab 17.00 Uhr
Veranstalter: ver.di Betriebsgruppe Ostalbkliniken Aalen",grn_blank
2019-05-15,Saarlouis-Steinrausch,"Gaststätte 
""Zum Bayer""","Kurt-Schumacher-Allee 129
66740 Saarlouis-Steinrausch",DE,"Beginn ist um 18.30 Uhr
Eintritt frei
anschließend kann diskutiert werden
Veranstalter ist die Regionalgruppe Saarlouis von Aufstehen",grn_blank
2019-05-22,Frankfurt am Main,Clubraum 2 des Bürgerhauses Nordweststadt,"Walter-Möller-Platz 2, 60439 Frankfurt am Main",DE,"Beginn 20:00 Uhr
Eintritt frei,
Veranstalter: SPD Ortsverein Nordweststadt-Süd",grn_blank
2019-06-12,Bremen,evangelischen Friedensgemeinde,"Humboldtstrasse 175
28203 Bremen",DE,Beginn 19:30 Uhr,grn_blank
2019-05-16,Kiel,"FH-Kiel 
Raum C08-1.04 (HS4)","CAMPUS 
KIEL-DIETRICHSDORF",DE,"von 15:00 - 17:00 Uhr 
Interdisziplinären Wochen 
Veranstalter: Prof.Dr. Roswitha Pioch, Jascha Jaworski,
Die Veranstaltung wird begleitet von Dr. med. Mechthild Klingenburg-Vogel, Fachärztin für Psychotherapeutische Medizin und Mitglied der Kieler IPPNW-Gruppe. Mit ihr können die Teilnehmenden im Anschluss an den Film diskutieren.
",grn_blank
2019-03-21,Rostock,Peter-Weiss-Haus e.V.,"Doberaner Str. 24
18057 Rostock

",DE,"Beginn: 19:00 Uhr
Eintritt frei, anschließend Diskussion
Veranstalter: soziale Bildung e.V.
",grn_blank
2019-05-29,Hamburg,Hörsaal im Campus Lehre UKE,"Süderfeldstraße, 22529 Hamburg",DE,"ab 18 Uhr ,
Veranstalter: Die Kritischen MedizinerInnen ",grn_blank
2019-06-26,Hamburg,"Kassenärztliche Vereinigung Hamburg,
Richard-Fuchs-Saal","Humboldtstraße 56,  22083 Hamburg",DE,"Beginn 17:00 Uhr
Filmvorführung mit anschließenden Kurzvorträgen und Diskussion            
4Fortbildungspunkte sind beantragt.
Veranstalter: Der Hamburger Vertragsarzt Dr. med. Eckhard Zeigert (Facharzt für Allgemeinmedizin) 
Parkplätze sind vorhanden (Parkhaus)
",grn_blank
2019-05-23,Gütersloh,Bambi ,"Bogenstr. 3
33330 Gütersloh",DE,"20:00 Uhr
Eintritt frei,  Mit Gästen
 DIE LINKE laden zu Film und Gespräch ein. ",grn_blank
2019-01-30,Schwäbisch Gmünd,Gewerkschaftshaus,"Türlensteg 32, 73525 Schwäbisch Gmünd",DE,"Beginn: 18:30 Uhr, Veranstalter: DGB Ortsverband Schwäbisch Gmünd",grn_blank
2019-05-22,Heilbronn,Gewerkschaftshaus,"Gartenstraße 64, 74072 Heilbronn",DE,"Beginn: 19:00 Uhr, Veranstalter: DGB KV/SV Heilbronn",grn_blank
2019-06-01,Leipzig,Gewerkschaftshaus Saal /5. Etage,"Karl-Liebknecht-Str. 30
04107 Leipzig ",DE,"Beginn 18:00 Uhr 
Ver.di Leipzig - Nordsachsen
Fachbereich Gesundheit,",grn_blank
2019-06-26,Lörrach,Hebelsaal des Dreiländermuseums,"Basler Straße 143 
79540 Lörrach",DE,"Beginn 19:00 Uhr
Eintritt frei
Veranstalter:
ver.di Ortverein Lörrach Waldshut",grn_blank
2019-07-09,Ulm,haus der Gewerkschaften,"Weinhof 23, 89073 Ulm.",DE,"Veranstalter: Seniorenarbeitskreis in der IG Metall Ulm
!! geschlossene Mitgliederveranstaltung !!",grn_blank
2018-11-16,Kaltenkirchen,Volkshochschule Kaltenkirchen,Kaltenkirchen,DE,Beginn 18 Uhr,grn_blank
2018-11-08,Krems,Gesundheitszentrum Goldenes Kreuz,"Langenloiserstraße 4
A-3500 Krems",AT,"freier Eintritt, anschl. Diskussion mit Fachreferentin",grn_blank
2019-08-07,Hamburg,"KulturA, Kulturzentrum Neuallermöhe","Otto-Grot-Strasse 88
21035 Hamburg",DE,Beginn 19.00 Uhr,grn_blank
2019-02-15,Potsdam,Haus der Natur,"Lindenstraße 34, 14467 Potsdam",DE,Veranstalter: Verdi,grn_blank
2019-08-12,Potsdam,Lothar-Bisky Haus,"Alleestraße, 14469 Potsdam",DE,"Die Linke
Gast: Susanna Karawanskij",grn_blank
2019-10-24,Breisach am Rhein,"im ""Blauen Haus""","Rheintorstraße 3 
79206 Breisach am Rhein",DE,"Beginn: 20:15 Uhr
mit anschließender Diskussion
Veranstalter: Umweltliste Breisach",purple_blank
2019-12-16,Reutlingen,franzK,"Unter den Linden 23, 
72762 Reutlingen",DE,"Einlass 19:30, Beginn: 20:00 Uhr
Eintritt frei
Veranstalter :
ver.di Fils-Neckar-Alb ",purple_blank
2019-07-25,Rostock,Peter-Weiss-Haus e.V.,"Doberaner Str. 21,
18057 Rostock",DE,"Beginn: 19:00 Uhr
Eintritt frei, anschließend Diskussion
Veranstalter: soziale Bildung e.V.",grn_blank
2019-08-10,Pfaffenhofen,Zentrum für Berufs- und Familienförderung (ZBF),"Rot-Kreuz-Straße 2-4
85276 Pfaffenhofen",DE,"Beginn: 19.00 Uhr
Veranstalter : Freundschaft mit Valjevo e.V.",grn_blank
2019-08-19,Dresden,"Filmgalerie Dresden e.V.
","Altenberger Str. 26, 01277 Dresden",DE,"Beginn: 18.00 Uhr
Anschließend Gespräch mit Katja Kipping",grn_blank
2019-08-28,Rostock-Warnemünde,Vereinsheim KGV Am Moor e.V.,"Wiesenweg 4a, 18119 Warnemünde",DE,"Beginn: 14:00 Uhr, Eintritt frei, max. 60 Plätze, Veranstalter: Seniorenausschuss W'mde/Dietrichshg.",grn_blank
2019-08-29,Biedenkopf,Jugendherberge,"Am Freibad 15
35216 Biedenkopf",DE,"Eintritt frei
Beginn: 18:30 Uhr 
Veranstaltung mit Dr. Achim Kessler, MdB
Veranstalter : Die Linke Marburg",grn_blank
2019-09-03,Hamburg,Epiphanienkirche in Hamburg-Winterhude,"Großheidestraße 44
22303 Hamburg ",DE,"19:00 Uhr, Eintritt frei
Veranstalter: Pastorin Frederike Heinecke
Gast:Alexander Degel
Im Anschluß offenes Gespräch",grn_blank
2020-01-10,Gütersloh,Bambi,"Bogenstr. 3
33330 Gütersloh",DE,"20:00 Uhr
Kino mit Gästen: 
Kreisverband Die Linke GT.
",purple_blank
2020-01-12,Gütersloh,Bambi,"Bogenstr. 3
33330 Gütersloh",DE,"17:30 Uhr
Kino mit Gästen: 
Kreisverband Die Linke GT.
",purple_blank
2019-09-17,Konstanz,Zebra Kino,"Joseph-Belli-Weg 5, 78467 Konstanz",DE,https://zebra-kino.de/,grn_blank
2019-09-15,Hamburg,Metropolis,"Kleine Theaterstrasse 10
20354 Hamburg",DE, 17:00 Uhr   in Anwesenheit der Filmemacherin und einer Kollegin aus dem Hamburger Pflegebündnis. Eine Veranstaltung in Kooperation mit den ver.di-Frauen und mit DENKtRÄUME .,grn_blank
2019-09-11,Ketsch,Central Kino,"Enderlestr. 24a
68775 Ketsch ",DE,"Beginn: 19:30
https://www.central-ketsch.de",grn_blank
2019-09-23,Herbrechtingen ,Begegnungsstätte Karl-Kaipf-Heim,"Mühlstr. 11, 
Herbrechtingen ",DE,"Beginn 17:30
Veranstalter: DBG-Nordwürttemberg",grn_blank
2019-09-24,Cottbus,ObenKino    im GladHouse,"Straße der Jugend 16,
03046 Cottbus",DE,"19:30 Uhr
Nach dieser Vorstellung findet ein Gespräch statt.
",grn_blank
2019-09-25,Cottbus,ObenKino   im GladHouse,"Straße der Jugend 16,
03046 Cottbus",DE,Beginn: 18:30 Uhr,grn_blank
2019-11-12,Alzey,Bali Kino,"Bahnberg 10
55232 Alzey
",DE,,purple_blank
2019-11-14,Leipzig,Passage Kinos,"Hainstraße 19a
04109 Leipzig
",DE,Mehrere Vorstellungen 14.-20.11.2019,purple_blank
2019-11-14,Rostock,Peter-Weiß-Haus,"Doberaner Str. 21 
18057 Rostock",DE,"15:00 Uhr
Eintritt frei
Veranstaltung des Seniorenbeirates der HRO",purple_blank
2019-10-29,Frankfurt am Main,Waldschmidtstraße 19,"Waldschmidtstraße 19  
60316 Frankfurt am Main",DE,"19:30h,  Filmgäste: 
Leslie Franke, Filmemacherin 
Dr. Bernd Hontschik, Chirurg und Autor ",purple_blank
2019-10-23,Munster,Hotel Stadt Munster,"Wilhelm-Bockelmann-Straße 2
29633 Munster",DE,"Beginn: 19:00 Uhr
Eintritt frei
Veranstalter: SPD Ortsverein Munster",purple_blank
2019-10-30,Potsdam,"Campus Griebnitzsee 
Hörsaal 01","August-Bebel-Straße 89 
14482 Potsdam",DE," Eintritt frei 
- Eine Pflegende des Bündnisses ""Krankenhaus statt Fabrik"" wird zur 
Filmvorführung und einer anschließenden Diskussion da sein. 
Veranstalter: DGB Hochschulgruppe Potsdam",purple_blank
2019-11-05,Detmold,Kleiner Festsaal der Stadthalle,"Schloßpl. 7, 
32756 Detmold",DE,"19:00 Uhr
Der Eintritt ist frei.
Veranstalter: “Detmolder Bündnis”
",purple_blank
2019-10-17,Breisach am Rhein,"Im ""Blauen Haus""","Rheintorstraße 3 
79206 Breisach am Rhein",DE,"Beginn 20:15 Uhr
mit anschließender Diskussion
Veranstalter: Umweltliste Breisach",grn_blank
2019-10-11,Hamburg,Buddistisches Stadt-Zentrum Hamburg,"Bahrenfelder Str. 201 b
22765 Hamburg",DE,"19.00 Uhr – 21.30 Uhr, 
Filmgäste: Leslie Franke, Filmemacherin
",grn_blank
2019-10-09,Langen,Zentrum für Jung und Alt,"Zimmerstr. 3, 
63225 Langen",DE,"17:30 Uhr im Familiencafé
kostenfrei, Spenden willkommen 
Veranstalter: Wir FAIRändern – Aktionsgruppe für mehr Nachhaltigkeit im Alltag ",grn_blank
2019-10-08,Lindau,Club Vaudeville ,"von Behrens Str. 6-8
88131 Lindau",DE,"Beginn: 20 Uhr Im Anschluss Gespräch mit VERDI-Vertreter aus dem Lindauer Kkh.
Veranstalter: : Ak EINE WELT der Lokalen Agenda, Amnesty Int. Attac, Club Vaudeville, pax  christi/friedensräume Lindau",grn_blank
2019-10-08,Bad Saulgau ,Konferenzraum des SRH Krankenhauses Bad Saulgau (ca. 70 Plätze) ,"Gänsbühl 1
88348 Bad Saulgau",DE,"Um 19:30 Uhr im Konferenzraum des SRH Krankenhauses Bad Saulgau  Im Anschluss an den Film gibt es, wie nach jedem Ethik-Kino, eine Diskussionsrunde.
Veranstalter: Ethikkomitee der SRH Kliniken Landkreis Sigmaringen GmbH ",grn_blank
2019-10-08,Buchenbühl,Gaststätte Buchenbühler Eck (ASV),"Wildenfelsweg 9 
90411 Buchenbühl",DE,"Beginn: 19:00 Uhr
Eintritt frei
mit Diskussion
Veranstalter: SPD OV Buchenbühl",grn_blank
2019-10-07,Wunstorf,Küsters Hof,"Hindenburgstraße 29 b 
31515 Wunstorf",DE,"Um 19 Uhr 
Veranstalter:Die Linke Wunstorf - Neustadt",grn_blank
2019-09-29,Erlangen,Lesecafé Anständig essen,"Hauptstraße 55, 
91054 Erlangen",DE,"Beginn: 19:00
Veranstalter:
AG Pflege und Gesundheit des Kreisverbandes DIE LINKE Erlangen
",grn_blank
2019-11-18,Kitzingen,Roxy Kino,"Rosenberg 3
97318 Kitzingen",DE,"Gespräch mit : 
ver.di-Sekretär Stefan Kimmel, sowie zwei Beschäftigten aus verschiedenen Krankenhäusern.
Veranstalter:
DGB Region Unterfranken",purple_blank
2019-11-05,Oberhausen,DGB-Haus (Saal im Erdgeschoss),"Friedrich-Karl-Str. 24,
46045 Oberhausen",DE,"Beginn: 18:00  Der Eintritt ist frei.
mit Diskussion im Anschluss.
Veranstalter:  Oberhausener Bündnis für eine menschenwürdige
Gesundheitsversorgung, mit Unterstützung von ver.di Ruhr-West.",purple_blank
2020-01-23,Otterndorf,Stadtscheune Otterndorf,"Sackstraße 4,
21762 Otterndorf",DE,"20.00 Uhr
Veranstalter: Lichtblick Otterndorf",purple_blank
2019-10-30,Wolfhagen,Cinema Kino,"Schützebergerstr. 37
34466 Wolfhagen",DE,17:45 Uhr,purple_blank
2019-10-11,Kiel,Kino in der Pumpe,"Haßstr. 22
24103 Kiel",DE,"18:00 Uhr
Mit KDA und Kieler Pflegebündnis",purple_blank
2019-11-17,Erlenbach,Passage Kino,"Bahnstraße 37, 
63906 Erlenbach am Main",DE,12:00 Uhr,purple_blank
2019-12-08,Lüneburg,Scala Kino,"Apothekenstr. 17
21335 Lüneburg",DE,"11.00 Uhr
Vorführung und Gespräch mit der Filmemacherin
Veranstalter: Heilhaus Lüneburger
",purple_blank
2019-11-23,Eckernförde,"Kommunales Kino  ""Das Haus""","Reeperbahn 28 
24340 Eckernförde",DE,"19:00 Uhr
Veranstalter: ver.di und DGB Eckernförde ",purple_blank
2019-11-18,Fritzlar,Hardehäuser Hof,"Kasseler Str. 22
34560 Fritzlar",DE,"19:00 Uhr
Veranstalter :
die Linke
Im Anschluss an die Vorführung besteht die Möglichkeit der Diskussion mit dem Sprecher für Gesundheitsökonomie der Linken im Bundestag, Dr. Achim Kessler.
",purple_blank
