{
  "licenseType": "Unknown",
  "exportable": true,
  "dc:title": "Karte \"Der marktgerechte Patient\"",
  "dc:modified": "2019-11-15T16:05:17Z",
  "dc:identifier": "10oUYv_s9cNIOiKSwvj-wCtu2mIALv8Wm3OzwMOx2",
  "tableSchema": {"columns": [
    {
      "datatype": "string",
      "name": "col0",
      "validateData": false,
      "title": "Stadt"
    },
    {
      "datatype": "double",
      "name": "col1",
      "validateData": false,
      "title": "Veranstaltungsort"
    },
    {
      "datatype": "location",
      "name": "col2",
      "validateData": false,
      "title": "Adresse"
    },
    {
      "datatype": "date",
      "name": "col3",
      "validateData": false,
      "title": "Datum"
    },
    {
      "datatype": "string",
      "name": "col4",
      "validateData": false,
      "title": "Land",
      "validValues": "DE, AT, CH"
    },
    {
      "datatype": "string",
      "name": "col5",
      "validateData": false,
      "title": "Infos"
    },
    {
      "datatype": "string",
      "name": "col6",
      "validateData": false,
      "title": "Icon",
      "validValues": "grn_blank, purple_blank"
    }
  ]}
}