{
  "licenseType": "Unknown",
  "dc:description": "Imported at Tue Apr 26 15:07:18 PDT 2016 from ClimDev-africa footprint.csv.",
  "exportable": true,
  "dc:title": "ClimDev-Africa footprint",
  "attribution": "Google, ClimDev-Africa",
  "attributionLink": "http://www.climdev-africa.org",
  "dc:modified": "2016-11-24T04:39:02Z",
  "dc:identifier": "12U6dRU9-ij21kE8k7MIFyTur6969M5dJTP4Z9pHo",
  "tableSchema": {"columns": [
    {
      "datatype": "string",
      "name": "col0",
      "validateData": false,
      "title": "description"
    },
    {
      "datatype": "location",
      "name": "col1",
      "validateData": false,
      "title": "Country"
    },
    {
      "datatype": "string",
      "name": "col2",
      "validateData": false,
      "title": "Description"
    },
    {
      "datatype": "location",
      "name": "col3",
      "validateData": false,
      "title": "geometry"
    },
    {
      "datatype": "string",
      "name": "col4",
      "validateData": false,
      "title": "ACPC"
    },
    {
      "dc:description": "Countries receiving INDC support",
      "datatype": "string",
      "name": "col5",
      "validateData": false,
      "title": "INDC"
    },
    {
      "datatype": "string",
      "formatPattern": "<img src='%s' height='15'/>",
      "name": "col6",
      "validateData": false,
      "title": "Featured image"
    },
    {
      "dc:description": "Climate Change and Desertification Unit at AUC",
      "datatype": "string",
      "name": "col7",
      "validateData": false,
      "title": "CCDU"
    },
    {
      "dc:description": "ClimDev-Africa Special Fund at AfDB",
      "datatype": "string",
      "name": "col8",
      "validateData": false,
      "title": "CDSF"
    }
  ]}
}