Name,Address
Otorohanga Motors,"1 Maniapoto St, Otorohanga, New Zealand"
Moores Service Station,"2 Belmont Rd, Paeroa, New Zealand"
Stellar Fuel,"2 Parapara Rd, Raetihi, New Zealand"
Caltex Waimauku,"2 Waimauku Station Rd, Waimauku, New Zealand"
Caltex Russley,"2 Russley Rd, Yaldhurst, New Zealand"
Star Garage,"3 South Rd, Kaitaia, New Zealand"
Mobil Petone,"3 Hutt Rd, Petone, New Zealand"
Eastern Gas & Hire (24hr Self-Service),"6 Hyde Street, Gore, New Zealand"
Stokes Valley Refuel,"7 Stokes Valley Rd, Stokes Valley, New Zealand"
Smart Master,"9 Saleyards Rd, Otahuhu, New Zealand"
Caltex Waitangi,"10 Blackbridge Rd, Paihia, New Zealand"
Caltex Te Awamutu,"10 Ohaupo Rd, Te Awamutu, New Zealand"
Opawa Garage,"11 Opawa Rd, Christchurch, New Zealand"
Caltex Hyderabad,"12 Hyderabad Rd, Napier, New Zealand"
Mobil Taihape,"12 Mataroa Rd, Taihape, New Zealand"
Rockgas Fitzroy (24hr Self-Service),"14 Constance Street, New Plymouth, New Zealand"
Caltex Whangarei,"15 Lower Tarewa Rd, Whangarei, New Zealand"
Porirua Cylinder Testing,"16 Mohuia Crescent,  Porirua , New Zealand"
Sadlers Service Station,"19 Queen St, Waimate, New Zealand"
Caltex Wanaka,"19 Ardmore St, Wanaka, New Zealand"
Rockgas Invercargill (24hr Self-Service),"20 Spey St, Invercargill , New Zealand"
Caltex Constellation Drive,"21 Constellation Dr, Mairangi Bay, New Zealand"
Mobil Taupo,"22 Tongariro St, Taupo, New Zealand"
Kurow Autos,"26 Bledisloe St, Kurow, New Zealand"
Mackenzie Country Tyre Specialists,"28 Allandale Rd, Fairlie, New Zealand"
Caltex Basin Reserve,"28 Adelaide Rd, Wellington, New Zealand"
Caltex Stanley Street,"30 Stanley St, Parnell, New Zealand"
Rockgas Greymouth (24hr Self-Service),"31 Lord Street, Greymouth, New Zealand"
Te Kuiti Service Station,"31 Rora St, Te Kuiti, New Zealand"
Adamsons Service Station,"32 Fitzherbert St, Featherston, New Zealand"
Caltex Woodville,"33 Vogel St, Woodville, New Zealand"
Mobil Warkworth,"34 Whitaker Rd, Warkworth, New Zealand"
Edmund Road Energy Centre,"38 Edmund Rd, Rotorua, New Zealand"
Gas Eketahuna Ltd,"41 Main St, Eketahuna, New Zealand"
Mobil Murchison,"41 Waller St, Murchison, New Zealand"
P B Motors,"45 Balance St, Shannon, New Zealand"
Mcconnochies Service Station,"45 Kenrick St, Te Aroha, New Zealand"
Caltex Alexandra,"50 Centennial Ave, Alexandra, New Zealand"
Challenge Picton,"52 Kent St, Picton, New Zealand"
Caltex Queenstown,"56 Gorge St, Queenstown, New Zealand"
Mobil Anzac Ave (24hr Self-Service),"57 Anzac Ave, Dunedin, New Zealand"
Gull Feilding,"62 Awahuri Road, Feilding, New Zealand"
Wormald Cylinder Test Station,"62 Mahia Rd, Manukau, New Zealand"
Avalon Drive Mobil Mart,"65 Avalon Dr, Hamilton, New Zealand"
Rockgas Riccarton Rd (24hr Self-Service),"66 Riccarton Rd, Riccarton, New Zealand"
Caltex Riccarton Rd,"66 Riccarton Rd, Riccarton, New Zealand"
Ruawai Motors,"67 Jellicoe St, Ruawai, New Zealand"
Wakefield Auto Services,"67 Whitby Rd, Wakefield, New Zealand"
Riverview Motors,"73 Putiki Drive, Wanganui, New Zealand"
Caltex Bridge Street,"79 Bridge St, Opotiki, New Zealand"
Caltex Sommerville,"80 Whitford Rd, Howick, New Zealand"
Mobil Te Anau,"80 Town Centre, Te Anau, New Zealand"
Womersley Industries,"82 High St, Oxford, New Zealand"
Northtown Fuels,"84 Evans St, Timaru, New Zealand"
Caltex Stratford,"90 Broadway North, Stratford, New Zealand"
Caltex Taupo,"94 Heuheu Street, Taupo, New Zealand"
Rockgas Christchurch (24hr Self-Service),"95 Byron Street, Christchurch, New Zealand"
Mobil Bulls,"101 Bridge St, Bulls, New Zealand"
Mobil Walmsley Rd,"101 Walmsley Rd, Mangere East, New Zealand"
Caltex Makaraka,"105 Main Rd, Makaraka, New Zealand"
Challenge Putaruru,"107 Tirau St, Putaruru, New Zealand"
Opunake Motors,"108 Tasman St, Opunake, New Zealand"
Burnside Service Station,"109 Main South Rd, Green Island, New Zealand"
Caltex Leabank,"112 Weymouth Rd, Manurewa, New Zealand"
Caltex Feilding,"114 South St, Feilding, New Zealand"
Mobil Swanson,"118 Swanson Rd, Henderson, New Zealand"
Challenge Matamata,"118 Broadway , Matamata, New Zealand"
Robbs Garage,"119 Scotland St, Roxburgh, New Zealand"
BP Masterton,"127 Chapel St, Masterton, New Zealand"
Mobil Te Awamutu,"133 Arawata St, Te Awamutu, New Zealand"
Caltex Spotswood,"136 South Rd, New Plymouth, New Zealand"
Caltex Glover Road,"137 Glover Rd, Hawera, New Zealand"
Caltex Milton,"137 Union St, Milton, New Zealand"
Caltex King Street,"80 King St, Timaru, New Zealand"
Caltex Chartwell,"145 Comries Rd, Hamilton, New Zealand"
Bairds Motordrome Temuka,"149 King St, Temuka, New Zealand"
Caltex Whakatane,"149 Commerce St, Whakatane, New Zealand"
Pat Prescott Ltd,"152 Maniapoto St, Otorohanga, New Zealand"
Caltex Otara,"153 East Tamaki Rd, Otara, New Zealand"
Oxford Motor Company,"157 High St, Oxford, New Zealand"
Caltex Fitzherbert,"161 Fitzherbert Ave, West End, New Zealand"
Western Automart,"162 Renall St, Masterton, New Zealand"
Mobil Taradale Road,"164 Taradale Rd, Napier, New Zealand"
Caltex Westlow,"166 High St, Dannevirke, New Zealand"
Bowyer Motors,"173 Hakiaha St, Taumarunui, New Zealand"
Mobil Wainoni,"175 Wainoni Rd, Wainoni, New Zealand"
Caltex Washdyke,"184 Hilton Hwy, Washdyke, New Zealand"
Smith Hare & Christison,"191 High St, Carterton, New Zealand"
Mobil Otaki,"191 Main Highway, Otaki, New Zealand"
Caltex Savoy,"198 Tay St, Invercargill, New Zealand"
Caltex Bishopdale,"203 Waimea Rd, Nelson, New Zealand"
Treadwell Auto Services,"206 High St, Dannevirke, New Zealand"
Gull & Rockgas Thames,"208 Pollen St, Thames, New Zealand"
Mobil Junction,"208 Lake Tce, Taupo, New Zealand"
Mobil Tikipunga,"209 Kiripaka Rd, Tikipunga, New Zealand"
Caltex Solway,"216 High St, Masterton, New Zealand"
Mobil Drury Lane,"222 Great South Rd, Drury, New Zealand"
Kuripuni Motors,"229 Chapel St, Masterton, New Zealand"
Te Ngae Service Station,"238 Te Ngae Rd, Rotorua, New Zealand"
Caltex Dyers Road,"241 Dyers Rd, Bromley, New Zealand"
Caltex Vic Ave,"241 Victoria Ave, Wanganui, New Zealand"
Mobil Ti Rakau Drive,"242 Ti Rakau Dr, Pakuranga, New Zealand"
Mobil Wigram,"243 Main South Rd, Sockburn, New Zealand"
Butler Auto Mart,"261 Stanmore Rd, Richmond, New Zealand"
Caltex Lincoln Rd,"263 Lincoln Rd, Henderson, New Zealand"
Mobil Hillcrest,"286 Cambridge Rd, Hamilton, New Zealand"
Mobil Puhinui,"286 Puhinui Rd, Papatoetoe, New Zealand"
Caltex West Coast Road,"297 West Coast Rd, Glen Eden, New Zealand"
Te Hana Service Station,"307 Main Rd, Wellsford, New Zealand"
Caltex Avenal,"314 Dee St, Invercargill, New Zealand"
Bishopdale Service Station,"318 Harewood Rd, Bishopdale, New Zealand"
Mobil Huntly,"320 Great South Rd, Huntly, New Zealand"
Challenge Rotorua,"330 Malfroy Rd, Rotorua, New Zealand"
Caltex Balmoral,"332 Sandringham Rd, Balmoral, New Zealand"
Mobil Levin,"346 Oxford St, Levin, New Zealand"
Caltex Capricorn,"363 Manukau Rd, Epsom, New Zealand"
Waikiwi Motors,"376 North Rd, Waikiwi, New Zealand"
Caltex Epsom,"378 Manukau Rd, Epsom, New Zealand"
Caltex Gladstone Rd,"401 Gladstone Rd, Gisborne, New Zealand"
Caltex Highland Park,"489 Pakuranga Hwy, Auckland, New Zealand"
Caltex City North,"492 Great King St, Dunedin, New Zealand"
Caltex Cranford Street,"500 Cranford St, St Albans, New Zealand"
Caltex Te Ngae,"520 Te Ngae Rd, Rotorua, New Zealand"
Mobil Glenfield,"560 Glenfield Rd, Glenfield, New Zealand"
Caltex Monument,"561 Great South Rd, Otahuhu, New Zealand"
Mobil Stoke,"565 Main Rd, Stoke, New Zealand"
Caltex Te Rapa,"589 Te Rapa Rd, Hamilton, New Zealand"
Complete Auto Repairs Ltd (24hr Self-Service),"617 Hillside Road, Dunedin, New Zealand"
Mobil Mt Richmond,"629 Mt Wellington Hwy, Auckland, New Zealand"
Riwaka Garage,"633 Main Rd, Riwaka, New Zealand"
Caltex Cavendish Drive,"652 Great South Rd, Manukau City, New Zealand"
Caltex Browns Bay,"731 Beach Rd, Browns Bay, New Zealand"
Mobil Awapuni,"734 Pioneer Hwy, Palmerston North, New Zealand"
Caltex Upper Hutt,"749 Fergusson Dr, Upper Hutt, New Zealand"
Te Hihi Auto Court Limited,"755 Linwood Rd, Karaka, New Zealand"
Tremaine Energy Centre,"777 Tremaine Ave, Palmerston North, New Zealand"
Caltex Te Hapara,"814 Gladstone Rd, Gisborne, New Zealand"
Caltex Terrace End,"839 Main St, Palmerston North, New Zealand"
Caltex Dominion Road,"915 Dominion Rd, Mount Roskill, New Zealand"
Caltex Omahu Road,"1108 Omahu Rd, Hastings, New Zealand"
Caltex Rimutaka,"1193 Fergusson Dr, Upper Hutt, New Zealand"
Greerton Service Station,"1272 Cameron Rd, Tauranga, New Zealand"
Eureka Motors Ltd,"1291 Morrinsville Rd, Eureka, New Zealand"
Ashhurst Service Centre,"1339 Napier Rd, Ashhurst, New Zealand"
Shamrock Service Station,"1833 SH 1, Kaiwaka, New Zealand"
Deluxe Ford,"3-13 Bridge St, Wairoa, New Zealand"
Caltex Clark Street,"11-13 Clark St, New Lynn, New Zealand"
Mobil Amberley,"Main Rd, Amberley, New Zealand"
Mobil Foxton,"Main Rd, Foxton, New Zealand"
Mobil Lake Road,"Lake Rd, Frankton, New Zealand"
Mobil Gore,"Main Rd, Gore, New Zealand"
Kaeo Farm & Fuels,"Waikare Ave, Kaeo, New Zealand"
Caltex Keri Keri,"Kerikeri Rd, Kerikeri, New Zealand"
Little River Garage,"Main Rd, Little River, New Zealand"
Faulknors Service Station,"Queen St, Masterton, New Zealand"
BP Pahiatua,"Masterton Rd, Pahiatua, New Zealand"
Caltex Porirua,"Parumoana St, Porirua, New Zealand"
Mobil Rakaia,"Main Rd, Rakaia, New Zealand"
Caltex Tirau,"Main Rd, Tirau, New Zealand"
Challenge Tauranga Taupo Service Station,"SH 1, Turangi 3382, New Zealand"
Bohanna Motors,"Main Rd, Waikanae, New Zealand"
Caltex Waipukurau,"Main Rd, Waipukurau, New Zealand"
Caltex Karaka,"SH 22, RD 1, Karaka, New Zealand"
Blighs Road Service Station,"Cnr Blighs & Idris Rd, Papanui, New Zealand"
Challenge Tokoroa,"68-70 Bridge St, Tokoroa, New Zealand"
Caltex Chapel St,"Cnr Chapel & Wrigley St, Masterton, New Zealand"
Clyde Street Service Station,"Cnr Clyde & Peach St, Hamilton, New Zealand"
Bell Block Motors,"Cnr Devon & Wills Rd, New Plymouth, New Zealand"
Caltex Ashburton,"Cnr East & Dobson St, Ashburton, New Zealand"
Ashburton Mobil Mart,"Cnr East & Walnut St, Ashburton, New Zealand"
Caltex Eliot Street,"53-57 Eliot St, New Plymouth, New Zealand"
Caltex Papatoetoe,"Cnr Great South & Puhinu Rd, Papatoetoe, New Zealand"
Caltex Karamu,"Cnr Karamu & Alexandra Rd, Hastings, New Zealand"
R&B Motors,"Cnr Main & Humphries St, Greytown, New Zealand"
Caltex Otaki,"Cnr Main Rd & Aotaki St, Otaki, New Zealand"
Trackside Pukekohe,"167-169 Manukau Rd, Pukekohe, New Zealand"
Caltex Dargaville,"Cnr Normanby & Victoria St, Dargaville, New Zealand"
Mobil Cambridge,"Cnr Queen & Empire St, Cambridge, New Zealand"
Caltex Wellsford,"Cnr Rodney & Port Al, Wellsford, New Zealand"
Caltex Western Hills,"Cnr Selwyn Ave & Western Hills Dr, Whangarei, New Zealand"
Caltex Kawakawa,"Cnr Station Road & SH 1, Kawakawa, New Zealand"
Caltex Wainuiomata,"14-16 The Strand, Wainuiomata, New Zealand"
Mobil Henderson,"17-19 Valley Rd, Henderson, New Zealand"
Auckland Airport (24hr Self-Service),"Auckland Airport, New Zealand"
Mobil Mercer,"SH 1, Mercer, New Zealand"
North Highway Service Station,"SH 1, Paraparaumu, New Zealand"
Caltex Katikati,"SH 2, Katikati, New Zealand"
Garage Services Maramarua,"SH 2, Maramarua, New Zealand"
"1433 Dairy Flat Highway, Dairy Flat","SH 1, Auckland 0792, New Zealand"
Caltex Westport,"197 Palmerston Street, Westport"
BP Kaitaia,"174 Commerce St, Kaitaia, New Zealand"
Mobil - Ngapuhi Service Station,"19 Broadway, Kaikohe, New Zealand"
NPD Port Nelson Fuel & Rentals (24hr Self-Service),"Cnr Vickerman & Wildman St, Port Nelson, New Zealand"
NPD Waimea Motors,"7 Gladstone Rd, Richmond, New Zealand"
NPD Lincoln Road,"55 Lincoln Rd, Addington, New Zealand"
