{
  "licenseType": "Unknown",
  "dc:description": "Imported at Mon Dec 05 12:48:46 PST 2016 from revision_scholarship_map.xls.",
  "exportable": true,
  "dc:title": "revision_scholarship_map",
  "attribution": "Phi Theta Kappa Honor Society",
  "dc:modified": "2017-01-31T20:55:15Z",
  "dc:identifier": "1I4hd4gaFHI3MSaM_H5E9vPktN_BBWWkyZwj54sC9",
  "tableSchema": {"columns": [
    {
      "datatype": "location",
      "name": "col0",
      "validateData": false,
      "title": "City"
    },
    {
      "datatype": "location",
      "name": "col1",
      "validateData": false,
      "title": "STATE_CODE"
    },
    {
      "datatype": "location",
      "name": "col2",
      "validateData": false,
      "title": "Location"
    },
    {
      "datatype": "location",
      "name": "col3",
      "validateData": false,
      "title": "COLLEGE NAME"
    },
    {
      "datatype": "string",
      "name": "col4",
      "validateData": false,
      "title": "SCHOLARSHIP_NAME"
    },
    {
      "datatype": "string",
      "name": "col5",
      "validateData": false,
      "title": "DESCRIPTION"
    },
    {
      "datatype": "string",
      "name": "col6",
      "validateData": false,
      "title": "SCHOLARSHIP_TYPE"
    },
    {
      "datatype": "string",
      "name": "col7",
      "validateData": false,
      "title": "PROGRAM_URL"
    },
    {
      "datatype": "string",
      "name": "col8",
      "validateData": false,
      "title": "IS_PTK_MEMBERS_ONLY"
    },
    {
      "datatype": "double",
      "name": "col9",
      "validateData": false,
      "title": "AMNTHI"
    },
    {
      "datatype": "double",
      "name": "col10",
      "validateData": false,
      "title": "AMNTLO"
    },
    {
      "datatype": "double",
      "name": "col11",
      "validateData": false,
      "title": "TUITION_PCT"
    },
    {
      "datatype": "double",
      "name": "col12",
      "validateData": false,
      "title": "AWARD_LENGTH"
    }
  ]}
}