{
  "licenseType": "Creative Commons",
  "dc:description": "New Hampshire Partisan Voting Index based on 2012-2016 presidential vote",
  "exportable": true,
  "dc:title": "2016 NH PVI by Town",
  "attribution": "William Tucker",
  "attributionLink": "http://miscellanyblue.com",
  "dc:modified": "2016-12-18T23:01:06Z",
  "dc:identifier": "1R33xyqn8PIRu0OVM7vHeSEx6Z-ureJxUcmAXiTSk",
  "tableSchema": {"columns": [
    {
      "datatype": "string",
      "name": "col0",
      "validateData": false,
      "title": "NAME"
    },
    {
      "datatype": "location",
      "name": "col1",
      "validateData": false,
      "title": "geometry"
    },
    {
      "datatype": "double",
      "name": "col2",
      "validateData": false,
      "title": "2012 Romney"
    },
    {
      "datatype": "double",
      "name": "col3",
      "validateData": false,
      "title": "2012 Obama"
    },
    {
      "datatype": "double",
      "name": "col4",
      "validateData": false,
      "title": "2008 McCain"
    },
    {
      "datatype": "double",
      "name": "col5",
      "validateData": false,
      "title": "2008 Obama"
    },
    {
      "datatype": "double",
      "name": "col6",
      "validateData": false,
      "title": "2012 PVI (decimal)"
    },
    {
      "datatype": "string",
      "name": "col7",
      "validateData": false,
      "title": "2012 NH-PVI"
    },
    {
      "datatype": "string",
      "name": "col8",
      "validateData": false,
      "title": "Town"
    },
    {
      "datatype": "double",
      "name": "col9",
      "validateData": false,
      "title": "2016 Trump"
    },
    {
      "datatype": "double",
      "name": "col10",
      "validateData": false,
      "title": "2016 Clinton"
    },
    {
      "datatype": "double",
      "name": "col11",
      "validateData": false,
      "title": "2016 PVI (decimal)"
    },
    {
      "datatype": "string",
      "name": "col12",
      "validateData": false,
      "title": "2016 NH PVI"
    },
    {
      "datatype": "double",
      "formulaValid": true,
      "formatPattern": "###0.#####",
      "name": "col13",
      "formula": "('2016 Clinton'-'2016 Trump')*100.0",
      "validateData": false,
      "title": "2016 Clinton margin"
    },
    {
      "datatype": "double",
      "formulaValid": true,
      "formatPattern": "###0.#####",
      "name": "col14",
      "formula": "('2012 Obama'-'2012 Romney')*100.0",
      "validateData": false,
      "title": "2012 Obama margin"
    },
    {
      "datatype": "double",
      "formulaValid": true,
      "formatPattern": "#,##0.#####",
      "name": "col15",
      "formula": "('2016 Clinton'-'2012 Obama')*100.0",
      "validateData": false,
      "title": "2016 Change in Margin"
    }
  ]}
}