{
  "licenseType": "Unknown",
  "dc:description": "Imported at Fri Jun 29 14:31:37 PDT 2012 from Colorado Counties (2).csv.",
  "exportable": true,
  "createdBy": "Micki Trost",
  "dc:title": "Colorado Fire Ban [Colorado DHSEM]",
  "attributionIcon": "http://4.bp.blogspot.com/-cq7gOhf6KHQ/U_5ZPpZ53vI/AAAAAAAAD8I/Zz7Pxt78y2Q/s1600/Centered%2BDHSEM%2BLogo%2BHunerwadel%2Bwith%2Binternal%2Btext%2B8.19%2Bwith%2Btext%2Blockup%2Bsmaller%2Bfile.png",
  "attribution": "Colorado Division of Homeland Security and Emergency Management",
  "attributionLink": "http://www.coemergency.com",
  "dc:modified": "2018-10-10T18:14:09Z",
  "dc:identifier": "1o76CJOtWMM37FdAb-dpQdTeUlwkbC0oBFAETH78",
  "tableSchema": {"columns": [
    {
      "datatype": "location",
      "name": "col0",
      "validateData": false,
      "title": "County Name"
    },
    {
      "datatype": "location",
      "name": "col1",
      "validateData": false,
      "title": "State-County"
    },
    {
      "datatype": "string",
      "name": "col2",
      "validateData": false,
      "title": "state abbr"
    },
    {
      "datatype": "string",
      "name": "col3",
      "validateData": false,
      "title": "State Abbr."
    },
    {
      "datatype": "location",
      "name": "col4",
      "validateData": false,
      "title": "geometry"
    },
    {
      "datatype": "double",
      "name": "col5",
      "validateData": false,
      "title": "value"
    },
    {
      "datatype": "string",
      "name": "col6",
      "validateData": false,
      "title": "GEO_ID"
    },
    {
      "datatype": "double",
      "name": "col7",
      "validateData": false,
      "title": "GEO_ID2"
    },
    {
      "datatype": "location",
      "name": "col8",
      "validateData": false,
      "title": "Geographic Name"
    },
    {
      "datatype": "double",
      "name": "col9",
      "validateData": false,
      "title": "STATE num"
    },
    {
      "datatype": "double",
      "name": "col10",
      "validateData": false,
      "title": "COUNTY num"
    },
    {
      "datatype": "double",
      "name": "col11",
      "validateData": false,
      "title": "FIPS formula"
    },
    {
      "datatype": "string",
      "formatPattern": "<a href='%1$s'>%1$s<\/a>",
      "name": "col12",
      "validateData": false,
      "title": "Has error"
    },
    {
      "datatype": "string",
      "name": "col13",
      "validateData": false,
      "title": "Fire Ban Type"
    },
    {
      "datatype": "double",
      "name": "col14",
      "validateData": false,
      "title": "FireBanSymbol"
    },
    {
      "datatype": "string",
      "formatPattern": "<a href='%1$s'>%1$s<\/a>",
      "name": "col15",
      "validateData": false,
      "title": "FireBanLink"
    },
    {
      "datatype": "string",
      "formatPattern": "<a href='%1$s'>%1$s<\/a>",
      "name": "col16",
      "validateData": false,
      "title": "County Website"
    }
  ]}
}