{
  "licenseType": "Unknown",
  "exportable": true,
  "dc:title": "CPAG data",
  "dc:modified": "2013-02-22T10:33:51Z",
  "dc:identifier": "1pbG39PpL48MPjfKnauSzmHCnuzksb98GCrt5B_Y",
  "tableSchema": {"columns": [
    {
      "datatype": "string",
      "name": "col3>>0",
      "validateData": false,
      "title": "AREA_CODE"
    },
    {
      "datatype": "location",
      "name": "col0>>0",
      "validateData": false,
      "title": "geometry"
    },
    {
      "datatype": "double",
      "name": "col1>>0",
      "validateData": false,
      "title": "geometry_vertex_count"
    },
    {
      "datatype": "string",
      "name": "col2>>0",
      "validateData": false,
      "title": "NAME"
    },
    {
      "datatype": "string",
      "name": "col5>>0",
      "validateData": false,
      "title": "FILE_NAME"
    },
    {
      "datatype": "string",
      "name": "col4>>0",
      "validateData": false,
      "title": "DESCRIPTIO"
    },
    {
      "datatype": "double",
      "name": "col6>>0",
      "validateData": false,
      "title": "NUMBER"
    },
    {
      "datatype": "double",
      "name": "col7>>0",
      "validateData": false,
      "title": "NUMBER0"
    },
    {
      "datatype": "double",
      "name": "col8>>0",
      "validateData": false,
      "title": "POLYGON_ID"
    },
    {
      "datatype": "double",
      "name": "col9>>0",
      "validateData": false,
      "title": "UNIT_ID"
    },
    {
      "datatype": "string",
      "name": "col10>>0",
      "validateData": false,
      "title": "CODE"
    },
    {
      "datatype": "double",
      "name": "col11>>0",
      "validateData": false,
      "title": "HECTARES"
    },
    {
      "datatype": "double",
      "name": "col12>>0",
      "validateData": false,
      "title": "AREA"
    },
    {
      "datatype": "string",
      "name": "col13>>0",
      "validateData": false,
      "title": "TYPE_CODE"
    },
    {
      "datatype": "string",
      "name": "col14>>0",
      "validateData": false,
      "title": "DESCRIPT0"
    },
    {
      "datatype": "string",
      "name": "col15>>0",
      "validateData": false,
      "title": "TYPE_COD0"
    },
    {
      "datatype": "string",
      "name": "col16>>0",
      "validateData": false,
      "title": "DESCRIPT1"
    },
    {
      "datatype": "double",
      "name": "col17>>0",
      "validateData": false,
      "title": "AREA_CODE_ft_style"
    },
    {
      "datatype": "double",
      "name": "col18>>0",
      "validateData": false,
      "title": "DESCRIPTIO_ft_style"
    },
    {
      "datatype": "double",
      "name": "col19>>0",
      "validateData": false,
      "title": "TYPE_CODE_ft_style"
    },
    {
      "datatype": "double",
      "name": "col20>>0",
      "validateData": false,
      "title": "DESCRIPT0_ft_style"
    },
    {
      "datatype": "double",
      "name": "col21>>0",
      "validateData": false,
      "title": "TYPE_COD0_ft_style"
    },
    {
      "datatype": "double",
      "name": "col22>>0",
      "validateData": false,
      "title": "DESCRIPT1_ft_style"
    },
    {
      "datatype": "string",
      "name": "col23>>0",
      "validateData": false,
      "title": "import_notes"
    },
    {
      "datatype": "double",
      "name": "col0>>1",
      "validateData": false,
      "title": "Reference"
    },
    {
      "datatype": "location",
      "name": "col1>>1",
      "validateData": false,
      "title": "Local Authority Name"
    },
    {
      "datatype": "string",
      "name": "col2>>1",
      "validateData": false,
      "title": "Ward name"
    },
    {
      "datatype": "double",
      "name": "col3>>1",
      "validateData": false,
      "title": "Estimated number of children in poverty 2012"
    },
    {
      "datatype": "string",
      "name": "col4>>1",
      "validateData": false,
      "title": "Estimated percentage of children in poverty 2012"
    }
  ]},
  "sql": "SELECT T1.'AREA_CODE', T1.'geometry', T1.'geometry_vertex_count', T1.'NAME', T1.'FILE_NAME', T1.'DESCRIPTIO', T1.'NUMBER', T1.'NUMBER0', T1.'POLYGON_ID', T1.'UNIT_ID', T1.'CODE', T1.'HECTARES', T1.'AREA', T1.'TYPE_CODE', T1.'DESCRIPT0', T1.'TYPE_COD0', T1.'DESCRIPT1', T1.'AREA_CODE_ft_style', T1.'DESCRIPTIO_ft_style', T1.'TYPE_CODE_ft_style', T1.'DESCRIPT0_ft_style', T1.'TYPE_COD0_ft_style', T1.'DESCRIPT1_ft_style', T1.'import_notes', T2.'Local Authority Name', T2.'Ward name', T2.'Estimated number of children in poverty 2012', T2.'Estimated percentage of children in poverty 2012' FROM 1urvnnWe2bZAANvHPJ3k0i2FxIfoRkBALbKvpsHk AS T1 LEFT OUTER JOIN 1mbKXNt1omx3pRdbqahoRCCPOe6muFOe6azqOnTs AS T2 ON T1.'AREA_CODE' = T2.'Reference'"
}