{
  "licenseType": "Unknown",
  "dc:description": "Imported at Wed Dec 07 07:46:43 PST 2016 from Car Park list 2016 12 - final version from Gordon.csv.",
  "exportable": true,
  "dc:title": "MVR Car Parks",
  "dc:modified": "2019-11-03T08:45:56Z",
  "dc:identifier": "1BD4caGBQVh1nXp8Tx2RQOO5Hvc7ZqDBCSpBArkDD",
  "tableSchema": {"columns": [
    {
      "datatype": "string",
      "name": "col0",
      "validateData": false,
      "title": "Car Park"
    },
    {
      "datatype": "string",
      "name": "col1",
      "validateData": false,
      "title": "GridRef"
    },
    {
      "datatype": "string",
      "name": "col2",
      "validateData": false,
      "title": "Notes"
    },
    {
      "datatype": "string",
      "name": "col3",
      "validateData": false,
      "title": "Type"
    },
    {
      "datatype": "string",
      "name": "col4",
      "validateData": false,
      "title": "Icon"
    },
    {
      "datatype": "location",
      "name": "col5",
      "validateData": false,
      "title": "Latitude",
      "latitudeLongitudeColumns": {
        "latitudeColumn": "col5",
        "longitudeColumn": "col6"
      }
    },
    {
      "datatype": "double",
      "name": "col6",
      "validateData": false,
      "title": "Longitude",
      "latitudeLongitudeColumns": {
        "latitudeColumn": "col5",
        "longitudeColumn": "col6"
      }
    }
  ]}
}