Car Park,GridRef,Notes,Type,Icon,Latitude,Longitude
Abbots Wood CP,SU811411,,CP,small_red,51.163409,-0.84154718
Ashtead Station CP,TQ180589,,ST,small_purple,51.316982,-0.30817853
Balcombe Station CP,TQ306300,Free at weekends,CP,small_red,51.054502,-0.13797343
Blackheath Village CP.,TQ036462,,CP,small_red,51.205625,-0.51840226
Bookham Road CP,TQ122567,,CP,small_red,51.29838,-0.39205911
Bookham Station CP,TQ128556,,ST,small_purple,51.288374,-0.38380395
"Bookham, Woodlands CP",TQ128524,,CP,small_red,51.259612,-0.38481282
Bramley CP,TQ008445,,CP,small_red,51.190844,-0.55894582
Brockhamhurst Rd CP,TQ198470,,CP,small_red,51.209651,-0.28634461
Chartwell NT CP,TQ455517,,CP,small_red,51.245922,0.08324138
Compton village hall CP,SU958466,,CP,small_red,51.210581,-0.62991284
"Compton, north-eastern end of Spiceall (Houses 54-74, off The Street",SU961469,,RD,small_yellow,51.213227,-0.62553909
"Compton, Polsted Lane",SU964468,,RD,small_yellow,51.212278,-0.62127223
"Coulsdon, CP behind Fox PH",TQ317568,,CP,small_red,51.295106,-0.1124774
"CP behind Lawrence's Auction Rooms, High St, Bletchingley",TQ325508,,CP,small_red,51.240999,-0.10323164
"CP on east side of A22, 2 miles south of Wych Cross",TQ438290,,CP,small_red,51.042365,0.049844451
"Cranmore School layby, West Horsley.",TQ080524,Access from the east is via mini-roundabout by Bell and Colville,RD,small_yellow,51.26054,-0.45357559
Devil's Punchbowl NT CP,SU891358,,NT,small_green,51.114575,-0.72847527
Ditchling Village CP,TQ326151,,CP,small_red,50.920571,-0.114158
Dorking West Station,TQ160499,Park in local roads,RD,small_yellow,51.2365,-0.33978239
East Horsely Station CP,TQ093545,,CP,small_red,51.279169,-0.43431062
"Echo Pit Road CP, Guildford",TQ003483,,CP,small_red,51.225091,-0.5650372
"Effingham, The Street",TQ118535,Limited space available.  Do not use as a starting point.,DNU,small_blue,51.269696,-0.39879455
"Epsom Downs, Tattenham Corner CP (Tea hut)",TQ224584,,CP,small_red,51.311559,-0.24524467
"Epsom Downs, The Hill CP",TQ222578,,CP,small_red,51.30621,-0.24831809
"Epsom Downs, Viewpoint CP",TQ220587,,CP,small_red,51.314341,-0.25087828
Farley Heath (Roman Temple) Hurtwood Control CP8,TQ051448,,CP,small_red,51.192767,-0.49734788
Goat CP at crossroads 2 miles west of Wych Cross,TQ402326,,CP,small_red,51.075606,-7.9869311E-005
Godstone Pond. (Grid ref shows suggested parking in Ivy Mill Lane.,TQ348515,,RD,small_yellow,51.246752,-0.070039159
Gomshall Station CP,TQ089479,,ST,small_purple,51.219921,-0.44204928
"Guildford, Clifford Manor Rd off Pilgrims Way",SU999483,,RD,small_yellow,51.225161,-0.57076349
"Hascombe, Sandy Lane CP, opposite White Horse PH on B2130",TQ001394,,CP,small_red,51.145122,-0.57037744
Haslemere  Station,SU897329,Station CP is very expensive.  Free CP close by.,ST,small_purple,51.088411,-0.72062556
"Haslemere, Tennyson's Lane CP",SU922309,,CP,small_red,51.070035,-0.68544963
Headley Heath National Trust CP,TQ205538,Pay and display or members sticker,NT,small_green,51.270621,-0.2740425
"High and Over NT CP, Alfriston",TQ509011,,NT,small_green,50.789835,0.13951688
Hindhead NT CP,SU891357,,NT,small_green,51.113676,-0.72849994
"Holly Lane CP, Chipstead",TQ273583,Large but very crowded at weekends,CP,small_red,51.309586,-0.17501485
"Holmbury Hill, Hurtwood Control CP 1, off Radnor Rd",TQ098432,,CP,small_red,51.177503,-0.43060353
Horton Country Park CP,TQ190616,,CP,small_red,51.34104,-0.29293521
Hosey Hill CP,TQ453531,,CP,small_red,51.258553,0.080945882
Hurtwood Control CP 1,TQ098432,"Left off Radnor Rd, 1.2 miles from Peaslake",CP,small_red,51.177503,-0.43060353
"Hurtwood Control CP 7, Shere Heath",TQ072469,,CP,small_red,51.211254,-0.46668067
"Hurtwood Control CP 8. Roman Temple, Farley Heath",TQ051448,,CP,small_red,51.192767,-0.49734788
Jack and Jill Windmills CP,TQ302133,,CP,small_red,50.904501,-0.1496537
"Kings Standing CP, junction B2026 and B2188",TQ473301,,CP,small_red,51.051364,0.10018147
Kithurst Hill CP,TQ070124,,CP,small_red,50.901172,-0.47973228
Leatherhead Leisure Centre CP,TQ162558,Pay and display; restricted to 4 hours,CP,small_red,51.289489,-0.33500384
Leechpool and Owlbeech Woods CP,TQ194313,Free : off Harwood Rd. Good idea to lift share if possible.,CP,small_red,51.068623,-0.29726753
"Limpsfield Chart, 300 yards N of church.",TQ426520,,RD,small_yellow,51.24935,0.041840155
"Littleford Lane CP, Blackheath",TQ035456,Small - popular with dog walkers,CP,small_red,51.20025,-0.52000604
Lower Shott CP Great Bookham,TQ136544,Pay and display,CP,small_red,51.27743,-0.3727179
Ludshott Common off B3002,SU852358,,CP,small_red,51.115167,-0.78417782
Marden Hill (Woodland Trust) CP,TQ373542,,CP,small_red,51.270419,-0.033207538
Mens Nature Reserve CP,TQ023237,"South of Wisborough Green off A272, signposted to Crimbourne and Coldharbour.  CP is small so please share cars if possible.",CP,small_red,51.003603,-0.54337526
"Mill Road, Tadworth (Park at Dorking Rd end)",TQ238556,,CP,small_red,51.286092,-0.22613867
"Mill Road, Walton Heath",TQ223556,,RD,small_yellow,51.286415,-0.24763725
Newdigate Church,TQ198420,,CP,small_red,51.164711,-0.28801056
Normandy CP,SU925515,,CP,small_red,51.255173,-0.67587814
"Normandy, Layby on Bailes Lane.",SU938517,Jct of A323 Guildford and Aldershot Rd,RD,small_yellow,51.256758,-0.6572025
Ockley Village Green by Cricket Pavilion,TQ146399,,CP,small_red,51.1469,-0.36301536
"Old Coulsdon, Public CP beyond Fox Public House",TQ317568,,CP,small_red,51.295106,-0.1124774
"One Tree Hill NT CP, Carter's Hill (east of Sevenoaks)",TQ559532,,NT,small_green,51.256654,0.23278106
"Outwood, Harewoods NT CP",TQ326456,,NT,small_green,51.194244,-0.1037211
Oxshott Station,TQ142610,,ST,small_purple,51.336631,-0.36200889
"Oxted, Ellis Rd CP",TQ395529,,CP,small_red,51.258203,-0.0021979114
Petworth Park CP,SU966238,�2 charge for non NT members,CP,small_red,51.005486,-0.62456038
Pirbright Village Green near Cricketers PH,SU946559,,RD,small_yellow,51.294381,-0.64463128
Public CP behind Hurtwood Inn,TQ085448,,CP,small_red,51.192132,-0.448711
Puttenham Common Upper CP,SU920462,,CP,small_red,51.207609,-0.68440024
"Puttenham, CP near Harvester PH",SU935478,Pub disputes this is a public car park; avoid until further notice,DNU,small_blue,51.221749,-0.66251731
"Quarry CP, Duncton Hill, A285",SU955161,,CP,small_red,50.936449,-0.64225328
Reigate Hill CP,TQ262523,,CP,small_red,51.255907,-0.19290566
Rusper Parish CP (north of church),TQ205374,,CP,small_red,51.12322,-0.27954187
Seaford Esplanade near Martello Tower,TV485985,,CP,small_red,50.767089,0.10444257
"Shamley Green, park around the Green",TQ032438,,RD,small_yellow,51.184124,-0.52481508
"Sidney Wood CP, between Alfold Crossways & Dunsfold",TQ026351,"CP set back from road on south side, at bend",CP,small_red,51.106027,-0.53587302
"Six Bells Inn, Newdigate",TQ197419,,CP,small_red,51.163834,-0.28947332
Slaugham CP at cross roads just west of Slaugham,TQ250281,Limited exit routes from A3; go via Handcross or Horsham,CP,small_red,51.038671,-0.21848731
"South Holmwood, Oakdale CP",TQ173452,Small,CP,small_red,51.193991,-0.32270529
Southwater Country Park,TQ160258,,CP,small_red,51.019883,-0.34753124
"St Andrew's Church, Belmont Rise",TQ247623,,CP,small_red,51.346111,-0.21089872
Surrey Wildlife Public CP,TQ205427,"Access off Hogspudding Lane, turn into Mulberry's estate, bear left to CP",CP,small_red,51.170856,-0.27776972
The Old Brickworks Fishing Lakes,TQ204426,"Off Hogs Pudding Lane into Mulberry Place, bear left, around an island with sculpture, to the CP",CP,small_red,51.169978,-0.27923286
Townsends CP,TQ444328,,CP,small_red,51.076363,0.05991234
Wakehurst Place CP,TQ342314,,CP,small_red,51.066255,-0.086120037
Walton on the Hill pond. (Park in local roads.),TQ227554,,RD,small_yellow,51.284532,-0.24197289
West Grinstead Old Station CP off A272,TQ184225,,CP,small_red,50.989733,-0.31440486
"West Hanger CP, Staple Lane",TQ070493,,CP,small_red,51.232864,-0.46882723
West Hoathly Picnic Site CP,TQ366326,,CP,small_red,51.076474,-0.051436148
Whiteways Roundabout CP on A29,TQ001108,,CP,small_red,50.888025,-0.57826122
Whitways Lodge roundabout CP.,TQ001108,,CP,small_red,50.888025,-0.57826122
Witley Stn CP (Wormley).,SU949380,No charge on Sats,ST,small_purple,51.133422,-0.64506074
Wood Street Village Green,SU954510,,RD,small_yellow,51.250201,-0.63446737
Wotton Village Hall,TQ126476,,CP,small_red,51.216508,-0.38918539
"Inholms Lane CP, North Holmwood",TQ170470,,CP,small_red,51.210231,-0.32641039
"Hascombe. Permissive CP, 400m south of White Horse PH, opposite Old Rectory on B2130",TQ002391,,CP,small_red,51.142408,-0.56903173
"Epsom Downs CP, by the Rubbing House",TQ215585,Gets very busy - pub users. Please use one of the alternative CPs on Epsom Downs,DNU,small_blue,51.312651,-0.258117
"Dover CP, off A27 (approach from Arundel direction",TQ061064,,CP,small_red,50.847402,-0.49426534
"Ashurst Wood CP, on Hammerdene Rd or Ivy Dene Lane, near Three Crowns PH",TQ415367,,RD,small_yellow,51.112132,0.0200699
"Bowers Lane CP, GU4 7ND",TQ011526,From Burpham take Clay Lane north over A3. CP signposted on left as Nature Reserve.,CP,small_red,51.263630,-0.55195892
"Oaks Park CP, Croydon Lane, Carshalton",TQ275612,,CP,small_red,51.335604,-0.17111059
"Sportsman pub, Mogador",TQ239531,,CP,small_red,51.264306,-0.22416079
Washington CP (off A24 on South Downs Way),TQ120120,,CP,small_red,50.896629,-0.40877888
"Clandon Park, NT car park",TQ043513,,NT,small_green,51.251940,-0.50653946
Wyevale Garden Centre,TQ183502,,CP,small_red,51.238889,-0.30534053
Fryens Hanger CP,SU954160,off A285 south of Duncton,CP,small_red,50.936331,-0.64250493
NT Four Wents Pond Northside CP,TQ183454,,CP,small_green,51.196237,-0.30742836
"NT Scammels CP, Holmwood Common",TQ181462,,CP,small_green,51.202814,-0.31093316
"NT Landslip CP, Leith Hill",TQ147432,,CP,small_green,51.176542,-0.3605352
"NT Leith Hill, Windy Gap CP",TQ139428,,CP,small_green,51.173106,-0.37210128
Epsom Common Stew Ponds CP,TQ183611,On B280 between Epsom and Malden Rushett. Best postcode for satnav is KT18 7TR,CP,small_red,51.336693,-0.30314613
Walliswood CP opposite Scarlett Arms.,TQ118381,,CP,small_red,51.131274,-0.40358646
"Dunsfold village CP, Dunsfold Common Road",TQ006363,,CP,small_red,51.117258,-0.56349242
"King George V Playing Field CP, Browns Lane, Effingham",TQ120535,Parking charges apply,CP,small_red,51.269704,-0.396288
Selborne CP behind Selborne Arms,SU742335,,CP,small_red,51.096017,-0.94176946
Artington Park & Ride,SU993475,Off A3100 at Peasmarsh,CP,small_red,51.218074,-0.57957429
"Rhododendron Wood NT CP, Leith Hill",TQ131427,Tanhurst Lane,NT,small_green,51.173101,-0.38284464
"Dorking Station, RH4 1TH",TQ170504,Parking charges apply,ST,small_purple,51.240770,-0.32386971
"Holmwood, Old Horsham Road",TQ173442,"Heading N on A24 from Beare Green, turn L (signposted Holmwood Station) then follow Old Horsham Road past station and turn L into cul de sac just before junction with A24. Park on road away from cottages.",RD,small_yellow,51.185567,-0.32222968
"Crabtree Lane CP, Westhumble",TQ158525,*SCC parking charges up to £5 apply*,CP,small_red,51.25991,-0.34180565
Lower Young Street CP,TQ163551,*SCC parking charges up to £5 apply*,CP,small_red,51.283177,-0.33379813
Newlands Corner CP,TQ043492,*SCC parking charges up to £5 apply*,CP,small_red,51.232465,-0.50751402
"Boldermere CP, Old Lane, Ockham Common. ",TQ078586,"*SCC parking charges up to £5 apply*
Access from M25 J10  Take slip road to A3(South).",CP,small_red,51.316671,-0.45377934
Whitmoor Common CP,SU981530,*SCC parking charges up to £5 apply*,CP,small_red,51.267722,-0.59524554
Rodborough Common CP ,SU937418,"*SCC parking charges up to £5 apply*
Turn right off A3100 access road to A3 southbound.",CP,small_red,51.167779,-0.6612182
Box Hill National Trust CP,TQ179513,Pay and display or members sticker,NT,small_green,51.249177,-0.31198819
Chinthurst Hill CP,TQ015463,(entrance opposite Waverley sign on B2128),CP,small_red,51.206901,-0.54842394
Winkworth Arboretum NT CP ,SU990412,Car park locked until 10am,CP,small_green,51.161469,-0.58558846
Standen NT CP,TQ389357,"(charges if not NT member), 2m south
of East Grinstead.",CP,small_green,51.103494,-0.017005205
"Ranmore West NT CP, Ranmore Common Road",TQ126501,"This postcode has 2 CPs, so check road name",CP,small_green,51.239721,-0.38754594
"Stony Rock NT CP, Hogden Road, Ranmore",TQ124504,"This postcode has 2 CPs, so check road name",CP,small_green,51.242227,-0.39092445
Bookham Common NT Tunnel CP,TQ130557,(charges apply if not NT member),CP,small_green,51.289233,-0.38090551
Dorking Deepdene Station,TQ171501,,ST,small_purple,51.238972,-0.32393505
Horsley Station CP,TQ092544,,ST,small_purple,51.278289,-0.43577431
Norbury Park (free parking),TQ146543,Park in Downs Way or Halepit Road,RD,small_yellow,51.276429,-0.35841608
"Roehampton Gate CP, Richmond Park",TQ213740,,CP,small_red,51.452036,-0.25569820
Hatchlands NT car park,TQ066518,Important: The gates to Hatchlands do not open until 10am,CP,small_green,51.255411,-0.47381068
Frensham Great Pond CP. Weekend parking charge £4 (free to NT members).,SU844405,,CP,small_red,51.157538,-0.79450454
"Milton Heath CP (SWT), RH4 3JT",TQ154488,Off the A25 heading W from Dorking - turn left towards Bury Hill Fisheries.,CP,small_red,51.226715,-0.34729551
Upper Young Street CP,TQ151549,"Too small and SCC parking charges also apply.
",DNU,small_blue,51.281623,-0.35106121
Denbies Hillside (Ranmore  East) NT CP,TQ141503,"(display ticket, free to NT members)",NT,small_green,51.240458,-0.36542709
Harting Down NT CP,SU791181,"On north side of B2141 (display ticket, free to NT members)",NT,small_green,50.956752,-0.87592149
West Meon village hall CP,SU641242,,CP,small_red,51.013616,-1.0876249
Albury Heath Cricket Ground CP,TQ059469,Follow New Rd S from A248; CP is on R at junction with Park Rd,CP,small_red,51.211496,-0.48528476
Dorking Halls CP,TQ170497,Pay & display; free Sundays & public holidays. Check for events before using,CP,small_red,51.234499,-0.32553004
Friday Street CP,TQ125457,,NT,small_green,51.199449,-0.39121174
Abinger Roughs NT CP,TQ110480,,NT,small_green,51.220416,-0.41196084
"St Martha's Hill, Guildford Lane CP",TQ035485,,CP,small_red,51.226318,-0.51917011
"Hurtwood Control CP 9, Holmbury St Mary",TQ108451,Turn S off A25 at Gomshall onto B2126. CP is on R after junction with Raikes Lane,CP,small_red,51.194388,-0.41571813
"Hydon's Ball CP, Salt Lane",SU979402,,NT,small_green,51.152694,-0.60160057
Polesden Lacey NT CP.,TQ135524,NT Members must display ticket,NT,small_green,51.259473,-0.37478523
"Reigate Heath CP, Flanchford Road",TQ239502,Well used by others,CP,small_red,51.237537,-0.22657428
Ripley Green CP,TQ053571,Off High St on N side,CP,small_red,51.303292,-0.4908724
"Ryka's CP, Burford Bridge",TQ171520,"Locked when cafe closed, so check opening times",CP,small_red,51.255151,-0.32334681
Shere Village CP (Recreation Ground),TQ073479,Can be busy; used by nursery and sports players,CP,small_red,51.221101,-0.464678
"Silent Pool CP, Albury",TQ059484,Busy at weekends; used by distillery visitors,CP,small_red,51.225575,-0.48420954
"Sheepleas CP, behind St Mary's Church",TQ088525,,CP,small_red,51.261287,-0.44208449
"Hurtwood Control CP 2, Walking Bottom, Peaslake",TQ083444,Used extensively by mountain bikers at weekends so not recommended for Saturday and Sunday walks,CP,small_red,51.189455,-0.45023193
"Denbies Vinyard CP, Dorking",TQ166511,,CP,small_red,51.248083,-0.33220103
Brockham CP. The Big Field,TQ198498,Only use on weekdays and check with Rugby Club first,CP,small_red,51.234817,-0.28540979
Margery Wood NT CP,TQ246527,,NT,small_green,51.258955,-0.21571767
"NT Starveall Corner CP, Leith Hill",TQ131432,,CP,small_green,51.17686,-0.38341423
"Sheepleas Car Park, Shere Road",TQ084515,,CP,small_red,51.252415,-0.44811988
"Sheepleas, Green Dene CP",TQ091509,,CP,small_red,51.246848,-0.43827399
"Hurtwood Control CP 3, Pitch Hill",TQ079426,Best approached by heading S from Shere,CP,small_red,51.172471,-0.45795382
Hurtwood Control CP 4,TQ075425,"Winterfold Heath Rd, junct with Horseblock Hollow",CP,small_red,51.171647,-0.46370318
"Hurtwood Control CP 6 (""Radar site"")",TQ058426,"Heading South from Farley Green, turn left off Alderbrook Road just after road junction at brow of hill, next to the Greensand Way. Postcodes are not reliable here, so use GR instead.",CP,small_red,51.173303,-0.487252
Stepping Stones NT CP,TQ171513,"Off A24, approach southbound from Burford Bridge",NT,small_green,51.248859,-0.32357564
Hankley Common CP,SU891411,At end of lane on left,CP,small_red,51.162221,-0.72716592
