{
  "licenseType": "Unknown",
  "dc:description": "Database for torontoplaques.com map",
  "exportable": true,
  "dc:title": "Toronto Plaques Map",
  "attribution": "TorontoPlaques.com",
  "dc:modified": "2019-01-07T02:21:09Z",
  "dc:identifier": "1qR9qPpsvnG9cAzo4rwrUdyMgZ0qVmvqqn_bfcnY",
  "tableSchema": {"columns": [
    {
      "datatype": "double",
      "name": "col0",
      "validateData": false,
      "title": "ID"
    },
    {
      "datatype": "string",
      "name": "col1",
      "validateData": false,
      "title": "Title"
    },
    {
      "datatype": "location",
      "name": "col2",
      "validateData": false,
      "title": "Coords"
    },
    {
      "datatype": "string",
      "name": "col3",
      "validateData": false,
      "title": "lat"
    },
    {
      "datatype": "double",
      "name": "col4",
      "validateData": false,
      "title": "long"
    },
    {
      "datatype": "location",
      "name": "col5",
      "validateData": false,
      "title": "Location"
    },
    {
      "datatype": "string",
      "formatPattern": "<a href='%1$s'>%1$s<\/a>",
      "name": "col6",
      "validateData": false,
      "title": "Page Link"
    },
    {
      "datatype": "string",
      "formatPattern": "<img src='%s' height='120'/>",
      "name": "col7",
      "validateData": false,
      "title": "Photo Link"
    },
    {
      "datatype": "string",
      "name": "col8",
      "validateData": false,
      "title": "Contributor"
    },
    {
      "datatype": "date",
      "name": "col9",
      "validateData": false,
      "title": "Year"
    },
    {
      "datatype": "location",
      "name": "col10",
      "validateData": false,
      "title": "Region"
    },
    {
      "datatype": "string",
      "name": "col11",
      "validateData": false,
      "title": "Source"
    },
    {
      "datatype": "string",
      "name": "col12",
      "validateData": false,
      "title": "Icon"
    }
  ]}
}