{
  "licenseType": "Unknown",
  "dc:description": "Imported at Sun Mar 06 06:09:42 PST 2016 from da.csv.",
  "exportable": true,
  "dc:title": "Harris County District Attorney Democratic Primary",
  "dc:modified": "2016-03-06T14:10:10Z",
  "dc:identifier": "1nJ8ido0mRcvi9OEDk1nMzw0nTayPq7wHwXWbVWlu",
  "tableSchema": {"columns": [
    {
      "datatype": "string",
      "name": "col0",
      "validateData": false,
      "title": "geometry_simplified"
    },
    {
      "datatype": "double",
      "name": "col1",
      "validateData": false,
      "title": "geometry_simplified_vertex_count"
    },
    {
      "datatype": "location",
      "name": "col2",
      "validateData": false,
      "title": "geometry"
    },
    {
      "datatype": "double",
      "name": "col3",
      "validateData": false,
      "title": "geometry_vertex_count"
    },
    {
      "datatype": "double",
      "name": "col4",
      "validateData": false,
      "title": "OBJECTID_1"
    },
    {
      "datatype": "double",
      "name": "col5",
      "validateData": false,
      "title": "OBJECTID"
    },
    {
      "datatype": "double",
      "name": "col6",
      "validateData": false,
      "title": "FID_pctuna"
    },
    {
      "datatype": "double",
      "name": "col7",
      "validateData": false,
      "title": "FID_pct_20"
    },
    {
      "datatype": "double",
      "name": "col8",
      "validateData": false,
      "title": "FID_pctb1_"
    },
    {
      "datatype": "double",
      "name": "col9",
      "validateData": false,
      "title": "FID_pcla20"
    },
    {
      "datatype": "double",
      "name": "col10",
      "validateData": false,
      "title": "AREA_12_13"
    },
    {
      "datatype": "double",
      "name": "col11",
      "validateData": false,
      "title": "PERIMETER_"
    },
    {
      "datatype": "double",
      "name": "col12",
      "validateData": false,
      "title": "PCLA2005A1"
    },
    {
      "datatype": "string",
      "name": "col13",
      "validateData": false,
      "title": "PCLA2005_1"
    },
    {
      "datatype": "double",
      "name": "col14",
      "validateData": false,
      "title": "PRECINCT_1"
    },
    {
      "datatype": "double",
      "name": "col15",
      "validateData": false,
      "title": "Shape_Leng"
    },
    {
      "datatype": "double",
      "name": "col16",
      "validateData": false,
      "title": "Shape_Le_1"
    },
    {
      "datatype": "double",
      "name": "col17",
      "validateData": false,
      "title": "Shape_Le_2"
    },
    {
      "datatype": "double",
      "name": "col18",
      "validateData": false,
      "title": "Precinct"
    },
    {
      "datatype": "double",
      "name": "col19",
      "validateData": false,
      "title": "Shape_STAr"
    },
    {
      "datatype": "double",
      "name": "col20",
      "validateData": false,
      "title": "Shape_STLe"
    },
    {
      "datatype": "double",
      "name": "col21",
      "validateData": false,
      "title": "Shape_ST_1"
    },
    {
      "datatype": "double",
      "name": "col22",
      "validateData": false,
      "title": "Shape_ST_2"
    },
    {
      "datatype": "double",
      "name": "col23",
      "validateData": false,
      "title": "Shape_Le_3"
    },
    {
      "datatype": "double",
      "name": "col24",
      "validateData": false,
      "title": "Shape_Area"
    },
    {
      "datatype": "double",
      "name": "col25",
      "validateData": false,
      "title": "Ave Dem 2014"
    },
    {
      "datatype": "double",
      "name": "col26",
      "validateData": false,
      "title": "Ave GOP 2014"
    },
    {
      "datatype": "double",
      "name": "col27",
      "validateData": false,
      "title": "2014 Results"
    },
    {
      "datatype": "double",
      "name": "col28",
      "validateData": false,
      "title": "Margins"
    },
    {
      "datatype": "double",
      "name": "col29",
      "validateData": false,
      "title": "Lloyd Wayne Oliver"
    },
    {
      "datatype": "double",
      "name": "col30",
      "validateData": false,
      "title": "Morris Overstreet"
    },
    {
      "datatype": "double",
      "name": "col31",
      "validateData": false,
      "title": "Kim Ogg"
    },
    {
      "datatype": "double",
      "name": "col32",
      "validateData": false
    },
    {
      "datatype": "double",
      "name": "col33",
      "validateData": false
    },
    {
      "datatype": "double",
      "name": "col34",
      "validateData": false
    },
    {
      "datatype": "string",
      "name": "col35",
      "validateData": false,
      "title": "Winner"
    },
    {
      "datatype": "double",
      "name": "col36",
      "validateData": false,
      "title": "Win #"
    }
  ]}
}