{
  "licenseType": "Creative Commons",
  "dc:description": " \nA list of hate hoaxes compiled using field sources, court documents, law enforcement reports, and news reports. ",
  "createdByLink": "https://www.amren.com/author/parker/",
  "exportable": true,
  "createdBy": "Westley Parker",
  "dc:title": "Hate Hoax Map",
  "attributionIcon": "https://image.ibb.co/miq69b/AR.jpg",
  "attribution": "American Renaissance",
  "attributionLink": "https://www.amren.com/",
  "dc:modified": "2018-09-24T19:28:25Z",
  "dc:identifier": "1j5V1uovWKtgpMP-acVztbLWnWQ-KGThbu_Qg4dmv",
  "tableSchema": {"columns": [
    {
      "datatype": "date",
      "formatPattern": "y MMM d",
      "name": "col0",
      "validateData": false,
      "title": "Incident Date"
    },
    {
      "datatype": "string",
      "name": "col1",
      "validateData": false,
      "title": "Month"
    },
    {
      "datatype": "string",
      "name": "col2",
      "validateData": false,
      "title": "Day"
    },
    {
      "datatype": "string",
      "name": "col3",
      "validateData": false,
      "title": "Hoaxer Name"
    },
    {
      "datatype": "string",
      "name": "col4",
      "validateData": false,
      "title": "Hoax Type"
    },
    {
      "datatype": "string",
      "name": "col5",
      "validateData": false,
      "title": "Criminal Offense"
    },
    {
      "datatype": "string",
      "name": "col6",
      "validateData": false,
      "title": "Nature of Hoax"
    },
    {
      "datatype": "string",
      "name": "col7",
      "validateData": false,
      "title": "Age"
    },
    {
      "datatype": "string",
      "name": "col8",
      "validateData": false,
      "title": "Sex"
    },
    {
      "datatype": "string",
      "name": "col9",
      "validateData": false,
      "title": "Race"
    },
    {
      "datatype": "string",
      "name": "col10",
      "validateData": false,
      "title": "Occupation"
    },
    {
      "datatype": "string",
      "name": "col11",
      "validateData": false,
      "title": "Anti-Trump"
    },
    {
      "datatype": "string",
      "name": "col12",
      "validateData": false,
      "title": "\"Victim\" Group"
    },
    {
      "datatype": "string",
      "name": "col13",
      "validateData": false,
      "title": "Location"
    },
    {
      "datatype": "string",
      "name": "col14",
      "validateData": false,
      "title": "Institution"
    },
    {
      "datatype": "string",
      "name": "col15",
      "validateData": false,
      "title": "Expelled/Fired"
    },
    {
      "datatype": "string",
      "name": "col16",
      "validateData": false,
      "title": "Legal Status"
    },
    {
      "datatype": "string",
      "name": "col17",
      "validateData": false,
      "title": "Narrative"
    },
    {
      "datatype": "string",
      "formatPattern": "<img src='%s' height='60'/>",
      "name": "col18",
      "validateData": false,
      "title": "Mugshot"
    },
    {
      "datatype": "double",
      "name": "col19",
      "validateData": false,
      "title": "Incidents"
    },
    {
      "datatype": "string",
      "name": "col20",
      "validateData": false,
      "title": "Address"
    },
    {
      "datatype": "string",
      "name": "col21",
      "validateData": false,
      "title": "City"
    },
    {
      "datatype": "string",
      "name": "col22",
      "validateData": false,
      "title": "State"
    },
    {
      "datatype": "double",
      "name": "col23",
      "validateData": false,
      "title": "Zipcode"
    },
    {
      "datatype": "string",
      "name": "col24",
      "validateData": false,
      "title": "Region"
    },
    {
      "datatype": "location",
      "name": "col25",
      "validateData": false,
      "title": "Latitude",
      "latitudeLongitudeColumns": {
        "latitudeColumn": "col25",
        "longitudeColumn": "col26"
      }
    },
    {
      "datatype": "double",
      "name": "col26",
      "validateData": false,
      "title": "Longitude",
      "latitudeLongitudeColumns": {
        "latitudeColumn": "col25",
        "longitudeColumn": "col26"
      }
    },
    {
      "datatype": "string",
      "name": "col27",
      "validateData": false,
      "title": "Source 1"
    },
    {
      "datatype": "string",
      "formatPattern": "<a href='%1$s'>%1$s<\/a>",
      "name": "col28",
      "validateData": false,
      "title": "Link 1"
    },
    {
      "datatype": "string",
      "name": "col29",
      "validateData": false,
      "title": "Source 2"
    },
    {
      "datatype": "string",
      "formatPattern": "<a href='%1$s'>%1$s<\/a>",
      "name": "col30",
      "validateData": false,
      "title": "Link 2"
    },
    {
      "datatype": "string",
      "name": "col31",
      "validateData": false,
      "title": "Source 3"
    },
    {
      "datatype": "string",
      "formatPattern": "<a href='%1$s'>%1$s<\/a>",
      "name": "col32",
      "validateData": false,
      "title": "Link 3"
    },
    {
      "datatype": "string",
      "name": "col33",
      "validateData": false,
      "title": "Source 4"
    },
    {
      "datatype": "string",
      "name": "col34",
      "validateData": false,
      "title": "Link 4"
    },
    {
      "datatype": "string",
      "name": "col35",
      "validateData": false,
      "title": "Source 5"
    },
    {
      "datatype": "string",
      "name": "col36",
      "validateData": false,
      "title": "Link 5"
    },
    {
      "datatype": "string",
      "name": "col37",
      "validateData": false,
      "title": "Color Code"
    },
    {
      "datatype": "string",
      "name": "col38",
      "validateData": false,
      "title": "Color Code (MJ)"
    }
  ]}
}