Name,Address,Phone Number,Principal,Website,latitude,longitude
Altamont Creek Elementary School,"6500 Garaventa Ranch Road, Livermore CA  94551",(925) 454-5575,Tara Aderman,http://altamont.schoolloop.com/,37.722755,-121.718836
Arroyo Seco Elementary School,"5280 Irene Way, Livermore CA  94550",(925) 606-4700,Gatee Esmat,http://seco.schoolloop.com/,37.684371,-121.728321
Leo R. Croce Elementary School,"5650 Scenic Avenue, Livermore CA  94551",(925) 606-4706,Kendra Helsley,http://croce.schoolloop.com/,37.718281,-121.728343
Jackson Avenue Elementary School,"554 Jackson Avenue, Livermore CA  94550",(925) 606-4717,Shari Johnston,http://jackson.schoolloop.com/,37.685045,-121.741075
Lawrence Elementary School,"2451 Portola Avenue, Livermore  CA  94551",(925) 960-2923,Kristie Starkovich,http://lawrence.schoolloop.com/,37.690327,-121.770596
Marylin Avenue Elementary School,"800 Marylin Avenue, Livermore CA  94551",(925) 606-4724,Denise Nathanson,http://marylin.schoolloop.com/,37.684811,-121.786102
Rancho Las Positas Elementary School,"401 E. Jack London Blvd., Livermore CA  94551",(925) 606-4748,Steve Martin,http://rancho.schoolloop.com/,37.688609,-121.796606
Emma C. Smith Elementary School,"391 Ontario Drive, Livermore CA  94550",(925) 606-4750,Tammy Rankin,http://smith.schoolloop.com/,37.666542,-121.796844
Sunset Elementary School,"1671 Frankfurt Way, Livermore CA  94550",(925) 606-5230,Tom Jones,http://sunset.schoolloop.com/,37.662876,-121.774507
Joe Michell K-8 School,"1001 Elaine Avenue, Livermore CA  94550",(925) 606-4738,"Laura Lembo, Ed.D.",http://joemichell.schoolloop.com/,37.669385,-121.783579
Junction Avenue K-8 School,"298 Junction Avenue, Livermore CA  84551",(925) 606-4720,Dayna Taylor,http://jams.schoolloop.com/,37.687871,-121.766303
Christensen Middle School,"5757 Haggin Oaks Avenue, Livermore CA  94551",(925) 606-4702,Pat Avilla,http://chms.schoolloop.com/,37.72571,-121.728638
East Avenue Middle School,"3951 East Avenue, Livermore CA  94550",(925) 606-4711,Mistee Guzman,http://eams.schoolloop.com/,37.679851,-121.750492
William Mendenhall Middle School,"1701 El Padro Drive, Livermore CA  94550",(925) 606-4731,Susan Sambuceti,http://mendenhall.schoolloop.com/,37.66334,-121.793107
Granada High School,"400 Wall Street, Livermore CA  94550",(925) 606-4800,PJ Daley,http://www.granadahs.schoolloop.com/,37.675132,-121.787559
Livermore High School,"600 Maple Street, Livermore CA  94550",(925) 606-4812,Vicki Scudder,http://www.livermorehs.schoolloop.com/,37.680743,-121.761777
Del Valle High School,"2253 Fifth Street, Livermore CA  94550",(925) 606-4709,Darrel Avilla,http://dvchs.schoolloop.com/,37.678914,-121.766644
Vineyard Alternative School,"1401 Almond Avenue, Livermore CA  94550",(925) 606-4722,Carla Estrada,http://vineyard.schoolloop.com/,37.677323,-121.740834
