{
  "licenseType": "Unknown",
  "dc:description": "Imported at Sun Sep 10 16:08:54 PDT 2017 from LVJUSD Fusion Table.csv.",
  "exportable": true,
  "dc:title": "Livermore Schools Fusion Table",
  "dc:modified": "2017-09-10T23:08:56Z",
  "dc:identifier": "1xqre5PK6bU1VKQq5ahKBxnRW13vkSmh61D9tai88",
  "tableSchema": {"columns": [
    {
      "datatype": "location",
      "name": "col0",
      "validateData": false,
      "title": "Name"
    },
    {
      "datatype": "location",
      "name": "col1",
      "validateData": false,
      "title": "Address"
    },
    {
      "datatype": "string",
      "name": "col2",
      "validateData": false,
      "title": "Phone Number"
    },
    {
      "datatype": "string",
      "name": "col3",
      "validateData": false,
      "title": "Principal"
    },
    {
      "datatype": "string",
      "formatPattern": "<a href='%1$s'>%1$s<\/a>",
      "name": "col4",
      "validateData": false,
      "title": "Website"
    },
    {
      "datatype": "location",
      "name": "col5",
      "validateData": false,
      "title": "latitude",
      "latitudeLongitudeColumns": {
        "latitudeColumn": "col5",
        "longitudeColumn": "col6"
      }
    },
    {
      "datatype": "double",
      "name": "col6",
      "validateData": false,
      "title": "longitude",
      "latitudeLongitudeColumns": {
        "latitudeColumn": "col5",
        "longitudeColumn": "col6"
      }
    }
  ]}
}