{
  "licenseType": "Creative Commons",
  "exportable": true,
  "dc:title": "Baromètre des notaires : le prix des maisons",
  "dc:modified": "2018-02-23T14:18:09Z",
  "dc:identifier": "1NuxGybDZsewKLQOFi35dxk_cxExNvbfdDe-mm3Mi",
  "tableSchema": {"columns": [
    {
      "datatype": "location",
      "name": "col0",
      "validateData": false,
      "title": "Communes"
    },
    {
      "datatype": "double",
      "name": "col1",
      "validateData": false,
      "title": "Maison 2015"
    },
    {
      "datatype": "location",
      "name": "col2",
      "validateData": false,
      "title": "Frontières"
    },
    {
      "datatype": "string",
      "name": "col3",
      "validateData": false,
      "title": "Région"
    },
    {
      "datatype": "double",
      "name": "col4",
      "validateData": false,
      "title": "Maison 2016"
    },
    {
      "datatype": "double",
      "name": "col5",
      "validateData": true,
      "title": "maison 2017"
    },
    {
      "datatype": "double",
      "name": "col6",
      "validateData": false,
      "title": "pourcentage"
    },
    {
      "datatype": "double",
      "name": "col7",
      "validateData": false,
      "title": "appartement 2016"
    },
    {
      "datatype": "double",
      "name": "col8",
      "validateData": false,
      "title": "appartement 2017"
    },
    {
      "datatype": "double",
      "name": "col9",
      "validateData": false
    },
    {
      "datatype": "location",
      "name": "col10",
      "validateData": false
    },
    {
      "datatype": "double",
      "name": "col11",
      "validateData": false
    },
    {
      "datatype": "location",
      "name": "col12",
      "validateData": false
    },
    {
      "datatype": "double",
      "name": "col13",
      "validateData": false
    },
    {
      "datatype": "string",
      "name": "col14",
      "validateData": false
    },
    {
      "datatype": "string",
      "name": "col15",
      "validateData": false
    },
    {
      "datatype": "string",
      "name": "col16",
      "validateData": false
    },
    {
      "datatype": "double",
      "name": "col17",
      "validateData": false
    },
    {
      "datatype": "double",
      "name": "col18",
      "validateData": false
    },
    {
      "datatype": "double",
      "name": "col19",
      "validateData": false
    },
    {
      "datatype": "double",
      "name": "col20",
      "validateData": false
    },
    {
      "datatype": "double",
      "name": "col21",
      "validateData": false
    }
  ]}
}