{
  "licenseType": "Unknown",
  "dc:description": "The World Hum Map and Database Project\nwww.thehum.info",
  "exportable": true,
  "dc:title": "The World Hum Map and Database",
  "dc:modified": "2015-11-10T22:11:04Z",
  "dc:identifier": "1gt8vOZvoidmE_I63nY43HxHl05ZUbz6Ygy0p6P4",
  "tableSchema": {"columns": [
    {
      "datatype": "date",
      "formatPattern": "MMM d, y",
      "name": "col0",
      "validateData": false,
      "title": "Timestamp[1]"
    },
    {
      "datatype": "string",
      "name": "col1",
      "validateData": false,
      "title": "When is the sound the loudest?"
    },
    {
      "datatype": "string",
      "name": "col2",
      "validateData": false,
      "title": "Please describe the sound"
    },
    {
      "datatype": "string",
      "name": "col3",
      "validateData": false,
      "title": "Does the sound ever stop? Please tell us about this."
    },
    {
      "datatype": "string",
      "name": "col4",
      "validateData": false,
      "title": "Does the sound ever \"pulse\" or \"throb\"?"
    },
    {
      "datatype": "string",
      "name": "col5",
      "validateData": false,
      "title": "Where is it the loudest?"
    },
    {
      "datatype": "string",
      "name": "col6",
      "validateData": false,
      "title": "Have you tried tracking down the source of the noise?"
    },
    {
      "datatype": "string",
      "name": "col7",
      "validateData": false,
      "title": "If you can escape The Hum by driving, how far must you drive?(Answer in Miles)"
    },
    {
      "datatype": "string",
      "formatPattern": "<a href='%1$s'>%1$s<\/a>",
      "name": "col8",
      "validateData": false,
      "title": "Answer in kilometres (km)"
    },
    {
      "datatype": "double",
      "name": "col9",
      "validateData": false,
      "title": "When did you start hearing it?"
    },
    {
      "datatype": "date",
      "name": "col10",
      "validateData": false,
      "title": "Can you provide a precise date when you first noticed it? (If \"No\", then leave blank)"
    },
    {
      "datatype": "string",
      "name": "col11",
      "validateData": false,
      "title": "In which ear is it the strongest?"
    },
    {
      "datatype": "string",
      "name": "col12",
      "validateData": false,
      "title": "If you have matched the freuqency of The Hum with a tone generator, please tell us the matching frequency"
    },
    {
      "datatype": "string",
      "name": "col13",
      "validateData": false,
      "title": "How far away from high voltage lines are you?"
    },
    {
      "datatype": "string",
      "name": "col14",
      "validateData": false,
      "title": "Are there natural gas pipelines in your area?"
    },
    {
      "datatype": "string",
      "name": "col15",
      "validateData": false,
      "title": "Does your home have a \"smart meter\"?"
    },
    {
      "datatype": "string",
      "name": "col16",
      "validateData": false,
      "title": "How far away is the ocean from your location?"
    },
    {
      "datatype": "string",
      "name": "col17",
      "validateData": false,
      "title": "Please list any unusual geographic, geological, or other features in your area"
    },
    {
      "datatype": "string",
      "name": "col18",
      "validateData": false,
      "title": "Which is your dominant hand?"
    },
    {
      "datatype": "string",
      "name": "col19",
      "validateData": false,
      "title": "Your gender"
    },
    {
      "datatype": "double",
      "name": "col20",
      "validateData": false,
      "title": "Please enter your age (just a single number, no words please)"
    },
    {
      "datatype": "string",
      "name": "col21",
      "validateData": false,
      "title": "Medical complaints from The Hum (check all that apply)"
    },
    {
      "datatype": "location",
      "name": "col22",
      "validateData": false,
      "title": "Please list the city where you live or can hear The Hum"
    },
    {
      "datatype": "location",
      "name": "col23",
      "validateData": false,
      "title": "Please list other cities where you have heard it"
    },
    {
      "datatype": "string",
      "name": "col24",
      "validateData": false,
      "title": "Do you have any medical issues with your hearing?"
    },
    {
      "datatype": "string",
      "name": "col25",
      "validateData": false,
      "title": "Did we forget to ask anything? Do you have any other information or details for the project?"
    },
    {
      "datatype": "string",
      "name": "col26",
      "validateData": false,
      "title": "If you have matched The Hum frequency using a tone generator, the frequency is between"
    },
    {
      "datatype": "location",
      "name": "col27",
      "validateData": false,
      "title": "Where is The Hum location you are reporting?DON'T GIVE YOUR HOME ADDRESS. Please give a nearby intersection"
    },
    {
      "datatype": "string",
      "name": "col28",
      "validateData": false,
      "title": "What direction does the Hum seem to come from? (If any)"
    }
  ]}
}