{
  "licenseType": "Unknown",
  "dc:description": "Imported at Mon Feb 05 00:06:10 PST 2018 from tallinn_bar.csv.",
  "exportable": true,
  "dc:title": "m-internet Tallinn detsember 2017",
  "dc:modified": "2018-02-05T08:15:47Z",
  "dc:identifier": "198iBGGDiMUitztpKb4icSRuETIaA8QKgBWaXFQ7C",
  "tableSchema": {"columns": [
    {
      "datatype": "date",
      "name": "col0",
      "validateData": false,
      "title": "﻿Kuupäev"
    },
    {
      "datatype": "double",
      "name": "col1",
      "validateData": false,
      "title": "Latitude"
    },
    {
      "datatype": "double",
      "name": "col2",
      "validateData": false,
      "title": "Longitude"
    },
    {
      "datatype": "string",
      "name": "col3",
      "validateData": false,
      "title": "Asukoht"
    },
    {
      "datatype": "double",
      "name": "col4",
      "validateData": false,
      "title": "Telia üles"
    },
    {
      "datatype": "double",
      "name": "col5",
      "validateData": false,
      "title": "Telia alla"
    },
    {
      "datatype": "string",
      "name": "col6",
      "validateData": false,
      "title": "Telia võrk"
    },
    {
      "datatype": "string",
      "name": "col7",
      "validateData": false,
      "title": "CID eNbID"
    },
    {
      "datatype": "double",
      "name": "col8",
      "validateData": false,
      "title": "Telia RSxP"
    },
    {
      "datatype": "double",
      "name": "col9",
      "validateData": false,
      "title": "Elisa üles"
    },
    {
      "datatype": "double",
      "name": "col10",
      "validateData": false,
      "title": "Elisa alla"
    },
    {
      "datatype": "string",
      "name": "col11",
      "validateData": false,
      "title": "Elisa võrk"
    },
    {
      "datatype": "string",
      "name": "col12",
      "validateData": false,
      "title": "CID eNbID"
    },
    {
      "datatype": "double",
      "name": "col13",
      "validateData": false,
      "title": "Elisa RSxP"
    },
    {
      "datatype": "double",
      "name": "col14",
      "validateData": false,
      "title": "Tele2 üles"
    },
    {
      "datatype": "double",
      "name": "col15",
      "validateData": false,
      "title": "Tele2 alla"
    },
    {
      "datatype": "string",
      "name": "col16",
      "validateData": false,
      "title": "Tele2 võrk"
    },
    {
      "datatype": "string",
      "name": "col17",
      "validateData": false,
      "title": "CID eNbID"
    },
    {
      "datatype": "double",
      "name": "col18",
      "validateData": false,
      "title": "Tele2 RSxP"
    },
    {
      "datatype": "double",
      "name": "col19",
      "validateData": false,
      "title": "MNC"
    },
    {
      "datatype": "location",
      "name": "col20",
      "validateData": false,
      "title": "Polygon"
    }
  ]}
}