Housing type,Type of development,Name,Address,Developer,Number of stories,Number of units,Square footage,Estimated completion,Projected monthly rent or sale price
1,Townhouses,Townhomes on 3rd,"822 N. 3rd Ave., Phoenix",Metrowest Development,3,10,"1,730",Completed,"Mid $300,000s"
2,Apartments,Union @ Roosevelt,"888 N. 1st Ave.,Phoenix",Metrowest Development,5,80,"552 to 1,136",2016,Market rate
2,Apartments,TBD,"1011 N. 3rd St., Phoenix",Alliance Residential,4,316,TBD,Under construction,Market rate
2,Apartments,iLuminate,"1002 N. 3rd St., Phoenix",Baron Properties,5,111,"530 to 1,093",Fall 2016,"Projected $1200 to $2,400"
2,Apartments,Linear,"998 N. 3rd St., Phoenix",Baron Properties,6,104,"750 to 1,103",Under construction,"Projected $1,700 to $2,400"
3,Condos,en Hance Park,"1130 N. 2nd St., Phoenix",Sencorp,5,49,"400 to 1,700",Spring 2016,"$150,000 starting"
3,Condos,Portland on the Park,"100 W. Portland St., Phoenix",Habitat Metro,Up to 14,149,"745 to 2,300",Late 2016,"$235,000 to $1,250,000"
2,Apartments,Proxy 333,"333 E. McKinley St., Phoenix",Tilton Development Company,6,118,450 to 814,Spring 2016,"$1,199 to $1,687"
1,Townhouses,McKinley Row,"808 N. 4th Ave., Phoenix",Metrowest Development,3,18,"1,800",2017,"High $300,000s"
