{
  "licenseType": "Unknown",
  "dc:description": "Housing projects under construction in downtown Phoenix's Roosevelt Row",
  "exportable": true,
  "dc:title": "Roosevelt Row Housing Projects",
  "dc:modified": "2016-02-29T22:27:12Z",
  "dc:identifier": "1CIakR0R5s7JBVTZuWs_CRa7hZPhSd_dJkjgSOgnt",
  "tableSchema": {"columns": [
    {
      "datatype": "string",
      "name": "col0",
      "validateData": false,
      "title": "Type of development"
    },
    {
      "datatype": "string",
      "name": "col1",
      "validateData": false,
      "title": "Name"
    },
    {
      "datatype": "location",
      "name": "col2",
      "validateData": false,
      "title": "Address"
    },
    {
      "datatype": "string",
      "name": "col3",
      "validateData": false,
      "title": "Developer"
    },
    {
      "datatype": "double",
      "name": "col4",
      "validateData": false,
      "title": "Number of stories"
    },
    {
      "datatype": "double",
      "name": "col5",
      "validateData": false,
      "title": "Number of units"
    },
    {
      "datatype": "string",
      "name": "col6",
      "validateData": false,
      "title": "Square footage"
    },
    {
      "datatype": "string",
      "name": "col7",
      "validateData": false,
      "title": "Estimated completion"
    },
    {
      "datatype": "string",
      "name": "col8",
      "validateData": false,
      "title": "Projected monthly rent or sale price"
    },
    {
      "datatype": "double",
      "name": "col9",
      "validateData": false,
      "title": "Housing type"
    }
  ]}
}