{
  "licenseType": "Creative Commons",
  "dc:description": "Responding to a right to know request, the city of Philadelphia release a list of all properties receiving property tax abatement as of March 30, 2019 (the latest figures available.) The properties are grouped by market value and range from just $17,000 to as much as $307 million. ",
  "exportable": true,
  "createdBy": "James McGinnis",
  "dc:title": "Philadelphia properties receving property tax abatement as of March 30, 2019",
  "attribution": "City of Philadelphia",
  "dc:modified": "2019-08-14T15:34:01Z",
  "dc:identifier": "1rzQt9KHlT_rXj6jl7lo6Z7L9b2qYcA6DCbh9JcS0",
  "tableSchema": {"columns": [
    {
      "datatype": "location",
      "name": "col0",
      "validateData": false,
      "title": "Location"
    },
    {
      "datatype": "double",
      "name": "col1",
      "validateData": false,
      "title": "Market Value"
    },
    {
      "datatype": "string",
      "name": "col2",
      "validateData": false,
      "title": "Value Class"
    },
    {
      "datatype": "string",
      "name": "col3",
      "validateData": false,
      "title": "Act/Code"
    }
  ]}
}