{
  "licenseType": "Unknown",
  "dc:description": "Imported at Fri Mar 09 08:23:15 PST 2012 from FishingLocationsFusion.xlsx.",
  "exportable": true,
  "dc:title": "FishingLocationsFusion.xlsx",
  "dc:modified": "2012-03-09T16:23:14Z",
  "dc:identifier": "1GXLFyYs9Xqv80I4nKXwxDtkvSjM5H5vGoVSWamk",
  "tableSchema": {"columns": [
    {
      "datatype": "string",
      "name": "col0",
      "validateData": false,
      "title": "Name"
    },
    {
      "datatype": "string",
      "name": "col1",
      "validateData": false,
      "title": "Species"
    },
    {
      "datatype": "location",
      "name": "col2",
      "validateData": false,
      "title": "Latitude",
      "latitudeLongitudeColumns": {
        "latitudeColumn": "col2",
        "longitudeColumn": "col3"
      }
    },
    {
      "datatype": "double",
      "name": "col3",
      "validateData": false,
      "title": "Longitude",
      "latitudeLongitudeColumns": {
        "latitudeColumn": "col2",
        "longitudeColumn": "col3"
      }
    },
    {
      "datatype": "string",
      "name": "col4",
      "validateData": false,
      "title": "Salinity"
    }
  ]}
}