Name,Species,Latitude,Longitude,Salinity
Beachwalker Pond,"Red Drum, Spotted Sea Trout, Flounder, Spot, Croaker, Pinfish",32.592043,-80.128810,Brackish
Tennis Club,"Largemouth Bass, Bluegill",32.603419,-80.090836,Fresh
Turtle Cove,"Largemouth Bass, Bluegill",32.606662,-80.091225,Fresh
Bass Pond,"Red Drum, Spotted Sea Trout, Flounder, Spot, Croaker, Pinfish",32.612299,-80.090627,Brackish
"Surfsong, Pond 50","Red Drum, Spotted Sea Trout, Flounder, Spot, Croaker, Pinfish",32.604504,-80.082949,Brackish
Canvasback Pond,"Red Drum, Spotted Sea Trout, Flounder, Spot, Croaker, Pinfish",32.609142,-80.061359,Brackish
Bufflehead Drive,"Red Drum, Spotted Sea Trout, Flounder, Spot, Croaker, Pinfish",32.610927,-80.062363,Brackish
Canvasback Pond Dock,"Red Drum, Spotted Sea Trout, Flounder, Spot, Croaker, Pinfish",32.612595,-80.050520,Brackish
Pintail Pond,"Red Drum, Spotted Sea Trout, Flounder, Spot, Croaker, Pinfish",32.616013,-80.049949,Brackish
Egret Pond,"Red Drum, Spotted Sea Trout, Flounder, Spot, Croaker, Pinfish",32.618274,-80.049624,Brackish
Egret Pond Dock,"Red Drum, Spotted Sea Trout, Flounder, Spot, Croaker, Pinfish",32.618263,-80.050297,Brackish
Willet Pond,"Red Drum, Spotted Sea Trout, Flounder, Spot, Croaker, Pinfish",32.616171,-80.025833,Brackish
