{
  "licenseType": "Unknown",
  "dc:description": "Imported at Thu Aug 16 10:06:01 PDT 2018 from circonscriptions_lectorales_2017_shapefile.kml.",
  "exportable": true,
  "dc:title": "Circonscriptions montréalaises",
  "dc:modified": "2018-09-28T13:51:43Z",
  "dc:identifier": "1nx2cC5a7UrzvKwRLJOJm2uiHI4OSSt0wxCulTbC2",
  "tableSchema": {"columns": [
    {
      "datatype": "string",
      "name": "col0",
      "validateData": false,
      "title": "enjeux"
    },
    {
      "datatype": "string",
      "name": "col1",
      "validateData": false,
      "title": "canadidats"
    },
    {
      "datatype": "double",
      "name": "col2",
      "validateData": false,
      "title": "cartodb_id"
    },
    {
      "datatype": "double",
      "name": "col3",
      "validateData": false,
      "title": "co_cep"
    },
    {
      "datatype": "string",
      "name": "col4",
      "validateData": false,
      "title": "nom"
    },
    {
      "datatype": "string",
      "name": "col5",
      "validateData": false,
      "title": "nm_tri_cep"
    },
    {
      "datatype": "location",
      "name": "col6",
      "validateData": false,
      "title": "geometry"
    },
    {
      "datatype": "string",
      "name": "col7",
      "validateData": false,
      "title": "resultats_2014"
    },
    {
      "datatype": "string",
      "name": "col8",
      "validateData": false,
      "title": "Parti_sortant"
    }
  ]}
}