{
  "licenseType": "Unknown",
  "dc:description": "Progetto di rete tra sei scuole secondarie di II grado abruzzesi che hanno realizzato moduli e-CLIL sui landmarks  (siti, contesti, documenti, produzioni, di interesse artistico, storico, scientifico, economico) del territorio, geo-localizzati nella mappa e documentati con i prodotti didattici multimediali proposti in questa Google Fusion Table. La co-costruzione di questa mappa/tabella interattiva e dinamica del territorio, concepito come ambiente complesso e proiettato oltre i confini regionali e nazionali attraverso l\u2019uso della lingua soprattutto inglese, è stata il punto di partenza e di arrivo del progetto fondato sulla collaborazione  di e tra studenti, nelle attività didattiche laboratoriali orientate alla costruzione di competenze, e di e tra docenti, nella formazione, progettazione, documentazione, con l\u2019utilizzo di sistemi digitali condivisi (in particolare e-Twinning) di raccolta, implementazione, elaborazione di informazioni e di prodotti didattici.",
  "exportable": true,
  "dc:title": "CLI(CK)L on Abruzzo Landmarks",
  "dc:modified": "2018-01-18T15:13:30Z",
  "dc:identifier": "1FkxzeUilqAf9NbT8iXLDayH3Z_8kyWZ8qYeFXomG",
  "tableSchema": {"columns": [
    {
      "datatype": "string",
      "formatPattern": "<a href='%1$s'>%1$s<\/a>",
      "name": "col0",
      "validateData": false,
      "title": "Copernicus programme"
    },
    {
      "datatype": "string",
      "formatPattern": "<a href='%1$s'>%1$s<\/a>",
      "name": "col1",
      "validateData": false,
      "title": "about Telespazio and satellites"
    },
    {
      "datatype": "location",
      "formatPattern": "Highlight untyped cells",
      "name": "col2",
      "validateData": false,
      "title": "Location"
    },
    {
      "datatype": "string",
      "formatPattern": "<a href='%1$s'>%1$s<\/a>",
      "name": "col3",
      "validateData": false,
      "title": "Telespazio's history"
    },
    {
      "datatype": "string",
      "formatPattern": "<a href='%1$s'>%1$s<\/a>",
      "name": "col4",
      "validateData": false,
      "title": "Athena fidus satellite"
    },
    {
      "datatype": "string",
      "formatPattern": "<a href='%1$s'>%1$s<\/a>",
      "name": "col5",
      "validateData": false,
      "title": "Skymed satellite"
    },
    {
      "datatype": "string",
      "formatPattern": "<a href='%1$s'>%1$s<\/a>",
      "name": "col6",
      "validateData": false,
      "title": "Rosetta project"
    },
    {
      "datatype": "string",
      "formatPattern": "<a href='%1$s'>%1$s<\/a>",
      "name": "col7",
      "validateData": false,
      "title": "Galileo project"
    },
    {
      "datatype": "string",
      "formatPattern": "<a href='%1$s'>%1$s<\/a>",
      "name": "col8",
      "validateData": false,
      "title": "Information"
    },
    {
      "datatype": "string",
      "formatPattern": "<a href='%1$s'>%1$s<\/a>",
      "name": "col9",
      "validateData": false,
      "title": "How to build a google fusion table"
    },
    {
      "datatype": "string",
      "formatPattern": "<a href='%1$s'>%1$s<\/a>",
      "name": "col10",
      "validateData": false,
      "title": "Project outputs 2"
    },
    {
      "datatype": "string",
      "formatPattern": "<img src='%s' height='120'/>",
      "name": "col11",
      "validateData": false,
      "title": "image"
    },
    {
      "datatype": "string",
      "formatPattern": "<a href='%1$s'>%1$s<\/a>",
      "name": "col12",
      "validateData": false,
      "title": "Project Outputs 1"
    },
    {
      "datatype": "string",
      "formatPattern": "<a href='%1$s'>%1$s<\/a>",
      "name": "col13",
      "validateData": false,
      "title": "About the  tour"
    },
    {
      "datatype": "string",
      "name": "col14",
      "validateData": false,
      "title": "Istituto Tecnico Agrario \"Cuppari\"- Alanno (PE)"
    },
    {
      "datatype": "string",
      "formatPattern": "<a href='%1$s'>%1$s<\/a>",
      "name": "col15",
      "validateData": false,
      "title": "School"
    },
    {
      "datatype": "string",
      "formatPattern": "<a href='%1$s'>%1$s<\/a>",
      "name": "col16",
      "validateData": false,
      "title": "FB"
    },
    {
      "datatype": "string",
      "name": "col17",
      "validateData": false,
      "title": "Description"
    }
  ]}
}