{
  "licenseType": "Unknown",
  "exportable": true,
  "dc:title": "2017 Council Districts with Precinct Layer",
  "dc:modified": "2017-01-05T23:23:26Z",
  "dc:identifier": "1MIAWw7-qwXb2jvfzvqndOBwBImJHauj15hWepY6L",
  "tableSchema": {"columns": [
    {
      "datatype": "location",
      "name": "col0",
      "validateData": false,
      "title": "geometry"
    },
    {
      "datatype": "double",
      "name": "col1",
      "validateData": false,
      "title": "geometry_vertex_count"
    },
    {
      "datatype": "double",
      "name": "col2",
      "validateData": false,
      "title": "OBJECTID"
    },
    {
      "datatype": "double",
      "name": "col3",
      "validateData": false,
      "title": "FID_precin"
    },
    {
      "datatype": "double",
      "name": "col4",
      "validateData": false,
      "title": "AREA"
    },
    {
      "datatype": "double",
      "name": "col5",
      "validateData": false,
      "title": "PERIMETER"
    },
    {
      "datatype": "double",
      "name": "col6",
      "validateData": false,
      "title": "NAME"
    },
    {
      "datatype": "string",
      "name": "col7",
      "validateData": false,
      "title": "LEGIS"
    },
    {
      "datatype": "double",
      "name": "col8",
      "validateData": false,
      "title": "COUNCIL"
    },
    {
      "datatype": "double",
      "name": "col9",
      "validateData": false,
      "title": "Acres"
    },
    {
      "datatype": "double",
      "name": "col10",
      "validateData": false,
      "title": "prec2010po"
    },
    {
      "datatype": "double",
      "name": "col11",
      "validateData": false,
      "title": "Shape_Leng"
    },
    {
      "datatype": "double",
      "name": "col12",
      "validateData": false,
      "title": "Shape_Area"
    },
    {
      "datatype": "double",
      "name": "col13",
      "validateData": false,
      "title": "InCity"
    },
    {
      "datatype": "double",
      "name": "col14",
      "validateData": false,
      "title": "CONG"
    },
    {
      "datatype": "string",
      "name": "col15",
      "validateData": false,
      "title": "City"
    },
    {
      "datatype": "double",
      "name": "col16",
      "validateData": false,
      "title": "LEGIS_ft_style"
    },
    {
      "datatype": "double",
      "name": "col17",
      "validateData": false,
      "title": "City_ft_style"
    },
    {
      "datatype": "string",
      "name": "col18",
      "validateData": false,
      "title": "import_notes"
    }
  ]}
}