Adress:
"BALE, SAN ZUIAN 30"
"BAŠKA VODA, OBALA SV. NIKOLE 29"
"BETINA, TRG NA MORU 1"
"BIZOVAC, KRALJA TOMISLAVA 134"
"BJELOVAR, PRERADOVIĆEVA 8"
"BJELOVAR, TRG EUGENA KVATERNIKA 7"
"BJELOVAR, TRG HRVATSKIH BRANITELJA 16"
"BOL, TRG 8"
"CAVTAT, DUBROVNIK-AERODROM"
"CAVTAT, OBALA DR.ANTE STARČEVIĆA BR.4"
"CRIKVENICA, GAJEVO ŠETALIŠTE 14"
"CRIKVENICA, KOTORSKA BB"
"CRIKVENICA, TRG STJEPANA RADIĆA 1"
"ČAKOVEC, TRG KRALJA TOMISLAVA 1"
"ČAKOVEC, VALENTA MORANDINIJA 30"
"ČAKOVEC, ZAGREBAČKA 87"
"ČAKOVEC, ZRINSKO-FRANKOPANSKA 5"
"DELNICE, SUPILOVA 24"
"DELNICE, SUPILOVA 8"
"DONJA BISTRA JABLANOVEC, ZAPREŠIĆKA 2"
"DONJA BISTRA JABLANOVEC, ZAPREŠIĆKA 2"
"DONJA STUBICA, TOPLIČKA 5"
"DONJA STUBICA, TRŽNICA DONJA STUBICA"
"DUBROVNIK, BANA JOSIPA JELAČIĆA BR.1"
"DUBROVNIK, BRSALJE BR.9A."
"DUBROVNIK, FRANA SUPILA BR.5"
"DUBROVNIK, FRANA SUPILA BR.8A"
"DUBROVNIK, IVA VOJNOVIĆA BR.31"
"DUBROVNIK, IVANA PAVLA II BB"
"DUBROVNIK, NIKOLE TESLE BR.2"
"DUBROVNIK, OBALA STJEPANA RADIĆA BR.37"
"DUBROVNIK, PLACA BR..7"
"DUBROVNIK, PLACA BR.20"
"DUBROVNIK, ROKA MIŠETIĆA BR.2"
"DUBROVNIK, ULICA KRALJA TOMISLAVA BR.16"
"DUGA RESA, Ljudevita Gaja bb"
"DUGO SELO, KRALJA ZVONIMIRA 8"
"DUGO SELO, ZAGREBAČKA 3"
"DUGO SELO, ZAGREBAČKA 67"
"ĐAKOVO, STROSSMAYEROV TRG 1"
"ĐAKOVO, ULICA BANA J. JELAČIĆA 39"
"ĐURĐEVAC, TRG SVETOG JURJA 2"
"FUŽINE, SVETI KRIŽ 2"
"GOSPIĆ, KANIŠKA 4"
"GRAD, ULICA"
"HVAR, RIVA 6"
"HVAR, TRG SV. STJEPANA 3"
"IMOTSKI, KRALJA ZVONIMIRA BB"
"IMOTSKI, ŠET. STJEPANA RADIĆA 22"
"IVANEC, TRG HRVATSKIH IVANOVACA 1"
"IVANIĆ GRAD, SAVSKA 3"
"IVANIĆ GRAD, TRG VLADIMIRA NAZORA 3"
"IVANIĆ, GRAD ŽITNA BB"
"JASTREBARSKO, DR. FRANJE TUĐMANA 108"
"JASTREBARSKO, DR.FRANJE TUĐMANA 30"
"JASTREBARSKO, DR.FRANJE TUĐMANA BB"
"JASTREBARSKO, STROSSMAYEROV TRG 1"
"JELSA, ULAZ 4"
"KARLOVAC, BANIJA BB"
"KARLOVAC, IZIDORA KRŠNJAVOG 33"
"KARLOVAC, MAKSIMILIJANA VRHOVCA 9"
"KARLOVAC, MARMONTOVA ALEJA 10"
"KARLOVAC, PRILAZ V.HOLJEVCA 12"
"KARLOVAC, Trg hrvat.redarstvenika 1"
"KARLOVAC, TRG HRVATSKIH REDARSTVENIKA 1"
"KARLOVAC, TRG J.BROZA"
"KARLOVAC, TRG JOSIPA BROZA 2"
"KARLOVAC, TRG MATIJE GUPCA 1"
"KARLOVAC, TRG PETRA ZRINJSKOG 15"
"KNIN, 4. GARDIJSKE BRIGADE 53"
"KOMIŽA, ZRINJSKO-FRANKOPANSKA 3"
"KONJŠČINA, DRAGE BOŽIĆA 1"
"KOPRIVNICA, FRANA GALOVIĆA 6"
"KOPRIVNICA, IVANA ČESMIČKOG 26"
"KOPRIVNICA, ZRINSKI TRG 1"
"KOPRIVNICA, ZRINSKI TRG 9"
"KORČULA, UL.HR. BRATSKE ZAJEDNICE BR.2"
"KORENICA, TRG SV. JURJA 12"
"KOSTRENA, VRH MARTINŠĆICE BB"
"KRAPINA, A.MIHANOVIĆA BB"
"KRAPINA, TRG A. STARČEVIĆA 3"
"KRAPINA, TRG LJUDEVITA GAJA 8"
"KRAPINSKE TOPLICE, GAJEVA 2"
"KRK, SVETOG PETRA 1"
"KRK, ŠETALIŠTE SV. BERNARDA 10"
"KRK, TRG BANA JELAČIĆA"
"KUKULJANOVO, KUKULJANOVO BB"
"KUTINA, KNEZA LJ. POSAVSKOG 32"
"KUTINA, TRG K. TOMISLAVA 1"
"LABIN, AUTOBUSNI KOLODVOR LABIN"
"LABIN, PRILAZ KIKOVA 1"
"LABIN, ŠTRMAC BB."
"LABIN, TITOV TRG 12"
"LABIN, ZELENICE 7"
"LIPOVLJANI, TRG HRV. BRANITELJA 1"
"LOPAR, LOPAR 1"
"LOVRAN, MARŠALA TITA 39 65"
"LOVRAN, ŠETALIŠTE M.TITA 35"
"LOVRAN, ŠETALIŠTE M.TITA 49"
"LUDBREG, I. GUNDULIĆA 1"
"MAKARSKA, KAČIĆEV TRG 6"
"MAKARSKA, OBALA KRALJA TOMISLAVA 6"
"MAKARSKA, STJEPANA RADIĆA 2"
"MALI LOŠINJ, TRG REPUBLIKE HRVATSKE 2"
"MALINSKA, OBALA 37"
"MATULJI, KASTAVSKA CESTA 19"
"MATULJI, TRG M. TITA 10"
"MEDULIN, MUNIDA BB"
"MURSKO SREDIŠČE, TRG BANA J.JELAČIĆA M.SREDIŠĆE"
"MURTER, PUT SLANICE-SABUNI"
"NAŠICE, PEJAČEVIĆEV TRG 12"
"NOVA GRADIŠKA, KOLODVORSKA 5"
"NOVA GRADIŠKA, TRG KRALJA TOMISLAVA 13"
"NOVA GRADIŠKA, TRG KRALJA TOMISLAVA 3"
"NJIVICE, PLACA 80"
"OGULIN, BERNARDINA FRANKOPANA 10"
"OGULIN, OTOK OŠTARIJSKI 51D"
"OGULIN, ULICA BERNADINA FRANKOPANA 2"
"OKUČANI, TRG DR. FRANJE TUĐMANA 1"
"OMIŠ, FOŠAL 12"
"OPATIJA, M. TITA 103"
"OPATIJA, M. TITA 107"
"OPATIJA, M. TITA 109"
"OPATIJA, M. TITA 69"
"OPATIJA, M.TITA 163 45"
"ORAHOVICA, K. ZVONIMIRA 11"
"OSIJEK, HUTTLEROVA 4"
"OSIJEK, LUČKI PRILAZ 2"
"OSIJEK, SJENJAK 133"
"OSIJEK, TRG ANTE STARČEVIĆA 10"
"OSIJEK, TRG ANTE STARČEVIĆA 10"
"OSIJEK, TRG SLOBODE 1"
"OSIJEK, TRG. LAVOSLAVA RUŽIČKE 2"
"OTOČAC, ULICA KRALJA ZVONIMIRA 34"
"PAZIN, 25. RUJNA 1"
"PAZIN, INDUSTRIJSKA ZONA PAZINKA"
"PAZIN, MUNTRILJSKA 1A"
"PAZIN, UL.25.RUJNA,PAZIN"
"PETRIJEVCI, Osijek ,retfala jug"
"PIROVAC, TRG DOMOVINSKOG RATA 17"
"PLEŠCE, MAKSIMILIJANA BENKOVIĆA 24"
"PLOČE, VLADIMIRA NAZORA 43"
"PLOČE, VLADIMIRA NAZORA BR.53"
"POREČ, FACINKA BB"
"POREČ, MATE VLAŠIĆA 20"
"POREČ, MATE VLAŠIĆA 20"
"POŽEGA, CEHOVSKA 2"
"POŽEGA, NJEMAČKA 40A"
"POŽEGA, OSIJEČKA 107"
"POŽEGA, OSJEČKA-POŽEGA"
"PRIGORJE, BRDOVEČKO ILIJE GREGORIĆA 33"
"PRIMOŠTEN, RADUČA 11"
"PULA, DANTEOV TRG 4"
"PULA, FLANATIČKA 1"
"PULA, FLANATIČKA 1"
"PULA, JURJA ŽAKNA 12"
"PULA, KOPARSKA 64"
"PULA, KRANJČEVIĆEVA 20"
"PULA, NARODNI TRG 9"
"PULA, OTOK BRIJUNI"
"PULA, ŠIJANSKA CESTA 1"
"PULA, UL.KOPARSKA BB. PULA"
"PULA, VALTURSKO POLJE 210"
"PULA, VOLTIĆEVA 3"
"RAB, MALI PALIT 2"
"RAB, TRG MUNICIPIUM ARBA 1"
"RAŽANAC, RAŽANAC 1"
"RIJEKA, BOŽE VIDASA 4"
"RIJEKA, CAMBERIJEVA 15 8"
"RIJEKA, FIORELLA LA GUARDIA 24"
"RIJEKA, IVANA ĆIKOVIĆA BELOG 42"
"RIJEKA, J.P.KAMOVA 83 62"
"RIJEKA, JELAČIĆEV TRG 13"
"RIJEKA, JOAKIMA RAKOVCA 2, PROD. 036"
"RIJEKA, KORZO 2"
"RIJEKA, KREŠIMIROVA 34"
"RIJEKA, KVATERNIKOVA 83"
"RIJEKA, MARTINOVAC 142"
"RIJEKA, MATE LOVRAKA BB"
"RIJEKA, OSJEČKA 50"
"RIJEKA, OSJEČKA ULICA67A"
"RIJEKA, PRILAZ VLADIMIRA GORTANA 6"
"RIJEKA, PUL VELE CRIKVE 1"
"RIJEKA, RIVA 16"
"RIJEKA, RUŽIĆEVA 29"
"RIJEKA, ŠETALIŠTE XIII DIVIZIJE 110"
"RIJEKA, TRG IVANA KOBLERA 1"
"RIJEKA, Trninina 1 103"
"RIJEKA, ULJARSKA 2"
"RIJEKA, VATROSLAVA LISINSKOG 2"
"RIJEKA, VIKTORA CARA EMINA 5"
"RIJEKA, VUKOVARSKA 87"
"RIJEKA, ZAMETSKA ULICA 57"
"RIJEKA, ZVONIMIROVA 2"
"RIJEKA, ZVONIMIROVA 3"
"RIJEKA, ŽABICA 37"
"RIJEKA, ŽELJ.STANICA 100"
"RIJEKA, ŽRTAVA FAŠIZMA 6"
"RIJEKA,KORZO 26A 17"
"ROGOZNICA, ANTE STARČEVIĆA 1"
"ROVINJ, CARERA 102"
"ROVINJ, CARERA 2"
"ROVINJ, CARERA 72"
"ROVINJ, FAŽANSKA 2"
"ROVINJ, NINA COMERCE-CARERA 69"
"ROVINJ, ŠETALIŠTE VIJEĆA EUROPE 1"
"ROVINJ, TRG M. TITA 3"
"SAMOBOR, BLAJBURŠKIH ŽRTAVA 1945. BR.1"
"SAMOBOR, GRADA WIRGESA 2C"
"SAMOBOR, GRADA WIRGESA 2G"
"SAMOBOR, GRADA WIRGESA BB"
"SAMOBOR, MILAKOVIĆEVA 12"
"SAMOBOR, PERKOVČEVA 9"
"SAMOBOR, SVETONEDELJSKA 11"
"SAMOBOR, ZAGREBAČKA 1"
"SESVETE, BISTRIČKA 6"
"SESVETE, BISTRIČKA 6 KAUFLAND SESVETE"
"SESVETE, BJELOVARSKA 48B"
"SESVETE, LJUDE.POSAVSKOG 27 D JELKOVEC"
"SESVETE, POPOVEĆKA 22"
"SINJ, PUT PETROVACA 6"
"SISAK, A. I S. RADIĆA 7"
"SISAK, M. GUPCA 13"
"SISAK, PETRINJSKA 11 A"
"SISAK, TRG B. JOSIPA JELAČIĆA 4"
"SLAVONSKI BROD, ANDRIJE ŠTAMPARA 42"
"SLAVONSKI BROD, ANDRIJE ŠTAMPARA 42"
"SLAVONSKI BROD, ĐURE PILARA 5"
"SLAVONSKI BROD, K.P. KREŠIMIRA IV 22"
"SLAVONSKI BROD, NASELJE SLAVONIJA II. 4"
"SLAVONSKI BROD, Slav.Brod, Osječka"
"SLAVONSKI BROD, TRG HRVATSKOG PROLJEĆA 5"
"SLAVONSKI BROD, TRG HRVATSKOG PROLJEĆA 7"
"SLAVONSKI BROD, TRG I.B. MAŽURANIĆ 15"
"SLAVONSKI BROD, TRG POBJEDE 21"
"SLUNJ, TRG FRANJE TUĐMANA 15"
"SPLIT, DOMOVINSKOG RATA 1"
"SPLIT, DOMOVINSKOG RATA 19"
"SPLIT, DOMOVINSKOG RATA 2"
"SPLIT, DOMOVINSKOG RATA 62"
"SPLIT, DUBROVAČKA 1"
"SPLIT, GAT SV. DUJE 1"
"SPLIT, GUNDULIĆEVA 29"
"SPLIT, HERCEGOVAČKA 30"
"SPLIT, HRVOJEVA"
"SPLIT, KRAJ SV. MARIJE 2"
"SPLIT, MATOŠEVA BB"
"SPLIT, MAŽURANIĆEVO ŠET. 53"
"SPLIT, OBALA HRV.NAR. PREPORODA 31"
"SPLIT, OBALA HRV.NAR. PREPORODA 6"
"SPLIT, OBALA KNEZA DOMAGOJA 15"
"SPLIT, OBALA KNEZA DOMAGOJA 7"
"SPLIT, OBALA LAZARETA 3"
"SPLIT, PUT PAZDIGRADA BB"
"SPLIT, PUT STINICA 1"
"SPLIT, PUT SUPAVLA BB"
"SPLIT, SPLIT"
"SPLIT, SPLIT"
"SPLIT, SPLIT-ZRAČNA LUKA SPLIT BB"
"SPLIT, STJEPANA RADIĆA 4"
"SPLIT, SUKOŠANSKA 1"
"SPLIT, TRG GAJE BULATA 3"
"SPLIT, VUKOVARSKA"
"SPLIT, VUKOVARSKA 2"
"STUBIČKE TOPLICE, VIKTORA ŠIPEKA 25"
"SUKOŠAN, JADRANSKA MAGISTRALA 1"
"SUPETAR, ULICA HRV. VELIKANA 3"
"SUPETAR, VELI MOST 1"
"SVETA NEDELJA, F.TUĐMANA 4 SV.NEDELJA HOTO"
"SVETA NEDELJA, STILINOVIĆEVA 2"
"SVETI FILIP I JAKOV, OBALA KRALJA TOMISLAVA 1"
"SVETI IVAN ZELINA, TRG ANTE STARČEVIĆA 10"
"ŠENKOVEC, ZAGREBAČKA 61"
"ŠESTANOVAC, DR. FRANJE TUĐMANA 54"
"ŠIBENIK,"
"ŠIBENIK, ANTE ŠUPUKA 10"
"ŠIBENIK, BANA JOSIPA JELAČIĆA 11"
"ŠIBENIK, JADRANSKA MAGISTRALA BB"
"ŠIBENIK, OBALA DR. FRANJE TUĐMANA"
"TRIBUNJ, ZLARINSKA-PUT VODICA"
"TROGIR, KARDINALA A. STEPINCA 1"
"TROGIR, MALI MOST 1"
"TRPANJ, KRALJA TOMISLAVA BR.6"
"TUČEPI, KRAJ 33"
"UMAG, TRG MARIJE I LINE 9"
"UMAG, TRGOVAČKA 21"
"UMAG, VRH BB"
"VARAŽDIN, ALEJA KRALJA ZVONIMIRA 1"
"VARAŽDIN, IVANA CANKARA 7"
"VARAŽDIN, JULIJA MERLIĆA 14"
"VARAŽDIN, KURELČEVA ULICA 8"
"VARAŽDIN, TRG KRALJA TOMISLAVA 6"
"VARAŽDIN, ZAGREBAČKA ULICA 52"
"VARAŽDIN, ZRINSKIH I FRANKOPANA 10"
"VELIKA GORICA, A.K. MIOŠIĆA 64"
"VELIKA GORICA, MATICE HRVATSKE 1"
"VELIKA GORICA, RUDOLFA FIZIRA 1"
"VELIKA GORICA, TRG KRALJA P. KREŠIMIRA IV 1"
"VELIKA GORICA, TRG KRALJA P. KREŠIMIRA IV 1"
"VELIKA GORICA, TRG MARŠALA TITA 13"
"VELIKA GORICA, ZAGREBAČKA 19"
"VINKOVCI, GLAGOLJAŠKA 25"
"VINKOVCI, H.D. GENSCHERA-TRG F. TUĐMANA"
"VINKOVCI, UL.M. ANTUNA RELJKOVIĆA 1"
"VIR, TRG SV. IVANA 1"
"VIROVITICA, OSJEČKA BB"
"VIROVITICA, TRG KRALJA TOMISLAVA 20"
"VIŠKOVO, MARINIĆI BB"
"VODICE, ČIRILA I METODA 11"
"VODICE, HERFORDSKA 26"
"VODICE, VATROSLAVA LISINSKOG 2"
"VRBOVEC, TRG PETRA ZRINSKOG 9"
"VRBOVEC, ZAGREBAČKA 115"
"VRSAR, SVETI MARTIN 6"
"VUKOVAR, DVANAEST REDARSTVENIKA bb"
"VUKOVAR, J.J STROSSMAYERA 16"
"ZABOK, BRAČAK"
"ZABOK, TRG D. DOMJANIĆA 1"
"ZABOK, TRG K.Š. DJALSKOG 3"
"ZADAR, ANTE STARČEVIĆA 2"
"ZADAR, ANTE STARČEVIĆA 3"
"ZADAR, ANTE STARČEVIĆA BB"
"ZADAR, ANTUNA GUSTAVA MATOŠA 1"
"ZADAR, BLEIBURŠKIH ŽRTAVA"
"ZADAR, ELIZABETE KOTROMANIĆ 2"
"ZADAR, JADRANSKA CESTA 47"
"ZADAR, JURJA BARAKOVIĆA 6"
"ZADAR, LIBURNSKA OBALA 8"
"ZADAR, MURVIČKA 1"
"ZADAR, OBALA KNEZA BRANIMIRA 10"
"ZADAR, ŠIROKA ULICA 2"
"ZADAR, U SKLOPU TC"
"ZAGREB, ""KING KROSS"""" JANKOMIR"""
"ZAGREB, A.M.TRIPALA BB,POS ŠPANSKO"
"ZAGREB, ABRAMOVIĆEVA 1"
"ZAGREB, ALEJA JAVORA 2"
"ZAGREB, ALEJA POMORACA 21"
"ZAGREB, ANDRIJE HEBRANGOVA 24"
"ZAGREB, ANTUNA ŠOLJANA 43"
"ZAGREB, AV. DUBRAVA 1"
"ZAGREB, AV. DUBRAVA 1"
"ZAGREB, AV. GOJKA ŠUŠKA 6"
"ZAGREB, AV. M. DRŽIĆA 4"
"ZAGREB, AV. MARINA DRŽIĆA 4"
"ZAGREB, AV. MARINA DRŽIĆA 4"
"ZAGREB, AV.GRADA VUKOVARA 58"
"ZAGREB, AV.V.HOLJEVCA BB-AUT.STAN.,ZGB"
"ZAGREB, AVE.MARINA DRŽIĆA 4 AUT.KOLOD"
"ZAGREB, AVENIJA DUBRAVA 241"
"ZAGREB, AVENIJA DUBROVNIK"
"ZAGREB, AVENIJA DUBROVNIK 15"
"ZAGREB, AVENIJA DUBROVNIK 16"
"ZAGREB, AVENIJA DUBROVNIK 16"
"ZAGREB, AVENIJA DUBROVNIK 16"
"ZAGREB, AVENIJA DUBROVNIK 1A"
"ZAGREB, AVENIJA MARINA DRŽIĆA 4"
"ZAGREB, AVENIJA MARINA DRŽIĆA 85"
"ZAGREB, BANJAVČIĆEVA 13"
"ZAGREB, BARČEV TRG 16"
"ZAGREB, BARČEV TRG 16"
"ZAGREB, BIJENIČKA CESTA 5"
"ZAGREB, BJELOVARSKA 48 B"
"ZAGREB, BOLNIČKA-GOSPODSKA"
"ZAGREB, BOŠKOVIĆEVA 3"
"ZAGREB, BRAČUNOVA 2"
"ZAGREB, BRAĆE DOMANY 6"
"ZAGREB, BRANIMIROVA 5"
"ZAGREB, BRANIMIROVA 67 TRŽNICA"
"ZAGREB, BRITANSKI TRG 1"
"ZAGREB, BRITANSKI TRG 4"
"ZAGREB, BRITANSKI TRG 6"
"ZAGREB, BRUNE BUŠIĆA 18"
"ZAGREB, BRUNE BUŠIĆA 4"
"ZAGREB, BUKOVAČKA C.53"
"ZAGREB, BUKOVAČKA CESTA BB"
"ZAGREB, CENTAR KAPTOL NOVA VES 17"
"ZAGREB, CENTAR KAPTOL, N.VES 17"
"ZAGREB, CITY CENTAR ONE EAST ŽITNJAK"
"ZAGREB, CITY CENTAR ONE EAST ŽITNJAK"
"ZAGREB, CITY CENTAR ONE JANKOMIR"
"ZAGREB, DANKOVEČKA 1"
"ZAGREB, DANKOVEČKA 13/15"
"ZAGREB, DANKOVEČKA 95"
"ZAGREB, DANKOVEČKA 95"
"ZAGREB, DOBRI DOL 47"
"ZAGREB, DRAGUTINA GOLIKA 84"
"ZAGREB, DRAŠKOVIĆEVA 16"
"ZAGREB, DRAŠKOVIĆEVA-KNEZA MISLAVA"
"ZAGREB, DUBEČKA CESTA 1"
"ZAGREB, DUBRAVA 43"
"ZAGREB, ĐURĐEVAČKA 1"
"ZAGREB, ERLICHOVA 5"
"ZAGREB, FALLEROVO ŠETALIŠTE BB"
"ZAGREB, FOLNEGOVIĆEVO NASELJE"
"ZAGREB, FRANKOPANSKA 1"
"ZAGREB, FRANKOPANSKA 3"
"ZAGREB, FROUDEOVA 9,ZGB."
"ZAGREB, GAJEVA 4"
"ZAGREB, GAJEVA 6"
"ZAGREB, GAJNICE 18"
"ZAGREB, GAJNICE 32 TRŽNICA"
"ZAGREB, GAJNICE -SIGETJE 2"
"ZAGREB, GRADA VUKOVARA 84 SUD"
"ZAGREB, GRGURA NINSKOG"
"ZAGREB, GRGURA NINSKOG"
"ZAGREB, GRGURA NINSKOG BB"
"ZAGREB, GRGURA NINSKOG BB"
"ZAGREB, GRGURA NINSKOG BB"
"ZAGREB, GUPČEVA ZVIJEZDA 2"
"ZAGREB, GUPČEVA ZVIJEZDA 3A"
"ZAGREB, HARAMBAŠIĆEVA 31"
"ZAGREB, HATZEOVA 1"
"ZAGREB, HEINZELOVA 7A"
"ZAGREB, HEINZLOVA 32"
"ZAGREB, HORVAĆANSKA 52"
"ZAGREB, HORVAĆANSKA-HRGOVIĆI"
"ZAGREB, HRGOVIĆI 61"
"ZAGREB, HRV. BRATSKE ZAJEDNICE"
"ZAGREB, HRV. BRATSKE ZAJEDNICE"
"ZAGREB, HRVATSKIH ISELJENIKA 1"
"ZAGREB, HRVATSKOG PROLJEĆA 65"
"ZAGREB, HRVATSKOG SOKOLA-AL- MATIJE LJUBEKA"
"ZAGREB, HRVOJA MACANOVIĆA 27"
"ZAGREB, HUZJANOVA 2"
"ZAGREB, I.B. MAŽURANIĆ BB"
"ZAGREB, I.B. MAŽURANIĆ-GUČETIĆEVA"
"ZAGREB, IBLEROV TRG 10"
"ZAGREB, IBLEROV TRG 10 JUŽNA STRANA"
"ZAGREB, ILICA 165"
"ZAGREB, ILICA 194"
"ZAGREB, ILICA 251"
"ZAGREB, ILICA 288"
"ZAGREB, ILICA 37"
"ZAGREB, ILICA 77"
"ZAGREB, ILICA-SV.DUH ISTOK"
"ZAGREB, IMPORTANE"
"ZAGREB, IVANIĆGRADSKA 56"
"ZAGREB, IVANIĆGRADSKA 59"
"ZAGREB, IVANIĆGRADSKA BB DOM ZDRAVLJA"
"ZAGREB, JABLANSKA 23"
"ZAGREB, JABLANSKA 80"
"ZAGREB, JABLANSKA CESTA 80"
"ZAGREB, JANKOMIR 33"
"ZAGREB, JANKOMIR 33"
"ZAGREB, JARUN-PLAC"
"ZAGREB, JARUŠČICA BB,ZAGREB"
"ZAGREB, JORDANOVAC 1"
"ZAGREB, KAUFLAND ,DUBRAVA-ZAGREB"
"ZAGREB, KBC REBRO"
"ZAGREB, KIŠPATIĆEVA 12"
"ZAGREB, KNEZA BORNE 2"
"ZAGREB, KNEZA VIŠESLAVA 2"
"ZAGREB, KOLEDINEČKA 5"
"ZAGREB, KOPERNIKOVA 3"
"ZAGREB, KOSOROVA 1"
"ZAGREB, KOZARČANINOV 2"
"ZAGREB, KREŠIĆEVA 32"
"ZAGREB, KREŠIĆEVA 32 BORONGAJ OKRETIŠT"
"ZAGREB, KRŠNJAVOGA 1"
"ZAGREB, KUKULJEVIĆEV TRG"
"ZAGREB, KVATERNIKOV TRG"
"ZAGREB, KVATERNIKOV TRG BB"
"ZAGREB, L.RUŽIČKE 40, ZGB."
"ZAGREB, LANIŠTE 19"
"ZAGREB, LANIŠTE 33 ZAGREB"
"ZAGREB, LAURENČIĆEVA 8"
"ZAGREB, LUČIĆEVA-ČAZMANSKA"
"ZAGREB, LJERKE ŠRAM 16"
"ZAGREB, LJUBLJANSKA AV. 100A"
"ZAGREB, LJUDEVITA POSAVSKOG 2"
"ZAGREB, M.GANDI 1 GAJNICE"
"ZAGREB, MAKSIMIRSKA - SVETICE BB"
"ZAGREB, MAKSIMIRSKA 1"
"ZAGREB, MAKSIMIRSKA 119"
"ZAGREB, MAKSIMIRSKA 14"
"ZAGREB, MAKSIMIRSKA 59"
"ZAGREB, MAKSIMIRSKA 84"
"ZAGREB, MAKSIMIRSKA 98"
"ZAGREB, MAKSIMIRSKA ULICA 119"
"ZAGREB, MANDLOVE ULICE"
"ZAGREB, MARTIĆEVA 41"
"ZAGREB, MARTIĆEVA/ŠUBIĆEVA TRŽN.KVATRI"
"ZAGREB, MASARIKOVA 19"
"ZAGREB, MAŽURANIĆEV TRG 11"
"ZAGREB, MEDVEŠĆAK 7"
"ZAGREB, MEŠTROVIĆEV TRG 1"
"ZAGREB, MEŠTROVIĆEV TRG BB"
"ZAGREB, MIJE HRLEUŠA BB"
"ZAGREB, MIRAMARSKA 26"
"ZAGREB, MIROGOJSKA 8"
"ZAGREB, MLINOVI"
"ZAGREB, NINSKA 10"
"ZAGREB, NOVA CESTA 124"
"ZAGREB, ODRANSKA 1"
"ZAGREB, OPOROVEČKA 14"
"ZAGREB, OPOROVEČKA B.B."
"ZAGREB, OZALJSKA 48"
"ZAGREB, PAKOŠTANSKA 16"
"ZAGREB, PETRINJSKA 13"
"ZAGREB, PETRINJSKA 2"
"ZAGREB, PETRINJSKA 33"
"ZAGREB, PETROVA 116"
"ZAGREB, PETROVA 56"
"ZAGREB, PIČMANOVA 1"
"ZAGREB, PLATANA 3"
"ZAGREB, POD ZIDOM 1"
"ZAGREB, PODSUSEDSKI TRG 2"
"ZAGREB, POLJIČKA 49"
"ZAGREB, PREKRATOVA ,ZGB"
"ZAGREB, PRISAVLJE"
"ZAGREB, PUŠKARIĆEVA 72"
"ZAGREB, RABUSOVA 13"
"ZAGREB, RAČKOGA 2A"
"ZAGREB, RAČKOGA 4"
"ZAGREB, RADNIČKA 37"
"ZAGREB, RADNIČKA C.48"
"ZAGREB, RADNIČKA CESTA 50"
"ZAGREB, RAPSKA 33"
"ZAGREB, RAPSKA UL.33"
"ZAGREB, REMETINEČKI GAJ 1"
"ZAGREB, RETKOVEC BB"
"ZAGREB, ROOSEVELTOV TRG 1"
"ZAGREB, RUDEŠKA CESTA 169 A"
"ZAGREB, RUDEŠKA CESTA 89"
"ZAGREB, RUDEŠKA CESTA 9"
"ZAGREB, SAJMNIŠNA CESTA BB"
"ZAGREB, SAMOBORSKA 102"
"ZAGREB, SARAJEVSKA 6"
"ZAGREB, SAVSKA 126"
"ZAGREB, SAVSKA 21"
"ZAGREB, SAVSKA 6"
"ZAGREB, SAVSKA 62"
"ZAGREB, SAVSKA 77"
"ZAGREB, SAVSKA CESTA 198"
"ZAGREB, SAVSKA CESTA 206"
"ZAGREB, SAVSKA CESTA 26"
"ZAGREB, SAVSKA CESTA 41 ZAGREPČANKA"
"ZAGREB, SAVSKA CESTA165"
"ZAGREB, SAVSKA-CRNATKOVA"
"ZAGREB, SELSKA"
"ZAGREB, SELSKA 215"
"ZAGREB, SELSKA144"
"ZAGREB, SELSKA-JADRANSKI MOST"
"ZAGREB, SIGET 20"
"ZAGREB, SISAČKA CESTA 2"
"ZAGREB, SLAVENSKOGA 14"
"ZAGREB, SLAVONSKA 35"
"ZAGREB, SLAVONSKA AV.119"
"ZAGREB, SLAVONSKA AVENIJA 11"
"ZAGREB, SREDNJACI 1"
"ZAGREB, SV. DUH 69 A"
"ZAGREB, SVETI DUH 6"
"ZAGREB, SVETICE-ISTOK AUT.STA.MAKSIMIR"
"ZAGREB, SVETOG MATEJA 6A"
"ZAGREB, ŠALATA KOD BOLNICE"
"ZAGREB, ŠANDORA ĐALSKOG 37"
"ZAGREB, ŠEFEROVA 3"
"ZAGREB, ŠESTINSKI DOL 2"
"ZAGREB, ŠESTINSKI DOL 6"
"ZAGREB, ŠESTINSKI VIJENAC 1"
"ZAGREB, ŠIŠIĆEVA 2"
"ZAGREB, ŠKORPIKOVA 34"
"ZAGREB, ŠOP.CENTAR PREČKO"
"ZAGREB, ŠPANSKO 1"
"ZAGREB, ŠTEFANOVEČKI ZAVOJ 10"
"ZAGREB, TESLINA 7"
"ZAGREB, TINA UJEVIĆA 11"
"ZAGREB, TINA UJEVIĆA 15"
"ZAGREB, TINA UJEVIĆA 17"
"ZAGREB, TOMISLAVOV TRG 12 GL.KOL"
"ZAGREB, TRAKOŠĆANSKA 4"
"ZAGREB, TRATINSKA 2"
"ZAGREB, TRATINSKA 43"
"ZAGREB, TRAVNO I B.MAGOVCA 26"
"ZAGREB, TREŠNJEVAČKI TRG 1"
"ZAGREB, TREŠNJEVAČKI TRG 2"
"ZAGREB, TREŠNJEVAČKI TRG BB"
"ZAGREB, TREŠNJEVAČKI TRG NAMA"
"ZAGREB, TRG A. STARČEVIĆA 7"
"ZAGREB, TRG A. STARČEVIĆA 7"
"ZAGREB, TRG A.STARČEVIĆA 1"
"ZAGREB, TRG A.STARČEVIĆA 1 LOKAL 1A"
"ZAGREB, TRG BANA JELAČIĆA 15"
"ZAGREB, TRG BANA JELAČIĆA 15"
"ZAGREB, TRG BANA JELAČIĆA BB"
"ZAGREB, TRG BANA JELAČIĆA BR1 III"
"ZAGREB, TRG D. DOMJANIĆA 1"
"ZAGREB, TRG DR. FRANJE TUĐMANA"
"ZAGREB, TRG FRANCUSKE REPUBLIKE BB"
"ZAGREB, TRG J.F. KENNEDYA 6"
"ZAGREB, TRG K. KREŠIMIRA 4"
"ZAGREB, TRG KRALJA TOMISLAVA 12"
"ZAGREB, TRG KRALJA TOMISLAVA 12"
"ZAGREB, TRG KRALJA TOMISLAVA 12"
"ZAGREB, TRG KRALJA TOMISLAVA 12"
"ZAGREB, TRG KRALJA TOMISLAVA 12"
"ZAGREB, TRG KRALJA TOMISLAVA STAJALIŠT"
"ZAGREB, TRG MARŠALA TITA"
"ZAGREB, TRG PETRA PRERADOVIĆA 5"
"ZAGREB, TRG PETRA PRERADOVIĆA 6"
"ZAGREB, TRG PETRA PRERADOVIĆA 6"
"ZAGREB, TRG S.RADIĆA GRAD.POGLAVARSTVO"
"ZAGREB, TRG STENJEVEC 1"
"ZAGREB, TRG SV. ŠIMUNA"
"ZAGREB, TRG ŽRTAVA FAŠIZMA 9"
"ZAGREB, TRNSKO 29"
"ZAGREB, TRNSKO BB"
"ZAGREB, TRNJANSKA 51"
"ZAGREB, TRŽNICA DOLAC HALA III BOKS 3"
"ZAGREB, TRŽNICA DUBRAVA KOLEDINEČKA BB"
"ZAGREB, TRŽNICA KVATRIĆ"
"ZAGREB, TRŽNICA UTRINE BARČEV TRG BB"
"ZAGREB, TRŽNICA UTRINE II"
"ZAGREB, TRŽNICA VOLOVČICA"
"ZAGREB, TRŽNICA VRAPČE POTOK"
"ZAGREB, TUŠKANOVA 23"
"ZAGREB, UL.GRADA VUKOVARA 275"
"ZAGREB, ULICA GRADA VUKOVARA 224"
"ZAGREB, ULICA GRADA VUKOVARA 269"
"ZAGREB, ULICA GRADA VUKOVARA 275"
"ZAGREB, ULICA GRADA VUKOVARA 52A"
"ZAGREB, ULICA GRADA VUKOVARA 60"
"ZAGREB, ULICA IZIDORA KRŠNJAVOG 1"
"ZAGREB, V.POLJANICE BR.4"
"ZAGREB, V.VELEBITA 6"
"ZAGREB, VELIMIRA ŠKORPIKA 25"
"ZAGREB, VILA VELEBITA 13"
"ZAGREB, VILE VELEBITA 6"
"ZAGREB, VINOGRADSKA 2"
"ZAGREB, VINOGRADSKA CESTA 24"
"ZAGREB, VINOGRADSKA CESTA 29"
"ZAGREB, VITEZIĆEVA 84"
"ZAGREB, VLAŠKA 11"
"ZAGREB, VLAŠKA 113"
"ZAGREB, VLAŠKA 68"
"ZAGREB, VLAŠKA 93"
"ZAGREB, VODNIKOVA BB"
"ZAGREB, VODOVODNA 1"
"ZAGREB, VRAPČANSKA 1"
"ZAGREB, VUKOMEREC 29"
"ZAGREB, VUKOVARSKA-HEINZELOVA"
"ZAGREB, ZADARSKA ULICA 79"
"ZAGREB, ZAGREBAČKA AV.100A (ANTUNOVIĆ)"
"ZAGREB, ZAGREBAČKA AVENIJA 103"
"ZAGREB, ZAHRADNIKOVA 19"
"ZAGREB, ZVONIMIROVA 28"
"ZAGREB, ŽELJEZNIIČKO STAJALIŠTE VRAPČE,POTH"
"ZAGREB, ŽUPANIĆI 2"
"ZAPREŠIĆ, INDUSTRIJSKA 1"
"ZAPREŠIĆ, INDUSTRIJSKA BB"
"ZAPREŠIĆ, RUŠEVJE 1"
"ZAPREŠIĆ, TRŽNA 1"
"ŽUPANJA, VELIKI KRAJ 67"
