{
  "licenseType": "Unknown",
  "exportable": true,
  "dc:title": "Kaart Week vd Zorg 11-17 maart 2019",
  "dc:modified": "2019-03-11T20:03:04Z",
  "dc:identifier": "13_FmgR8MG8LLNxtSOFoZHt565EfM00-AsfH6ToAA",
  "tableSchema": {"columns": [
    {
      "datatype": "string",
      "name": "col0",
      "validateData": false,
      "title": "Text"
    },
    {
      "datatype": "double",
      "name": "col1",
      "validateData": false,
      "title": "Naam organisatie"
    },
    {
      "datatype": "location",
      "name": "col2",
      "validateData": false,
      "title": "Locatie"
    },
    {
      "datatype": "string",
      "formatPattern": "<a href='%1$s'>%1$s<\/a>",
      "name": "col3",
      "validateData": false,
      "title": "Bereikbaarheid tijdens week van de zorg 2019"
    },
    {
      "datatype": "string",
      "formatPattern": "<a href='%1$s'>%1$s<\/a>",
      "name": "col4",
      "validateData": false,
      "title": "Meer informatie over openingsuren, bereikbaarheid"
    }
  ]}
}