Text,Naam organisatie,Locatie,Bereikbaarheid tijdens week van de zorg 2019
,"Thuiszorgwinkel Liedekerke
","Affligemsestraat  538,1770 Liedekerke
",https://www.thuiszorgwinkel.be/nl/winkels
,"Thuiszorgwinkel Heist o/d Berg
","Boudewijnlaan 39, 2220 Heist-op-den-Berg
",https://www.thuiszorgwinkel.be/nl/winkels
,"Thuiszorgwinkel Westerlo
","St.-Lambertusstraat  33D, 2260 Westerlo
",https://www.thuiszorgwinkel.be/nl/winkels
,Thuiszorgwinkel Turnhout,"Patersstraat 85, 2300 Turnhout
",https://www.thuiszorgwinkel.be/nl/winkels
,"Thuiszorgwinkel Hoogstraten
","Vrijheid 168, 2320 Hoogstraten
",https://www.thuiszorgwinkel.be/nl/winkels
,"Thuiszorgwinkel Meise
","Wilgenlaan 1, 1861 Meise
",https://www.thuiszorgwinkel.be/nl/winkels
,Thuiszorgwinkel Antwerpen,"Van De Wervestraat 57, 2060 Antwerpen
",https://www.thuiszorgwinkel.be/nl/winkels
,Thuiszorgwinkel Wijnegem,"Turnhoutsebaan 363, 2110 Wijnegem
",https://www.thuiszorgwinkel.be/nl/winkels
,"Thuiszorgwinkel Merksem
","Oude Bareellei 33, 2170 Merksem",https://www.thuiszorgwinkel.be/nl/winkels
,"Thuiszorgwinkel Herentals
","Hofkwartier 5, 2200 Herentals
",https://www.thuiszorgwinkel.be/nl/winkels
,"Vivantia St-Joris-Winge
","Leuvensestweg 204, 3390 Sint-Joris-Winge
",https://www.thuiszorgwinkel.be/nl/winkels
,"Thuiszorgwinkel Mol
","Baron van Eetveldeplein	3, 2400 Mol",https://www.thuiszorgwinkel.be/nl/winkels
,"Thuiszorgwinkel Hasselt
","Gouv. Roppesingel  75, 3500 Hasselt",https://www.thuiszorgwinkel.be/nl/winkels
,"Thuiszorgwinkel Geel
","Stationsstraat 162, 2440 Geel",https://www.thuiszorgwinkel.be/nl/winkels
,"Thuiszorgwinkel Kontich
","Drabstraat 9B, 2550 Kontich",https://www.thuiszorgwinkel.be/nl/winkels
,"Thuiszorgwinkel Kalmthout

","Kapellensteenweg 73, 2920 Kalmthout",https://www.thuiszorgwinkel.be/nl/winkels
,"Vivantia Leuven
","Koning Leopold I-straat 34, 3000 Leuven",https://www.thuiszorgwinkel.be/nl/winkels
,"Thuiszorgwinkel Heist o/d Berg
","Boudewijnlaan 39, 2220 Heist-op-den-Berg
",https://www.thuiszorgwinkel.be/nl/winkels
,"Thuiszorgwinkel Tervuren
","Kerkstraat 27, 3080 Tervuren",https://www.thuiszorgwinkel.be/nl/winkels
,"Thuiszorgwinkel Westerlo
","St.-Lambertusstraat  33D, 2260 Westerlo
",https://www.thuiszorgwinkel.be/nl/winkels
,"Vivantia Boortmeerbeek
","Leuvensestweg 290, 3190 Boortmeerbeek",https://www.thuiszorgwinkel.be/nl/winkels
,"Thuiszorgwinkel Turnhout
","Patersstraat 85, 2300 Turnhout
",https://www.thuiszorgwinkel.be/nl/winkels
,"Vivantia Linter
","St.-Truidensestweg 5, 3350 Linter",https://www.thuiszorgwinkel.be/nl/winkels
,"Thuiszorgwinkel Hoogstraten
","Vrijheid 168, 2320 Hoogstraten",https://www.thuiszorgwinkel.be/nl/winkels
,"Thuiszorgwinkel Bilzen
","Wedersoet  4, 3740 Bilzen",https://www.thuiszorgwinkel.be/nl/winkels
,"Thuiszorgwinkel St.-Truiden
","Kattenstraat 11, 3800 St.-Truiden",https://www.thuiszorgwinkel.be/nl/winkels
,"Thuiszorgwinkel Overpelt
","Ringlaan  204, 3900 Overpelt",https://www.thuiszorgwinkel.be/nl/winkels
,"Thuiszorgwinkel Bree
","Bocholterkiezel 48, 3960 Bree",https://www.thuiszorgwinkel.be/nl/winkels
,"Thuiszorgwinkel Brugge
","Diksmuidestraat 4, 8200 Brugge",https://www.thuiszorgwinkel.be/nl/winkels
,"Thuiszorgwinkel Knokke
","Natiënlaan 173, 8300 Knokke",https://www.thuiszorgwinkel.be/nl/winkels
,"Thuiszorgwinkel Oostende
","Rosmolenstraat 5, 8400 Oostende",https://www.thuiszorgwinkel.be/nl/winkels
,"Thuiszorgwinkel Kortrijk
","Min. Tacklaan  43, 8500 Kortrijk",https://www.thuiszorgwinkel.be/nl/winkels
,"Thuiszorgwinkel Diksmuide
","IJzerlaan 21, 8600 Diksmuide",https://www.thuiszorgwinkel.be/nl/winkels
,"Thuiszorgwinkel Veurne
","Ieperse Steenweg 99, 8630 Veurne",https://www.thuiszorgwinkel.be/nl/winkels
,"Thuiszorgwinkel Tielt
","Kasteelstraat 61, 8700 Tielt",https://www.thuiszorgwinkel.be/nl/winkels
,"Thuiszorgwinkel Waregem
","Wijmeriestraat 7, 8790 Waregem",https://www.thuiszorgwinkel.be/nl/winkels
,"Thuiszorgwinkel Roeselare
","Brugsesteenweg 371, 8800 Roeselare",https://www.thuiszorgwinkel.be/nl/winkels
,"Thuiszorgwinkel Izegem
","Roeselaarsestraat 62, 8870 Izegem
",https://www.thuiszorgwinkel.be/nl/winkels
,"Thuiszorgwinkel Ieper
","Albert Dehemlaan  8, 8900 Ieper",https://www.thuiszorgwinkel.be/nl/winkels
,"Thuiszorgwinkel Menen
","Bruggestraat 148, 8930 Menen",https://www.thuiszorgwinkel.be/nl/winkels
,"Thuiszorgwinkel Poperinge
","Vlamingstraat 23, 8970 Poperinge",https://www.thuiszorgwinkel.be/nl/winkels
,"Thuiszorgwinkel Gentbrugge
","Land van Rodelaan 11, 9050 Gentbrugge",https://www.thuiszorgwinkel.be/nl/winkels
,"Thuiszorgwinkel Sint-Niklaas
","Grote Markt 37, 9100 Sint-Niklaas",https://www.thuiszorgwinkel.be/nl/winkels
,"Thuiszorgwinkel Beveren
","Ciamberlanidreef  82, 9120 Beveren",https://www.thuiszorgwinkel.be/nl/winkels
,"Thuiszorgwinkel Lokeren
","Grote Kaai 12, 9160 Lokeren",https://www.thuiszorgwinkel.be/nl/winkels
,"Thuiszorgwinkel Stekene
","Polenlaan 75, 9190 Stekene",https://www.thuiszorgwinkel.be/nl/winkels
,"Thuiszorgwinkel Dendermonde
","Oude vest 146, 9200 Dendermonde",https://www.thuiszorgwinkel.be/nl/winkels
,"Thuiszorgwinkel Wetteren
","Wegvoeringstraat 2, 9230 Wetteren",https://www.thuiszorgwinkel.be/nl/winkels
,"Thuiszorgwinkel Aalst
","St. Jorisstraat 27, 9300 Aalst",https://www.thuiszorgwinkel.be/nl/winkels
,"Thuiszorgwinkel Erpe-Mere
","Oudenaardsesteenweg 310, 9420 Erpe-Mere",https://www.thuiszorgwinkel.be/nl/winkels
,"Thuiszorgwinkel Oudenaarde
","Deinzestraat 156, 9700 Oudenaarde",https://www.thuiszorgwinkel.be/nl/winkels
,"Thuiszorgwinkel Deinze
","Karel Picquélaan 5, 9800 Deinze",https://www.thuiszorgwinkel.be/nl/winkels
,"Thuiszorgwinkel Aalter
","Lostraat 39, 9880 Aalter",https://www.thuiszorgwinkel.be/nl/winkels
,"Thuiszorgwinkel Eeklo
","Raverschootstraat  292A1, 9900 Eeklo",https://www.thuiszorgwinkel.be/nl/winkels
,"Vivantia Zorgexpo
","Vivantia - Mannenberg 257, 3270 Scherpenheuvel",https://www.thuiszorgwinkel.be/nl/winkels
,"Thuiszorgwinkel Hof Ter Duinen
","Louisweg 46, 8620 Nieuwpoort
",https://www.thuiszorgwinkel.be/nl/winkels
,"Thuiszorgwinkel Beringen
","Koolmijnlaan 262, 3581 Beringen",https://www.thuiszorgwinkel.be/nl/winkels
,"Thuiszorgwinkel Lier
","Arthur Vanderpoortenlaan 21, 2500 Lier
",https://www.thuiszorgwinkel.be/nl/winkels
,"Thuiszorgwinkel Genk
","Jaarbeurslaan 19, 3600 Genk",https://www.thuiszorgwinkel.be/nl/winkels
,"Thuiszorgwinkel Maasmechelen
","Rijksweg 142, 3630 Maasmechelen",https://www.thuiszorgwinkel.be/nl/winkels
,Assist Thuiszorgwinkel Mechelen,"Antwerpsesteenweg 259 
2800 Mechelen ",https://www.thuiszorgwinkel.be/nl/winkels
,Thuiszorgwinkel Halle,"Ninoofsesteenweg	17,	1500	Halle
",https://www.thuiszorgwinkel.be/nl/winkels
,"Apotheek Vloemans 
","Markt 9, 2270 Herenthout",
,"APOTHEEK DE BOECK-HOUMAN
","GEMEENTEPLEIN 1, 1861 WOLVERTEM",
,"Apotheek Twee Neten	
","Berlaarsesteenweg 43, 2500 Lier",
,"apotheek i. de bauw	
","hoogstraat 10, 2580 beerzel",
,"apotheek Vanachter	
","Eikerlandstraat 8, 2870 Ruisbroek",
,"Apotheek Els Servotte	
","Hofstraat 41, 9100 Sint-Niklaas",
,"Pharmalux	
","Dageraadplaats 25, 2018 Antwerpen",
,"apotheek Praats	
","Turnhoutsebaan 317, 2110 Wijnegem",
,"Apotheek Debaere	
","Roeselarestraat 100, 8560  Wevelgem",
,"Apotheek Orbie	
","Leopoldlaan 56, 8430 Middelkerke",
,"Apotheek Proost-Heylen	
","aarschotsebaan 82, 2590 Berlaar",
,"Apotheek Vandenbulcke NV	
","Nieuwstraat 26, 8792 Desselgem",
,apotheek Vanderhaeghen Marc	,"ronsaardbekestraat 68, 8000 Brugge
",
,"apotheek st lodewijk	
","Pladijsstraat 237A, 8540 Deerlijk",
,"Apotheek Franck	
","Kapellensteenweg 383, 2920 Kalmthout",
,"apotheek luijkx	
","Prins boudewijnlaan, 272 edegem",
,"Apotheek Coopmans	
","Antwerpsesteenweg 430, 2660 Hoboken",
,Van de plas Pharma	,"Grote Hutsesteenweg 16, 1640 Sint-Genesius-Rode
",
,"Apotheek Vandecasteele	
","Aarschotsesteenweg 537, 3012 Wilsele",
,"Apotheek Poleunis	
","Nieuwstraat 9, 3300 Tienen",
,"Apotheek Moons 	
","Leuvensesteenweg 343, 3070 Kortenberg",
,"apotheek Tobback
","kerkstraat 19, 3080 tervuren",
,"Apotheek Vercruysse	
","Breughelhof 1, 3300 Tienen",
,"Apotheek Calendula	
","Putsesteenweg 223, 2820 Bonheiden",
,"BVBA Apotheek Rigo Holsbeek	
","Putstraat 65, 3300 Hakendover - Tienen",
,apotheek Sigrid De Vos	,"Rootstraat 2, 3080 Tervuren
",
,Apotheek Hoogmartens	,"Mechelsestraat 130, 3000 Leuven
",
,"Apotheek Janssens - Coeckelberghs	
","Tiensesteenweg 56, 3001 Heverlee",
,"Zichem Pharma	
","markt 7, 3271 Zichem",
,"apotheek Van Meerbeek-Picard	
","Mechelsesteenweg 158, 1933 Sterrebeek",
,apotheek De Hallen	,"Herestraat 49 3000 Leuven
",
,"Apotheek Bombeek 	
","acht meistraat 32, 3018 Wijgmaal",
,"Haacht Apotheek Markt	
","Markt 28, 3150 Haacht",
,Apotheek Diapharma	,"Gemeentestraat 72-74, 3010 Kessel-Lo
",
,"Apotheek Vanschoenwinkel	
","Diestsestraat 129, 3000 Leuven",
,"Apotheek Farmaso 
","Gilainstraat 59, 3300 Tienen",
,"Apotheek Retour	
","Justus Lipsiusplein 7, 3090 Overijse",
,"Apotheek Smets Farma 
","Letterkundestraat 2, 2610 Wilrijk",
,"Apotheek Richter	
","Richter 5, 3600 Genk",
,"Cité-Farma NV	
","Koolmijnlaan 199, 3550 Heusden-Zolder",
,"Apotheek. A. Smeets	
","Kuringersteenweg 37, 3500 Hasselt",
,"Apotheek Leyssens-Rosiers	
","Berkerwinningsstraat 1, 3511 Stokrooie",
,"Apotheek Loksbergern	
","Loksbergenstraat 61, 3545 Halen",
,"Apotheek Coenegrachts	
","Kersendaelstraat 13, 3724 Kortessem",
,"Apotheek Bollengier	
","Sleidinge Dorp 89, 9940 Sleidinge",
,Apotheek Crepel," S.	Alsembergsesteenweg 585; 1653 Dworp
",
,AB&S BVBA	,"Ooststraat 62, 8400 Oostende
",
,"bvba De Swaene	
","Rijselstraat 59, 8200 Brugge",
,"Apotheek Ampe	
","Mercatorstraat 36, 2018 Antwerpen",
,"Apotheek Versyck An 	
","Sparrendreef 84, 8300 Knokke",
,"Apotheek Moyaert Dikkebus	
","Dikkebusseweg 549, 8900 Dikkebus",
,PORTPHARMA	,"Kustlaan 161, 8380 Zeebrugge
",
,"apotheek de meyer	
","statiestraat 16, 8570 anzegem",
,"Apotheek Van Holder 
","Godveerdegemstraat 58, 9620 Zottegem",
,"Apotheek Slabbinck	
","Weststraat 35, 8370 Blankenberge",
,Apotheek Van Gansbeke ,"Ottergemsesteenweg 158, 9000 Gent
",
,"Apotheek Vandemaele	
","Veldstraat 65, 8780 Oostrozebeke",
,"De Vulder BVBA	
","Kerkstraat 16, 1761 Borchtlombeek",
,Apotheek Christine Musschoot	,"Torhoutsesteenweg 465, 8400 Oostende
",
,Apotheek Claeys Ann	,"Kapellestraat 85, 8400 Oostende
",
,"Apotheek De Pauw Varsenare
","Oude Dorpsweg 85, 8490 Varsenare",
,"Apotheek Inphar	
","Dorpsstraat 102, Sint-Laureins",
,"Apotheek Storme	
","Wevelgemstraat 9, 8930 Lauwe",
,"Apotheek Vande Ginste
","	Annuntiatenstraat 43, 8000 Brugge",
,"Apotheek Brackenier-Demuynck	
","Vlamingstraat 24, 8301 Knokke-Heist",
,"Apotheek Lemahieu	
","Gentpoortstraat 3, Brugge 8000",
,"Apotheek Carton	
","Baron Ruzettelaan 175, 8310 Brugge",
,"Apotheek Danneels	
","Harelbekestraat 8, 8540 Deerlijk",
,"Apotheek Christine Verhoest	
","Havikstraat 8, 8531 Hulste",
,Apotheek Vereenooghe,"Sint-hubrechtsplein 1, 8880 Sint-Eloois Winkel
",
,apotheek Dochy	,"Handzameplein 21, 8610 Handzame
",
,"apotheek Vereenooghe
","Marktplaats 20, 8830 Hooglede",
,"Apotheek Latruwe Christine	
","Braambergstraat 23, 8000 Brugge",
,"Apotheek Hemeryck
","Lekestraat 46, 8680 Koekelare",
,"Apotheek BDFarma	
","Zuidlaan 66, 9630 Zwalm",
,"Apotheek Deley-Degryse	
","Kortrijksesteenweg 50, 8530 Harelbeke",
,"Apotheek Oosterlynck	
","Steenstraat 6, 8501 Heule",
,"Eufarma	
","Groenestraat 97, 8210 Zedelgem",
,Apotheek Notebaert	,"Markt 20, 8730 Beernem
",
,"Apotheek Janssen	
","Graaf d'Ursellaan 19, 8301 Knokke-Heist",
,,,
,"Apotheek de plaats
","	Plaats 33, 8930 Rekkem",
,Apotheek Marephar	,"Astridlaan 4, 8810 Lichtervelde
",
,"apotheek vanhecke	
","burgemeester vandenbogaerdelaan 35, 8870 izegem",
,"Apotheek Verkest-Lesage 
","Beversesteenweg 446,  8800 Roeselare",
,"apotheek mieke delember	
","tieltstraat 43, 8740 pittem",
,"apotheek molleman de coster	
","Markt 18, 8755 ruiselede",
,"Apotheek Hindryckx-Vanhee	
","Bovekerkestraat 180, 8680 Koekelare-Bovekerke",
,"apotheek Naegels	
","Schrieksebaan 6, 3120 Tremelo",
,"Apotheek Wellen	
","Dorpsstraat 7, 3830 Wellen",
,"Apotheek Coenegrachts 	
","Maastrichterstraat 100, 3700 Tongeren",
,"Apotheek De Zeven Hoeken	
","Mechelsestraat 5, 3000 Leuven",
,"Apotheek Gijbels	
","Stad 27, 3930 Hamont",
,,,
,"Apotheek Vander Stichele F. 	
","Koningin Fabiolastraat 17, 8560 Wevelgem",
,Apotheek MARES	,"DRIFTWEG 5, 8420 DE HAAN
",
,,,
,Vansteenkiste Stefanie ,"Hugo Verriestlaan 68, 8370 Blankenberge
",
,,,
,"Apotheek De Hermitage 
","Gentiaanstraat 8, 8200 Sint-Andries",
,"Apotheek Mattelaer	
","Voorstraat 40, 8500 Kortrijk",
,,,
,ECD Tandem,"Prins Boudewijnstraat 9, 2300 Turnhout",Telefonisch op  014 47 83 71 of https://www.dementie.be/
,ECD Orion i.s.m. PGN,"Markgravelei 133, 2018 Antwerpen",Telefonisch op 03 247 03 85 of  https://www.dementie.be/  
,ECD Meander,"Kerkstraat 115, 9200 Dendermonde",Telefonisch op 052 26 28 23 of https://www.dementie.be/ 
,ECD Foton,"Biskajersplein 2, 8000 Brugge",Telefonisch op 050 44 67 93 of https://www.dementie.be/
,ECD Memo,"Molenhofstraat 31, 1670 Pepingen-Heikruis",Telefonisch op 02 398 00 18 of https://www.dementie.be/
,ECD brOes,"Haachtsesteenweg 76, 1210 Sint-Joost-ten-Node",Telefonisch op 02 778 01 70 of https://www.dementie.be/
,ECD Orion i.s.m. PGN,"Lange Ridderstraat 20, 2800 Mechelen",Telefonisch op 0476 93 49 56 of https://www.dementie.be/
,ECD Paradox,"Molenaarstraat 34, 9000 Gent",Telefonisch op 09 233 14 38 of https://www.dementie.be/
,ECD Sophia,"Budastraat 20, 8500 Kortrijk",Telefonisch op 056 32 10 75 of https://www.dementie.be/
,ECD Memo,"Wingerdstrat 14, 3000 Leuven",Telefonisch op 016 50 29 06 of https://www.dementie.be/
,’t moNUment –inloophuis dementie voor mantelzorgers en personen met dementie,"Lijsterstraat 2, 2800 Mechelen","Maandag en woensdag van 9u-16u30
Vrijdag van 9u-12u30
"
,ECD Contact,"Hadewychlaan 74,3500 Hasselt","Donderdag 14/3 en vrijdag 15/3 telefonisch op  011 88 83 84 of steeds op https://www.dementie.be/
"
,Expertisecentrum Dementie Vlaanderen,"Lokkaardstraat 8, 2018 Antwerpen",Telefonisch op  03 609 56 14 of https://www.dementie.be/ 
