{
  "licenseType": "Unknown",
  "exportable": true,
  "dc:title": "Scotland Chemical Sector Supply Chain",
  "attribution": "Scottish Enterprise",
  "dc:modified": "2016-09-27T14:50:15Z",
  "dc:identifier": "1r4xE-gu0tizTtWIBnr1cldu_MYWekjhg0JxUoGxe",
  "tableSchema": {"columns": [
    {
      "datatype": "string",
      "name": "col0",
      "validateData": false,
      "title": "Business name"
    },
    {
      "datatype": "string",
      "name": "col1",
      "validateData": false,
      "title": "Address"
    },
    {
      "datatype": "location",
      "name": "col2",
      "validateData": false,
      "title": "Postcode"
    },
    {
      "datatype": "string",
      "name": "col3",
      "validateData": false,
      "title": "Telephone"
    },
    {
      "datatype": "string",
      "name": "col4",
      "validateData": false,
      "title": "Employees"
    },
    {
      "datatype": "string",
      "formatPattern": "<a href='%1$s'>%1$s<\/a>",
      "name": "col5",
      "validateData": false,
      "title": "Website"
    },
    {
      "datatype": "string",
      "name": "col6",
      "validateData": false,
      "title": "Capabilities"
    }
  ]}
}