Business name,Address,Postcode,Telephone,Employees,Website,Capabilities
Abertay University,"Kydd Building, 40 Bell Street, Dundee",DD1 1HG,,,http://www.abertay.ac.uk,Basic Chemicals
Aboleo Ltd,"9 Caputhall Road, Deans Industrial Estate, Deans, Livingston",EH54 8AS,01324 666681,,http://www.aboleo.com,Speciality Chemicals
AnCuig Management Services Ltd,"PO Box 3413, Kirkintilloch, Glasgow",G66 9BS,,0 - 5,http://www.ancuig.com,Speciality Chemicals
APC (Scotland) Ltd,"PO Box 14554, Kinross",KY13 9ZJ,01577 864231,0 - 5,http://www.apc-tfe.co.uk,Speciality Chemicals
Apex Industrial Chemicals Ltd,"Peterseat Drive, Altens Industrial Estate, Aberdeen",AB12 3HT,01224 878420,25 - 100,http://www.apex-chemicals.co.uk,Speciality Chemicals
Aptuit Ltd,"Todd Campus, West of Scotland Science Park, Acre Road, Glasgow",G20 0XA,0141 945 8400,25 - 100,http://www.aptuit.com,"Biotechnology, Fine Chemicals, Speciality Chemicals"
Association of the British Pharmaceutical Industry,"Crichton's House, 4 Crichton's Close, Edinburgh",EH8 8DT,0131 523 0493,0 - 5,http://www.abpi.org.uk,"Basic Chemicals, Biotechnology, Fine Chemicals, Speciality Chemicals"
Ayrshire College,"Kilmarnock Campus, Holehouse Road, Kilmarnock",KA3 7AT,01563 523501,501+,http://www.ayrshire.ac.uk,"Basic Chemicals, Biotechnology, Fine Chemicals, Speciality Chemicals"
Bardyke Chemicals Ltd,"Hamilton Road, Cambuslang, Glasgow",G72 7XL,01698 823361,6 - 24,,Speciality Chemicals
Barony Universal Products Plc,"Riverside Way, Riverside Business Park, Irvine",KA11 5DJ,0845 872 8872,101 - 250,http://www.baronyuniversal.com,Basic Chemicals
BASF Performance Products Plc,"Hawkhead Road, Paisley",PA2 7BG,0141 887 1144,101 - 250,http://www.basf.com,Speciality Chemicals
Brenntag Chemical Distribution,"55 Westburn Drive, Cambuslang, Glasgow",G72 7NA,0141 642 9650,25 - 100,http://www.brenntag.co.uk,"Basic Chemicals, Biotechnology, Fine Chemicals, Speciality Chemicals"
Caithness Chemicals (Wick) Ltd,"Airport Industrial Estate, Wick Airport, Wick",KW1 4QS,01955 605463,0 - 5,,Basic Chemicals
Calachem Ltd,"Earls Road, Grangemouth",FK3 8XG,01324 494316,101 - 250,http://www.calachem.com,"Fine Chemicals, Speciality Chemicals"
Caledonian Industries Limited,"5 Atholl Avenue, Hillington Park, Glasgow",G52 4UA,0141 882 4691,25 - 100,http://www.caledonian-group.co.uk,"Basic Chemicals, Speciality Chemicals"
Ceimig Ltd,"Unit 1-3, Smeaton Road, West Gourdie Industrial Estate, Dundee",DD2 4UT,01382 624127,6 - 24,http://www.ceimig.com,"Basic Chemicals, Biotechnology, Fine Chemicals, Speciality Chemicals"
Chemring Energetics UK Ltd,"Troon House, Nobel Business Park, Central Avenue, Ardeer Site, Stevenston",KA20 3LN,01294 487085,251 - 500,http://www.chemringenergetics.co.uk,Speciality Chemicals
Chloros Environmental Ltd,"Spalding House, 90-92 Queen Street, Broughty Ferry, Dundee",DD5 1AJ,01241 823047,0 - 5,http://www.chlorosenvironmental.co.uk,"Basic Chemicals, Fine Chemicals, Speciality Chemicals"
Craig & Rose Ltd,"Unit 8, Halbeath Industrial Estate, Crossgates Road, Halbeath, Dunfermline",KY11 7EG,01383 740000,25 - 100,http://www.craigandrose.com,Speciality Chemicals
Cyclacel Ltd,"1 James Lindsay Place, Dundee",DD1 5JJ,01382 206062,6 - 24,http://www.cyclacel.com,Speciality Chemicals
Dundee and Angus College,"Kings Way Campus, Old Glamis Road, Dundee",DD3 8LE,01382 834824,101 - 250,http://www.dundeeandangus.co.uk,Basic Chemicals
Dynamic Chemicals Ltd,"Units 1-3, Teiglum Road, Lesmahagow, Lanark",ML11 0JN,01555 892929,0 - 5,http://www.dynamic-chemicals.co.uk,Speciality Chemicals
Edinburgh Napier University,"Merchiston Campus,, 14 Colinton Road, Edinburgh",EH10 5DT,0131 455 6300,500+,http://www.napier.ac.uk,"Speciality Chemicals, Fine Chemicals"
Edinburgh Pharmaceutical Processes Ltd,"Glencorse Building, Pentlands Science Park, Bush Loan, Penicuik",EH26 0PZ,0131 445 6191,6 - 24,http://www.eppltd.com,"Basic Chemicals, Biotechnology, Fine Chemicals, Speciality Chemicals"
F I S Chemicals Ltd,"Chapel Croft, Bucksburn, Aberdeen",AB21 9TN,01224 723796,25 - 100,http://www.fischem.co.uk,Speciality Chemicals
Feralco (UK) Ltd,"The Docks, Grangemouth",FK3 8UB,01324 665455,6 - 24,http://www.feralco.com,Basic Chemicals
Ferguson & Menzies Ltd,"312 Broomloan Road, Glasgow",G51 2JW,0141 445 3555,6 - 24,http://www.fergusonmenzies.co.uk,Speciality Chemicals
Fibre Photonics Ltd,"3 Eliburn Office Park, Livingston",EH54 6GR,0845 557 6450,0 - 5,http://www.fibrephotonics.com,"Basic Chemicals, Speciality Chemicals, Biotechnology, Fine Chemicals"
Fife College,"Pittsburgh Road, Halbeath, Dunfermline",KY11 8DY,0844 248 0115,Unknown,http://www.fife.ac.uk,Basic Chemicals
FMC BioPolymer UK Ltd,"Ladyburn Works, Girvan",KA26 9JN,01655 333000,25 - 100,http://www.fmcbiopolymer.com,Speciality Chemicals
GB Therma-Chem Ltd,"P O Box 6, Bellshill",ML4 2EG,01698 747816,6 - 24,http://www.therma-chem.com,Speciality Chemicals
Glasgow Caledonian University,"City Campus, 70 Cowcaddens Road, Glasgow",G4 0BA,0141 331 3000,501+,http://www.gcu.ac.uk,Speciality Chemicals
Glaxo Smithkline,"Cobden Street, Montrose",DD10 8EA,01674 672606,501+,http://www.glaxosmithkline.co.uk,Fine Chemicals
Glaxo Smithkline,"Shewalton Road, Irvine",KA11 5AP,01294 842453,251 - 500,http://www.gsk.com,"Speciality Chemicals, Biotechnology"
GR Advanced Materials (GRAM) Ltd,"PO Box 22, Ladysneuk Road, Stirling",FK9 5NZ,01786 446555,25 - 100,http://www.gram.co.uk,Speciality Chemicals
Haas Group International Ltd - R D Taylor Ltd Division,"240 Edmiston Drive, Glasgow",G51 2YU,0141 427 5103,25 - 100,http://www.haasgroupintl.com,Basic Chemicals
Herboreal,"125 Princes Street, 5th Floor, Edinburgh",EH2 3AD,07908 593489,0 - 5,http://www.herboreal.com,Fine Chemicals
Heriot-Watt University,"Institute of Chemical Sciences, School of EPS, Riccarton, Edinburgh",EH14 4AS,0131 449 5111,101 - 250,http://www.hw.ac.uk,"Basic Chemicals, Biotechnology, Fine Chemicals, Speciality Chemicals"
Impact Solutions,"16 Abbotsinch Road, Grangemouth",FK3 9UX,01324 489182,6 - 24,http://www.impact-solutions.co.uk,Speciality Chemicals
Ingenza Ltd,"Wallace Building, Roslin Biocentre, Roslin",EH25 9PP,0131 200 6355,25 - 100,http://www.ingenza.com,Biotechnology
Interface-The Knowledge Connection for Business,"1-7 Roxburgh Street, Edinburgh",EH8 9TA,0131 651 4790,6 - 24,http://www.interface-online.org.uk,"Basic Chemicals, Biotechnology, Fine Chemicals, Speciality Chemicals"
K L Pharmaceuticals Ltd,"21-23 MacAdam Place, South Newmoor Industrial Estate, Irvine",KA11 4HP,01294 215951,6 - 24,http://www.klpharm.co.uk,Speciality Chemicals
Kilco (International) Ltd,"Broomhouses 2 Industrial Estate, Old Glasgow Road, Lockerbie",DG11 2SD,01576 205480,25 - 100,http://www.kilco.co.uk,Speciality Chemicals
Kirker Europe Ltd,"Unit 6, Inverbreakie Industrial Estate, Invergordon",IV18 0QR,01349 855270,101 - 250,http://www.kirkerent.com,Basic Chemicals
Knowledge Transfer Centre,"University Of St Andrews, Gateway Building, North Haugh, St Andrews",KY16 9RJ,01334 462165,0 - 5,http://www.st-andrews.ac.uk/ktc,"Basic Chemicals, Biotechnology, Fine Chemicals, Speciality Chemicals"
Link Technologies Ltd,"Unit 3, Mallard Way, Strathclyde Business Park, Bellshill",ML4 3BF,01698 849911,6 - 24,http://www.linktech.co.uk,"Basic Chemicals, Biotechnology, Fine Chemicals, Speciality Chemicals"
Lux Assure Ltd,"Unit 5.3, Research Avenue South, Heriot Watt Research Park, Riccarton, Currie",EH14 4AP,0131 516 7290,6 - 24,http://www.luxassure.com,Speciality Chemicals
Mabbett & Associates Ltd,"11 Sandyford Place, Glasgow",G3 7NB,0141 227 2300,25 - 100,http://www.mabbett.eu,"Basic Chemicals, Biotechnology, Fine Chemicals, Speciality Chemicals"
Marott Graphic Services UK Ltd,"Unit 13, Spott Road Industrial Estate, Dunbar",EH42 1RS,01368 862082,6 - 24,http://www.marottgraphics.com,Speciality Chemicals
Metaflake Ltd,"Unit 2, Station Road, Anstruther",KY10 3JA,01333 313440,6 - 24,http://www.metaflake.com,Speciality Chemicals
Momentive Speciality Chemicals Ltd,"Station Road, Cowie, Stirling",FK7 7BQ,01786 814045,6 - 24,http://www.momentive.com,Speciality Chemicals
NiTech Solutions Limited,"10 Cammo Place, Edinburgh",EH4 8EN,07879 698990,0 - 5,http://www.nitechsolutions.co.uk,"Speciality Chemicals, Basic Chemicals, Biotechnology, Fine Chemicals"
Nynas UK AB,"East Camperdown Street, Dundee",DD1 3LG,01382 462211,25 - 100,http://www.nynas.com,Speciality Chemicals
Oiltechnics Ltd,"Linton Road, Gourdon, Montrose",DD10 0NH,01561 361515,25 - 100,http://www.oiltechnics.com,Speciality Chemicals
ONINK Ltd,"Unit G-H, Meadowside Industrial Estate, Meadowside Street, Renfrew",PA4 8SR,0141 886 6732,0 - 5,http://www.onink-ltd.com,"Basic Chemicals, Biotechnology, Fine Chemicals, Speciality Chemicals"
Orkney Seaweed Co Ltd,"1 Cammo Grove, Edinburgh",EH4 8EU,0131 339 6191,0 - 5,http://www.orkneyseaweed.co.uk,Biotechnology
P. W. Hall Ltd,"Woodilee Industrial Estate, Kirkintilloch, Glasgow",G66 3UR,0141 776 2384,25 - 100,http://www.pwhall.co.uk,Speciality Chemicals
PET Processors (UK) LLC,"Garroch Business Park, Garroch Loaning, Dumfries",DG2 8PN,01387 245840,6 - 24,http://www.petuk.com,"Basic Chemicals, Biotechnology, Fine Chemicals, Speciality Chemicals"
Pfaudler-Balfour Ltd,"Riverside, Leven",KY8 4RT,01333 423020,6 - 24,http://www.pfaudler.com,"Speciality Chemicals, Fine Chemicals"
Plastic Mouldings Ltd,"4 Ailsa Road, Irvine",KA12 8LP,01294 278091,25 - 100,http://www.plasticmouldings.com,Basic Chemicals
Polimeri Europa UK Ltd,"Bo'ness Road, Grangemouth",FK3 9XE,01324 692200,101 - 250,http://www.polimerieuropa.com,Basic Chemicals
R.P. Adam Ltd,"Arpal Works, Riverside Road, Selkirk",TD7 5DU,01750 21586,25 - 100,http://www.rpadam.co.uk,Basic Chemicals
Rathburn Chemicals Ltd,"6 Caberston Road, Walkerburn",EH43 6AU,01896 870651,6 - 24,http://www.rathburn.co.uk,Speciality Chemicals
Roemex Ltd,"Badentoy Crescent, Badentoy Industrial Estate, Portlethen, Aberdeen",AB12 4YD,01224 783444,25 - 100,http://www.roemex.com,Speciality Chemicals
Rowett Research Institute,"Greenburn Road, Bucksburn, Aberdeen",AB21 9SB,01224 272000,101 - 250,http://www.abdn.ac.uk/rowett,Speciality Chemicals
Sasol Technology UK Ltd,"Purdie Building, North Haugh, St Andrews",KY16 9ST,01334 460930,6 - 24,http://www.sasol.com,"Basic Chemicals, Biotechnology"
Scottish Environment Protection Agency,"Erskine Court, The Castle Business Park, Stirling",FK9 4TR,01786 457700,501+,http://www.sepa.org.uk,"Basic Chemicals, Biotechnology, Fine Chemicals, Speciality Chemicals"
Scottish Environment Protection Agency,"Erskine Court, The Castle Business Park, Stirling",FK9 4TR,01786 457700,501+,http://www.sepa.org.uk,"Basic Chemicals, Biotechnology, Fine Chemicals, Speciality Chemicals"
Scottish Plastics and Rubber Association,"143 Lady Nairn Avenue, Kirkcaldy",KY1 2AT,01592 651269,0 - 5,http://www.spra.org.uk,"Basic Chemicals, Fine Chemicals, Speciality Chemicals"
Scottish Qualifications Authority (SQA),"The Optima Building, 58 Robertson Street, Glasgow",G2 8DQ,0845 2791000,501+,http://www.sqa.org.uk,"Basic Chemicals, Biotechnology, Fine Chemicals, Speciality Chemicals"
SGL Carbon Fibers Ltd,"Muir Of Ord Industrial Estate, Great North Road, Muir Of Ord",IV6 7UA,01463 870000,101 - 250,http://www.sglgroup.com,Speciality Chemicals
Siboro Ltd,"Lime Road, Falkirk",FK1 4RS,01324 612414,0 - 5,http://www.siboro.co.uk,Speciality Chemicals
SIR Teknologi (UK) Ltd,"Block L7A, Westways Business Park, Porterfield Road, Renfrew",PA4 8DJ,0845 658 0240,6 - 24,http://www.sirteknologi.co.uk,"Speciality Chemicals, Fine Chemicals, Basic Chemicals"
Smith & Rodger Ltd,"34 Elliot Street, Glasgow",G3 8EA,0141 248 6341,6 - 24,http://www.frenchpolishes.com,Basic Chemicals
Surface Active Solutions Ltd,"9 Caputhall Road, Deans Industrial Estate, Deans, Livingston",EH54 8AS,01324 666671,6 - 24,http://www.surfaceactive.com,Speciality Chemicals
Syngenta Ltd Grangemouth Manufacturing Centre,"Earls Road, Grangemouth",FK3 8XG,01324 662100,Unknown,http://www.syngenta.com,"Speciality Chemicals, Basic Chemicals, Fine Chemicals, Biotechnology"
Tan International Ltd,"Friarton Road, Perth",PH2 8DG,01738 632909,25 - 100,http://www.taninternational.com,"Basic Chemicals, Fine Chemicals, Speciality Chemicals"
The James Hutton Institute,"Errol Road, Invergowrie, Dundee",DD2 5DA,01382 562731,501+,http://www.hutton.ac.uk,Basic Chemicals
The Mentholatum Company Ltd,"1 Redwood Avenue, East Kilbride, Glasgow",G74 5PE,01355 848484,25 - 100,http://www.mentholatum.co.uk,Basic Chemicals
TR Bonnyman Son & Co Ltd,"Willowburn Road, Willowyard Industrial Estate, Beith",KA15 1LN,01505 504716,25 - 100,http://www.bonnymans.co.uk,"Basic Chemicals, Biotechnology, Fine Chemicals, Speciality Chemicals"
University Of Dundee,"Perth Road, Dundee",DD1 4HN,01382 383000,251 - 500,http://www.dundee.ac.uk/environment,Basic Chemicals
"University of Edinburgh, School of Chemistry","Joseph Black Building, The King's Campus, West Mains Road, Edinburgh",EH9 3JJ,0131 651 3429,101 - 250,http://www.chem.ed.ac.uk,"Basic Chemicals, Biotechnology, Fine Chemicals, Speciality Chemicals"
University of Glasgow,"10 The Square, Glasgow",G12 8QQ,0141 330 2338,500+,http://www.chem.gla.ac.uk,"Basic Chemicals, Fine Chemicals, Speciality Chemicals"
University Of Strathclyde,"Research & Innovation, 50 George Street, Glasgow",G1 1QE,0141 552 4400,500+,http://www.strath.ac.uk,"Basic Chemicals, Biotechnology, Fine Chemicals, Speciality Chemicals"
University of the West of Scotland,"Innovation and Research Office, Paisley Campus, Paisley",PA1 2BE,0141 848 3839,500+,http://www.uws.ac.uk,"Basic Chemicals, Fine Chemicals, Biotechnology, Speciality Chemicals"
IBioIC – Industrial Biotechnology Innovation Centre,"Hamnett Wing, 161 Cathedral Street, Glasgow",G4 0RE,0141 5483743,,http://www.ibioic.com,"Biotechnology, Fine Chemicals, Speciality Chemicals"
EPSRC Centre for Innovative Manufacturing in Continuous Manufacturing and crystallisation,"CMAC SIPBS
University of Strathclyde
161 Cathedral Street
Glasgow
",G4 0RE,0141 548 4506,,http://www.cmac.ac.uk,"Biotechnology, Fine Chemicals, Speciality Chemicals"
"Clark Eriksson – Engineering Design, Project Management","St Crispins House
Williamson Street
Falkirk 
Scotland
",FK1 1PR,01324 611294,,http://www.clark-eriksson.co.uk,"Biotechnology, Fine Chemicals, Speciality Chemicals"
