{
  "licenseType": "Unknown",
  "dc:description": "Based on primary filing data for 2018",
  "exportable": true,
  "dc:title": "May 2018 Primary - PA State House of Representatives",
  "dc:modified": "2018-09-05T02:54:54Z",
  "dc:identifier": "1gNAUgxRW-7VyFzd_wsZMRfx25DnOaxYVw39ADTBW",
  "tableSchema": {"columns": [
    {
      "datatype": "double",
      "formatPattern": "0",
      "name": "col0",
      "validateData": true,
      "title": "District"
    },
    {
      "datatype": "string",
      "name": "col1",
      "validateData": false,
      "title": "Name"
    },
    {
      "datatype": "string",
      "name": "col2",
      "validateData": true,
      "title": "Party",
      "validValues": "Democratic,Republican,Other"
    },
    {
      "datatype": "string",
      "name": "col3",
      "validateData": true,
      "title": "Incumbent",
      "validValues": "Yes,No"
    },
    {
      "datatype": "string",
      "name": "col4",
      "validateData": true,
      "title": "Position",
      "validValues": "No response yet,Co-sponsor of original HB722,Not a co-sponsor of original HB722,Supporter,Non-supporter,Undecided"
    },
    {
      "datatype": "string",
      "name": "col5",
      "validateData": false,
      "title": "Link 1"
    },
    {
      "datatype": "date",
      "name": "col6",
      "validateData": false,
      "title": "Response date"
    },
    {
      "datatype": "string",
      "name": "col7",
      "validateData": false,
      "title": "Notes from FDPA team"
    },
    {
      "datatype": "string",
      "name": "col8",
      "validateData": false,
      "title": "Link 2"
    },
    {
      "datatype": "string",
      "name": "col9",
      "validateData": false,
      "title": "Link 3"
    },
    {
      "datatype": "string",
      "name": "col10",
      "validateData": false,
      "title": "Comments from candidate"
    },
    {
      "dc:description": "Do you support reforming our congressional and legislative redistricting process to implement an independent citizen's redistricting commission? Why or why not?",
      "datatype": "string",
      "name": "col11",
      "validateData": false,
      "title": "Vote411 response"
    }
  ]}
}