{
  "licenseType": "Unknown",
  "dc:description": "Imported at Fri Oct 17 12:00:14 PDT 2014 from MAX_101714.csv.",
  "exportable": true,
  "dc:title": "MAX_Database_070615",
  "dc:modified": "2015-07-29T15:09:01Z",
  "dc:identifier": "1IWkRjyPwUEoPxM6bYFr9l5zPGUIJndV7_YFyDvR0",
  "tableSchema": {"columns": [
    {
      "datatype": "string",
      "name": "col0",
      "validateData": false,
      "title": "Organization"
    },
    {
      "datatype": "string",
      "name": "col1",
      "validateData": false,
      "title": "PersonContacted"
    },
    {
      "datatype": "string",
      "name": "col2",
      "validateData": false,
      "title": "EmailAddress"
    },
    {
      "datatype": "string",
      "name": "col3",
      "validateData": false,
      "title": "AdminFirstName"
    },
    {
      "datatype": "string",
      "name": "col4",
      "validateData": false,
      "title": "AdminLastName"
    },
    {
      "datatype": "string",
      "name": "col5",
      "validateData": false,
      "title": "AdminPhone"
    },
    {
      "datatype": "string",
      "name": "col6",
      "validateData": false,
      "title": "AdminEmail"
    },
    {
      "datatype": "location",
      "name": "col7",
      "validateData": false,
      "title": "OfficeAddress"
    },
    {
      "datatype": "string",
      "name": "col8",
      "validateData": false,
      "title": "OfficeStreet"
    },
    {
      "datatype": "location",
      "name": "col9",
      "validateData": false,
      "title": "OfficeCity"
    },
    {
      "datatype": "double",
      "name": "col10",
      "validateData": false,
      "title": "OfficeZIP"
    },
    {
      "datatype": "string",
      "name": "col11",
      "validateData": false,
      "title": "OfficePhone"
    },
    {
      "datatype": "string",
      "name": "col12",
      "validateData": false,
      "title": "HQaddress"
    },
    {
      "datatype": "location",
      "name": "col13",
      "validateData": false,
      "title": "HQcity"
    },
    {
      "datatype": "double",
      "name": "col14",
      "validateData": false,
      "title": "HQZIP"
    },
    {
      "datatype": "string",
      "name": "col15",
      "validateData": false,
      "title": "URL"
    },
    {
      "datatype": "string",
      "formatPattern": "<a href='%1$s'>%1$s<\/a>",
      "name": "col16",
      "validateData": false,
      "title": "URL2"
    },
    {
      "datatype": "string",
      "formatPattern": "<a href='%1$s'>%1$s<\/a>",
      "name": "col17",
      "validateData": false,
      "title": "card1"
    },
    {
      "datatype": "string",
      "name": "col18",
      "validateData": false,
      "title": "card2"
    },
    {
      "datatype": "string",
      "formatPattern": "<a href='%1$s'>%1$s<\/a>",
      "name": "col19",
      "validateData": false,
      "title": "CardURL"
    },
    {
      "datatype": "string",
      "formatPattern": "<a href='%1$s'>%1$s<\/a>",
      "name": "col20",
      "validateData": false,
      "title": "CardURL2"
    },
    {
      "datatype": "string",
      "name": "col21",
      "validateData": false,
      "title": "HQphone"
    },
    {
      "datatype": "string",
      "name": "col22",
      "validateData": false,
      "title": "MissionStatement"
    },
    {
      "datatype": "string",
      "name": "col23",
      "validateData": false,
      "title": "AreaServed_All10"
    },
    {
      "datatype": "string",
      "name": "col24",
      "validateData": false,
      "title": "AreaServed"
    },
    {
      "datatype": "string",
      "name": "col25",
      "validateData": false,
      "title": "AreaServed_Cherokee"
    },
    {
      "datatype": "string",
      "name": "col26",
      "validateData": false,
      "title": "AreaServed_Clayton"
    },
    {
      "datatype": "string",
      "name": "col27",
      "validateData": false,
      "title": "AreaServed_Cobb"
    },
    {
      "datatype": "string",
      "name": "col28",
      "validateData": false,
      "title": "AreaServed_DeKalb"
    },
    {
      "datatype": "string",
      "name": "col29",
      "validateData": false,
      "title": "AreaServed_Douglas"
    },
    {
      "datatype": "string",
      "name": "col30",
      "validateData": false,
      "title": "AreaServed_Fayette"
    },
    {
      "datatype": "string",
      "name": "col31",
      "validateData": false,
      "title": "AreaServed_Fulton"
    },
    {
      "datatype": "string",
      "name": "col32",
      "validateData": false,
      "title": "AreaServed_Gwinnett"
    },
    {
      "datatype": "string",
      "name": "col33",
      "validateData": false,
      "title": "AreaServed_Henry"
    },
    {
      "datatype": "string",
      "name": "col34",
      "validateData": false,
      "title": "AreaServed_Rockdale"
    },
    {
      "datatype": "string",
      "name": "col35",
      "validateData": false,
      "title": "AreaServed_CityofAtlanta"
    },
    {
      "datatype": "string",
      "name": "col36",
      "validateData": false,
      "title": "AreaServed2"
    },
    {
      "datatype": "location",
      "name": "col37",
      "validateData": false,
      "title": "AreaServed_Cherokee2"
    },
    {
      "datatype": "location",
      "name": "col38",
      "validateData": false,
      "title": "AreaServed_Clayton2"
    },
    {
      "datatype": "string",
      "name": "col39",
      "validateData": false,
      "title": "AreaServed_Cobb2"
    },
    {
      "datatype": "location",
      "name": "col40",
      "validateData": false,
      "title": "AreaServed_DeKalb2"
    },
    {
      "datatype": "string",
      "name": "col41",
      "validateData": false,
      "title": "AreaServed_Douglas2"
    },
    {
      "datatype": "location",
      "name": "col42",
      "validateData": false,
      "title": "AreaServed_Fayette2"
    },
    {
      "datatype": "location",
      "name": "col43",
      "validateData": false,
      "title": "AreaServed_Fulton2"
    },
    {
      "datatype": "location",
      "name": "col44",
      "validateData": false,
      "title": "AreaServed_Gwinnett2"
    },
    {
      "datatype": "string",
      "name": "col45",
      "validateData": false,
      "title": "AreaServed_Henry2"
    },
    {
      "datatype": "string",
      "name": "col46",
      "validateData": false,
      "title": "AreaServed_Rockdale2"
    },
    {
      "datatype": "string",
      "name": "col47",
      "validateData": false,
      "title": "AreaServed_CityofAtlanta2"
    },
    {
      "datatype": "string",
      "name": "col48",
      "validateData": false,
      "title": "AreaServed_CountyAll"
    },
    {
      "datatype": "double",
      "name": "col49",
      "validateData": false,
      "title": "AreaServed_ZIPorSmallGeo"
    },
    {
      "datatype": "string",
      "name": "col50",
      "validateData": false,
      "title": "AreaServed_AreasOutside10-county"
    },
    {
      "datatype": "string",
      "name": "col51",
      "validateData": false,
      "title": "Prov_Inter"
    },
    {
      "datatype": "string",
      "name": "col52",
      "validateData": false,
      "title": "Provider_Intermediary"
    },
    {
      "datatype": "string",
      "name": "col53",
      "validateData": false,
      "title": "OrgType"
    },
    {
      "datatype": "string",
      "name": "col54",
      "validateData": false,
      "title": "Main_Branch"
    },
    {
      "datatype": "double",
      "name": "col55",
      "validateData": false,
      "title": "NoLocations"
    },
    {
      "datatype": "string",
      "name": "col56",
      "validateData": false,
      "title": "EligibleAdultServices_DisabledWorkers"
    },
    {
      "datatype": "string",
      "name": "col57",
      "validateData": false,
      "title": "EligibleAdultServices_DislocatedWorkers"
    },
    {
      "datatype": "string",
      "name": "col58",
      "validateData": false,
      "title": "EligibleAdultServices_EmployeesCorporateClients"
    },
    {
      "datatype": "string",
      "name": "col59",
      "validateData": false,
      "title": "EligibleAdultServices_Homeless"
    },
    {
      "datatype": "string",
      "name": "col60",
      "validateData": false,
      "title": "EligibleAdultServices_Immigrants"
    },
    {
      "datatype": "string",
      "name": "col61",
      "validateData": false,
      "title": "EligibleAdultServices_IndividualsSeekingBetterJob"
    },
    {
      "datatype": "string",
      "name": "col62",
      "validateData": false,
      "title": "EligibleAdultServices_IndividualsCriminalRecord"
    },
    {
      "datatype": "string",
      "name": "col63",
      "validateData": false,
      "title": "EligibleAdultServices_IndWithoutHSDiplomaGED"
    },
    {
      "datatype": "string",
      "name": "col64",
      "validateData": false,
      "title": "EligibleAdultServices_IndustrySelectedPop"
    },
    {
      "datatype": "string",
      "name": "col65",
      "validateData": false,
      "title": "EligibleAdultServices_LowIncome"
    },
    {
      "datatype": "string",
      "name": "col66",
      "validateData": false,
      "title": "EligibleAdultServices_MatureWorkersOver55"
    },
    {
      "datatype": "string",
      "name": "col67",
      "validateData": false,
      "title": "EligibleAdultServices_PreviouslyIncarcerated"
    },
    {
      "datatype": "string",
      "name": "col68",
      "validateData": false,
      "title": "EligibleAdultServices_PublicHousing"
    },
    {
      "datatype": "string",
      "name": "col69",
      "validateData": false,
      "title": "EligibleAdultServices_Unemployed"
    },
    {
      "datatype": "string",
      "name": "col70",
      "validateData": false,
      "title": "EligibleAdultServices_MilitaryVeterans"
    },
    {
      "datatype": "string",
      "name": "col71",
      "validateData": false,
      "title": "EligibleAdultServices_WelfareRequiredWorkforce"
    },
    {
      "datatype": "string",
      "name": "col72",
      "validateData": false,
      "title": "EligibleAdultServices_Other"
    },
    {
      "datatype": "string",
      "name": "col73",
      "validateData": false,
      "title": "EligibleAdultServices_Refugees"
    },
    {
      "datatype": "string",
      "name": "col74",
      "validateData": false,
      "title": "EligibleAdultServices_NA_postsecondary"
    },
    {
      "datatype": "string",
      "name": "col75",
      "validateData": false,
      "title": "EligibleYouthServices_SchoolDropout"
    },
    {
      "datatype": "string",
      "name": "col76",
      "validateData": false,
      "title": "EligibleYouthServices_BasicSkillsDeficient"
    },
    {
      "datatype": "string",
      "name": "col77",
      "validateData": false,
      "title": "EligibleYouthServices_BelowGradeLevel"
    },
    {
      "datatype": "string",
      "name": "col78",
      "validateData": false,
      "title": "EligibleYouthServices_PregnantParenting"
    },
    {
      "datatype": "string",
      "name": "col79",
      "validateData": false,
      "title": "EligibleYouthServices_Disabled"
    },
    {
      "datatype": "string",
      "name": "col80",
      "validateData": false,
      "title": "EligibleYouthServices_HomelessRunaway"
    },
    {
      "datatype": "string",
      "name": "col81",
      "validateData": false,
      "title": "EligibleYouthServices_Offender"
    },
    {
      "datatype": "string",
      "name": "col82",
      "validateData": false,
      "title": "EligibleYouthServices_NeedsAssistanceEmployment"
    },
    {
      "datatype": "string",
      "formatPattern": "<a href='%1$s'>%1$s<\/a>",
      "name": "col83",
      "validateData": false,
      "title": "EligibleYouthServices_Other"
    },
    {
      "datatype": "string",
      "name": "col84",
      "validateData": false,
      "title": "EligibleYouthServices_NA_highschool"
    },
    {
      "datatype": "string",
      "name": "col85",
      "validateData": false,
      "title": "EligibleAdultServices_DisabledWorkers2"
    },
    {
      "datatype": "string",
      "name": "col86",
      "validateData": false,
      "title": "EligibleAdultServices_DislocatedWorkers2"
    },
    {
      "datatype": "string",
      "name": "col87",
      "validateData": false,
      "title": "EligibleAdultServices_EmployeesCorporateClients2"
    },
    {
      "datatype": "string",
      "name": "col88",
      "validateData": false,
      "title": "EligibleAdultServices_Homeless2"
    },
    {
      "datatype": "string",
      "name": "col89",
      "validateData": false,
      "title": "EligibleAdultServices_Immigrants2"
    },
    {
      "datatype": "string",
      "name": "col90",
      "validateData": false,
      "title": "EligibleAdultServices_IndividualsSeekingBetterJob2"
    },
    {
      "datatype": "string",
      "name": "col91",
      "validateData": false,
      "title": "EligibleAdultServices_IndividualsCriminalRecord2"
    },
    {
      "datatype": "string",
      "name": "col92",
      "validateData": false,
      "title": "EligibleAdultServices_IndWithoutHSDiplomaGED2"
    },
    {
      "datatype": "string",
      "name": "col93",
      "validateData": false,
      "title": "EligibleAdultServices_IndustrySelectedPop2"
    },
    {
      "datatype": "string",
      "name": "col94",
      "validateData": false,
      "title": "EligibleAdultServices_LowIncome2"
    },
    {
      "datatype": "string",
      "name": "col95",
      "validateData": false,
      "title": "EligibleAdultServices_MatureWorkersOver552"
    },
    {
      "datatype": "string",
      "name": "col96",
      "validateData": false,
      "title": "EligibleAdultServices_PreviouslyIncarcerated2"
    },
    {
      "datatype": "string",
      "name": "col97",
      "validateData": false,
      "title": "EligibleAdultServices_PublicHousing2"
    },
    {
      "datatype": "string",
      "name": "col98",
      "validateData": false,
      "title": "EligibleAdultServices_Unemployed2"
    },
    {
      "datatype": "string",
      "name": "col99",
      "validateData": false,
      "title": "EligibleAdultServices_MilitaryVeterans2"
    },
    {
      "datatype": "string",
      "name": "col100",
      "validateData": false,
      "title": "EligibleAdultServices_WelfareRequiredWorkforce2"
    },
    {
      "datatype": "string",
      "name": "col101",
      "validateData": false,
      "title": "EligibleAdultServices_Other2"
    },
    {
      "datatype": "string",
      "name": "col102",
      "validateData": false,
      "title": "EligibleAdultServices_Refugees2"
    },
    {
      "datatype": "string",
      "name": "col103",
      "validateData": false,
      "title": "EligibleAdultServices_NA_postsecondary2"
    },
    {
      "datatype": "string",
      "name": "col104",
      "validateData": false,
      "title": "EligibleAdultServices_All2"
    },
    {
      "datatype": "string",
      "name": "col105",
      "validateData": false,
      "title": "EligibleYouthServices_SchoolDropout2"
    },
    {
      "datatype": "string",
      "name": "col106",
      "validateData": false,
      "title": "EligibleYouthServices_BasicSkillsDeficient2"
    },
    {
      "datatype": "string",
      "name": "col107",
      "validateData": false,
      "title": "EligibleYouthServices_BelowGradeLevel2"
    },
    {
      "datatype": "string",
      "name": "col108",
      "validateData": false,
      "title": "EligibleYouthServices_PregnantParenting2"
    },
    {
      "datatype": "string",
      "name": "col109",
      "validateData": false,
      "title": "EligibleYouthServices_Disabled22"
    },
    {
      "datatype": "string",
      "name": "col110",
      "validateData": false,
      "title": "EligibleYouthServices_HomelessRunaway2"
    },
    {
      "datatype": "string",
      "name": "col111",
      "validateData": false,
      "title": "EligibleYouthServices_Offender2"
    },
    {
      "datatype": "string",
      "name": "col112",
      "validateData": false,
      "title": "EligibleYouthServices_NeedsAssistanceEmployment2"
    },
    {
      "datatype": "string",
      "formatPattern": "<a href='%1$s'>%1$s<\/a>",
      "name": "col113",
      "validateData": false,
      "title": "EligibleYouthServices_Other2"
    },
    {
      "datatype": "string",
      "name": "col114",
      "validateData": false,
      "title": "EligibleYouthServices_NA_highschool2"
    },
    {
      "datatype": "string",
      "name": "col115",
      "validateData": false,
      "title": "EligibleYouthServices_All2"
    },
    {
      "datatype": "string",
      "name": "col116",
      "validateData": false,
      "title": "JobTrainingServices_EmployerSpecificPrograms"
    },
    {
      "datatype": "string",
      "name": "col117",
      "validateData": false,
      "title": "JobTrainingServices_IndustrySpecificPrograms"
    },
    {
      "datatype": "string",
      "name": "col118",
      "validateData": false,
      "title": "JobTrainingServices_OccupationalSpecificPrograms"
    },
    {
      "datatype": "string",
      "name": "col119",
      "validateData": false,
      "title": "JobTrainingServices_NonSubsidizedOTJPrograms"
    },
    {
      "datatype": "string",
      "name": "col120",
      "validateData": false,
      "title": "JobTrainingServices_SubsidizedOTJPrograms"
    },
    {
      "datatype": "string",
      "formatPattern": "<a href='%1$s'>%1$s<\/a>",
      "name": "col121",
      "validateData": false,
      "title": "JobTrainingServices_Other"
    },
    {
      "datatype": "string",
      "name": "col122",
      "validateData": false,
      "title": "JobTrainingServices_TrainingCEU"
    },
    {
      "datatype": "string",
      "name": "col123",
      "validateData": false,
      "title": "IndustrySupported_AccommodationFood"
    },
    {
      "datatype": "string",
      "name": "col124",
      "validateData": false,
      "title": "IndustrySupported_AdminSupportWasteRemediation"
    },
    {
      "datatype": "string",
      "name": "col125",
      "validateData": false,
      "title": "IndustrySupported_AgForestryFishingHunting"
    },
    {
      "datatype": "string",
      "name": "col126",
      "validateData": false,
      "title": "IndustrySupported_ArtsEntertainmentRecreation"
    },
    {
      "datatype": "string",
      "name": "col127",
      "validateData": false,
      "title": "IndustrySupported_Construction"
    },
    {
      "datatype": "string",
      "name": "col128",
      "validateData": false,
      "title": "IndustrySupported_Educational"
    },
    {
      "datatype": "string",
      "name": "col129",
      "validateData": false,
      "title": "IndustrySupported_FinanceInsurance"
    },
    {
      "datatype": "string",
      "name": "col130",
      "validateData": false,
      "title": "IndustrySupported_HealthCareSocialAssistance"
    },
    {
      "datatype": "string",
      "name": "col131",
      "validateData": false,
      "title": "IndustrySupported_IT"
    },
    {
      "datatype": "string",
      "name": "col132",
      "validateData": false,
      "title": "IndustrySupported_Management"
    },
    {
      "datatype": "string",
      "name": "col133",
      "validateData": false,
      "title": "IndustrySupported_Manufacturing"
    },
    {
      "datatype": "string",
      "name": "col134",
      "validateData": false,
      "title": "IndustrySupported_MiningQuarryingOilGas"
    },
    {
      "datatype": "string",
      "name": "col135",
      "validateData": false,
      "title": "IndustrySupported_ProfessionalScientificTechnical"
    },
    {
      "datatype": "string",
      "name": "col136",
      "validateData": false,
      "title": "IndustrySupported_RealEstateRentalLeasing"
    },
    {
      "datatype": "string",
      "name": "col137",
      "validateData": false,
      "title": "IndustrySupported_RetailTrade"
    },
    {
      "datatype": "string",
      "name": "col138",
      "validateData": false,
      "title": "IndustrySupported_TransportationWarehousing"
    },
    {
      "datatype": "string",
      "name": "col139",
      "validateData": false,
      "title": "IndustrySupported_Utilities"
    },
    {
      "datatype": "string",
      "name": "col140",
      "validateData": false,
      "title": "IndustrySupported_WholesaleTrade"
    },
    {
      "datatype": "string",
      "formatPattern": "<a href='%1$s'>%1$s<\/a>",
      "name": "col141",
      "validateData": false,
      "title": "IndustrySupported_Other"
    },
    {
      "datatype": "string",
      "name": "col142",
      "validateData": false,
      "title": "OccupationsSupported_ArchitectureEngineering"
    },
    {
      "datatype": "string",
      "name": "col143",
      "validateData": false,
      "title": "OccupationsSupported_ArtsDesign"
    },
    {
      "datatype": "string",
      "name": "col144",
      "validateData": false,
      "title": "OccupationsSupported_BusinessFinance"
    },
    {
      "datatype": "string",
      "name": "col145",
      "validateData": false,
      "title": "OccupationsSupported_Communications"
    },
    {
      "datatype": "string",
      "name": "col146",
      "validateData": false,
      "title": "OccupationsSupported_ComputersMathematics"
    },
    {
      "datatype": "string",
      "name": "col147",
      "validateData": false,
      "title": "OccupationsSupported_Construction"
    },
    {
      "datatype": "string",
      "name": "col148",
      "validateData": false,
      "title": "OccupationsSupported_EducationTraining"
    },
    {
      "datatype": "string",
      "name": "col149",
      "validateData": false,
      "title": "OccupationsSupported_FarmForestry"
    },
    {
      "datatype": "string",
      "name": "col150",
      "validateData": false,
      "title": "OccupationsSupported_FoodPreparation"
    },
    {
      "datatype": "string",
      "name": "col151",
      "validateData": false,
      "title": "OccupationsSupported_GroundCleaning"
    },
    {
      "datatype": "string",
      "name": "col152",
      "validateData": false,
      "title": "OccupationsSupported_HealthPractitioner"
    },
    {
      "datatype": "string",
      "name": "col153",
      "validateData": false,
      "title": "OccupationsSupported_HealthSupport"
    },
    {
      "datatype": "string",
      "name": "col154",
      "validateData": false,
      "title": "OccupationsSupported_InstallationMaintenance"
    },
    {
      "datatype": "string",
      "name": "col155",
      "validateData": false,
      "title": "OccupationsSupported_Legal"
    },
    {
      "datatype": "string",
      "name": "col156",
      "validateData": false,
      "title": "OccupationsSupported_LifeSocialSciences"
    },
    {
      "datatype": "string",
      "name": "col157",
      "validateData": false,
      "title": "OccupationsSupported_Management"
    },
    {
      "datatype": "string",
      "name": "col158",
      "validateData": false,
      "title": "OccupationsSupported_OfficeSupport"
    },
    {
      "datatype": "string",
      "name": "col159",
      "validateData": false,
      "title": "OccupationsSupported_PersonalCare"
    },
    {
      "datatype": "string",
      "name": "col160",
      "validateData": false,
      "title": "OccupationsSupported_Production"
    },
    {
      "datatype": "string",
      "name": "col161",
      "validateData": false,
      "title": "OccupationsSupported_ProtectiveServices"
    },
    {
      "datatype": "string",
      "name": "col162",
      "validateData": false,
      "title": "OccupationsSupported_Sales"
    },
    {
      "datatype": "string",
      "name": "col163",
      "validateData": false,
      "title": "OccupationsSupported_TransportationMoving"
    },
    {
      "datatype": "string",
      "formatPattern": "<a href='%1$s'>%1$s<\/a>",
      "name": "col164",
      "validateData": false,
      "title": "OccupationsSupported_Other"
    },
    {
      "datatype": "string",
      "name": "col165",
      "validateData": false,
      "title": "OccupationsSupported_ArchitectureEngineering2"
    },
    {
      "datatype": "string",
      "name": "col166",
      "validateData": false,
      "title": "OccupationsSupported_ArtsDesign2"
    },
    {
      "datatype": "string",
      "name": "col167",
      "validateData": false,
      "title": "OccupationsSupported_BusinessFinance2"
    },
    {
      "datatype": "string",
      "name": "col168",
      "validateData": false,
      "title": "OccupationsSupported_Communications2"
    },
    {
      "datatype": "string",
      "name": "col169",
      "validateData": false,
      "title": "OccupationsSupported_ComputersMathematics2"
    },
    {
      "datatype": "string",
      "name": "col170",
      "validateData": false,
      "title": "OccupationsSupported_Construction2"
    },
    {
      "datatype": "string",
      "name": "col171",
      "validateData": false,
      "title": "OccupationsSupported_EducationTraining2"
    },
    {
      "datatype": "string",
      "name": "col172",
      "validateData": false,
      "title": "OccupationsSupported_FarmForestry2"
    },
    {
      "datatype": "string",
      "name": "col173",
      "validateData": false,
      "title": "OccupationsSupported_FoodPreparation2"
    },
    {
      "datatype": "string",
      "name": "col174",
      "validateData": false,
      "title": "OccupationsSupported_GroundCleaning2"
    },
    {
      "datatype": "string",
      "name": "col175",
      "validateData": false,
      "title": "OccupationsSupported_HealthPractitioner2"
    },
    {
      "datatype": "string",
      "name": "col176",
      "validateData": false,
      "title": "OccupationsSupported_HealthSupport2"
    },
    {
      "datatype": "string",
      "name": "col177",
      "validateData": false,
      "title": "OccupationsSupported_InstallationMaintenance2"
    },
    {
      "datatype": "string",
      "name": "col178",
      "validateData": false,
      "title": "OccupationsSupported_Legal2"
    },
    {
      "datatype": "string",
      "name": "col179",
      "validateData": false,
      "title": "OccupationsSupported_LifeSocialSciences2"
    },
    {
      "datatype": "string",
      "name": "col180",
      "validateData": false,
      "title": "OccupationsSupported_Management2"
    },
    {
      "datatype": "string",
      "name": "col181",
      "validateData": false,
      "title": "OccupationsSupported_OfficeSupport2"
    },
    {
      "datatype": "string",
      "name": "col182",
      "validateData": false,
      "title": "OccupationsSupported_PersonalCare2"
    },
    {
      "datatype": "string",
      "name": "col183",
      "validateData": false,
      "title": "OccupationsSupported_Production2"
    },
    {
      "datatype": "string",
      "name": "col184",
      "validateData": false,
      "title": "OccupationsSupported_ProtectiveServices2"
    },
    {
      "datatype": "string",
      "name": "col185",
      "validateData": false,
      "title": "OccupationsSupported_Sales2"
    },
    {
      "datatype": "string",
      "name": "col186",
      "validateData": false,
      "title": "OccupationsSupported_TransportationMoving2"
    },
    {
      "datatype": "string",
      "formatPattern": "<a href='%1$s'>%1$s<\/a>",
      "name": "col187",
      "validateData": false,
      "title": "OccupationsSupported_Other2"
    },
    {
      "datatype": "string",
      "name": "col188",
      "validateData": false,
      "title": "Occupations_All2"
    },
    {
      "datatype": "string",
      "name": "col189",
      "validateData": false,
      "title": "PortableStackableIndustryRecOccupationalCredCert"
    },
    {
      "datatype": "string",
      "name": "col190",
      "validateData": false,
      "title": "SupportiveServices_CaseManagement"
    },
    {
      "datatype": "string",
      "name": "col191",
      "validateData": false,
      "title": "SupportiveServices_TuitionTrainingExpenses"
    },
    {
      "datatype": "string",
      "name": "col192",
      "validateData": false,
      "title": "SupportiveServices_ChildCare"
    },
    {
      "datatype": "string",
      "name": "col193",
      "validateData": false,
      "title": "SupportiveServices_Transportation"
    },
    {
      "datatype": "string",
      "name": "col194",
      "validateData": false,
      "title": "SupportiveServices_DrivLicObtainRecordRemediation"
    },
    {
      "datatype": "string",
      "name": "col195",
      "validateData": false,
      "title": "SupportiveServices_ChildSupportArrears"
    },
    {
      "datatype": "string",
      "name": "col196",
      "validateData": false,
      "title": "SupportiveServices_DrugTesting"
    },
    {
      "datatype": "string",
      "name": "col197",
      "validateData": false,
      "title": "SupportiveServices_HealthInsurance"
    },
    {
      "datatype": "string",
      "name": "col198",
      "validateData": false,
      "title": "SupportiveServices_LegalAssistance"
    },
    {
      "datatype": "string",
      "name": "col199",
      "validateData": false,
      "title": "SupportiveServices_MentalHealth"
    },
    {
      "datatype": "string",
      "name": "col200",
      "validateData": false,
      "title": "SupportiveServices_Mentoring"
    },
    {
      "datatype": "string",
      "name": "col201",
      "validateData": false,
      "title": "SupportiveServices_WorkExpenses"
    },
    {
      "datatype": "string",
      "formatPattern": "<a href='%1$s'>%1$s<\/a>",
      "name": "col202",
      "validateData": false,
      "title": "SupportiveServices_Other"
    },
    {
      "datatype": "string",
      "name": "col203",
      "validateData": false,
      "title": "EmploymentScreening_CriminalHistory"
    },
    {
      "datatype": "string",
      "name": "col204",
      "validateData": false,
      "title": "EmploymentScreening_DrugScreening"
    },
    {
      "datatype": "string",
      "name": "col205",
      "validateData": false,
      "title": "EmploymentScreening_LegalStatus"
    },
    {
      "datatype": "string",
      "name": "col206",
      "validateData": false,
      "title": "EmploymentScreening_LiteracyLevel"
    },
    {
      "datatype": "string",
      "name": "col207",
      "validateData": false,
      "title": "EmploymentScreening_PhysicalAptitude"
    },
    {
      "datatype": "string",
      "name": "col208",
      "validateData": false,
      "title": "EmploymentScreening_ReferenceChecking"
    },
    {
      "datatype": "string",
      "name": "col209",
      "validateData": false,
      "title": "EmploymentScreening_ReliableTransportation"
    },
    {
      "datatype": "string",
      "name": "col210",
      "validateData": false,
      "title": "EmploymentScreening_StandardBackgroundCheck"
    },
    {
      "datatype": "string",
      "name": "col211",
      "validateData": false,
      "title": "EmploymentScreening_ValidDriversLicense"
    },
    {
      "datatype": "string",
      "formatPattern": "<a href='%1$s'>%1$s<\/a>",
      "name": "col212",
      "validateData": false,
      "title": "EmploymentScreening_Other"
    },
    {
      "datatype": "string",
      "name": "col213",
      "validateData": false,
      "title": "AdultBasicEducation_ComputerLiteracy"
    },
    {
      "datatype": "string",
      "name": "col214",
      "validateData": false,
      "title": "AdultBasicEducation_EnglishSecondLanguage"
    },
    {
      "datatype": "string",
      "name": "col215",
      "validateData": false,
      "title": "AdultBasicEducation_FinancialIiteracy"
    },
    {
      "datatype": "string",
      "name": "col216",
      "validateData": false,
      "title": "AdultBasicEducation_GEDPrepTesting"
    },
    {
      "datatype": "string",
      "name": "col217",
      "validateData": false,
      "title": "AdultBasicEducation_MathSkills"
    },
    {
      "datatype": "string",
      "name": "col218",
      "validateData": false,
      "title": "AdultBasicEducation_ReadingCompIiteracy"
    },
    {
      "datatype": "string",
      "formatPattern": "<a href='%1$s'>%1$s<\/a>",
      "name": "col219",
      "validateData": false,
      "title": "AdultBasicEducation_Other"
    },
    {
      "datatype": "string",
      "name": "col220",
      "validateData": false,
      "title": "SoftSkillsTraining_Adaptability"
    },
    {
      "datatype": "string",
      "name": "col221",
      "validateData": false,
      "title": "SoftSkillsTraining_Collaborating"
    },
    {
      "datatype": "string",
      "name": "col222",
      "validateData": false,
      "title": "SoftSkillsTraining_Communication"
    },
    {
      "datatype": "string",
      "name": "col223",
      "validateData": false,
      "title": "SoftSkillsTraining_ConflictManagement"
    },
    {
      "datatype": "string",
      "name": "col224",
      "validateData": false,
      "title": "SoftSkillsTraining_CustomerService"
    },
    {
      "datatype": "string",
      "name": "col225",
      "validateData": false,
      "title": "SoftSkillsTraining_DealingWithDiversity"
    },
    {
      "datatype": "string",
      "name": "col226",
      "validateData": false,
      "title": "SoftSkillsTraining_HowToDress"
    },
    {
      "datatype": "string",
      "name": "col227",
      "validateData": false,
      "title": "SoftSkillsTraining_InterpersonalSkills"
    },
    {
      "datatype": "string",
      "name": "col228",
      "validateData": false,
      "title": "SoftSkillsTraining_Leadership"
    },
    {
      "datatype": "string",
      "name": "col229",
      "validateData": false,
      "title": "SoftSkillsTraining_ManagingStress"
    },
    {
      "datatype": "string",
      "name": "col230",
      "validateData": false,
      "title": "SoftSkillsTraining_PersonalHygiene"
    },
    {
      "datatype": "string",
      "name": "col231",
      "validateData": false,
      "title": "SoftSkillsTraining_PlanningOrgSkills"
    },
    {
      "datatype": "string",
      "name": "col232",
      "validateData": false,
      "title": "SoftSkillsTraining_ProfessionalConduct"
    },
    {
      "datatype": "string",
      "name": "col233",
      "validateData": false,
      "title": "SoftSkillsTraining_SelfConfidence"
    },
    {
      "datatype": "string",
      "name": "col234",
      "validateData": false,
      "title": "SoftSkillsTraining_TimeManagement"
    },
    {
      "datatype": "string",
      "formatPattern": "<a href='%1$s'>%1$s<\/a>",
      "name": "col235",
      "validateData": false,
      "title": "SoftSkillsTraining_Other"
    },
    {
      "datatype": "string",
      "name": "col236",
      "validateData": false,
      "title": "SoftSkillsTraining_DietNutrition"
    },
    {
      "datatype": "string",
      "name": "col237",
      "validateData": false,
      "title": "JobSearchandPlacement_PrePlacementAssessment"
    },
    {
      "datatype": "string",
      "name": "col238",
      "validateData": false,
      "title": "JobSearchandPlacement_EmploymentReadiness"
    },
    {
      "datatype": "string",
      "name": "col239",
      "validateData": false,
      "title": "JobSearchandPlacement_CaseManagement"
    },
    {
      "datatype": "string",
      "name": "col240",
      "validateData": false,
      "title": "JobSearchandPlacement_ReferralsTraining"
    },
    {
      "datatype": "string",
      "name": "col241",
      "validateData": false,
      "title": "JobSearchandPlacement_ResumeDev"
    },
    {
      "datatype": "string",
      "name": "col242",
      "validateData": false,
      "title": "JobSearchandPlacement_CareerDev"
    },
    {
      "datatype": "string",
      "name": "col243",
      "validateData": false,
      "title": "JobSearchandPlacement_JobSearchCoaching"
    },
    {
      "datatype": "string",
      "name": "col244",
      "validateData": false,
      "title": "JobSearchandPlacement_JobClubsNetworks"
    },
    {
      "datatype": "string",
      "name": "col245",
      "validateData": false,
      "title": "JobSearchandPlacement_PlacingJobShadowingOpp"
    },
    {
      "datatype": "string",
      "name": "col246",
      "validateData": false,
      "title": "JobSearchandPlacement_PlacingAppCoopsIntern"
    },
    {
      "datatype": "string",
      "name": "col247",
      "validateData": false,
      "title": "JobSearchandPlacement_PlacingPrivateSector"
    },
    {
      "datatype": "string",
      "formatPattern": "<a href='%1$s'>%1$s<\/a>",
      "name": "col248",
      "validateData": false,
      "title": "JobSearchandPlacement_Other"
    },
    {
      "datatype": "string",
      "name": "col249",
      "validateData": false,
      "title": "PostEmploymentServices_CareerCounseling"
    },
    {
      "datatype": "string",
      "formatPattern": "<a href='%1$s'>%1$s<\/a>",
      "name": "col250",
      "validateData": false,
      "title": "PostEmploymentServices_ChildCareServices"
    },
    {
      "datatype": "string",
      "name": "col251",
      "validateData": false,
      "title": "PostEmploymentServices_FinPlanningEducation"
    },
    {
      "datatype": "string",
      "name": "col252",
      "validateData": false,
      "title": "PostEmploymentServices_HousingAssistance"
    },
    {
      "datatype": "string",
      "name": "col253",
      "validateData": false,
      "title": "PostEmploymentServices_JobPerfCoaching"
    },
    {
      "datatype": "string",
      "formatPattern": "<a href='%1$s'>%1$s<\/a>",
      "name": "col254",
      "validateData": false,
      "title": "PostEmploymentServices_Mentoring"
    },
    {
      "datatype": "string",
      "name": "col255",
      "validateData": false,
      "title": "PostEmploymentServices_Post-placement follow-up"
    },
    {
      "datatype": "string",
      "formatPattern": "<a href='%1$s'>%1$s<\/a>",
      "name": "col256",
      "validateData": false,
      "title": "Post employment services-Tax incentive education"
    },
    {
      "datatype": "string",
      "formatPattern": "<a href='%1$s'>%1$s<\/a>",
      "name": "col257",
      "validateData": false,
      "title": "Post employment services-Transitional health care"
    },
    {
      "datatype": "string",
      "name": "col258",
      "validateData": false,
      "title": "Post employment services-Transportation assistance"
    },
    {
      "datatype": "string",
      "formatPattern": "<a href='%1$s'>%1$s<\/a>",
      "name": "col259",
      "validateData": false,
      "title": "Post employment services-Other-TEXT"
    },
    {
      "datatype": "string",
      "name": "col260",
      "validateData": false,
      "title": "Language Services-no"
    },
    {
      "datatype": "string",
      "name": "col261",
      "validateData": false,
      "title": "Online workforce development training"
    },
    {
      "datatype": "string",
      "name": "col262",
      "validateData": false,
      "title": "Online workforce development training-TEXT"
    },
    {
      "datatype": "string",
      "name": "col263",
      "validateData": false,
      "title": "Services available at this location-Supportive services"
    },
    {
      "datatype": "string",
      "name": "col264",
      "validateData": false,
      "title": "Services available at this location-Employment screening"
    },
    {
      "datatype": "string",
      "name": "col265",
      "validateData": false,
      "title": "Services available at this location-Adult basic education"
    },
    {
      "datatype": "string",
      "name": "col266",
      "validateData": false,
      "title": "Services available at this location-Soft skills training"
    },
    {
      "datatype": "string",
      "name": "col267",
      "validateData": false,
      "title": "Services available at this location-Job search and placement"
    },
    {
      "datatype": "string",
      "name": "col268",
      "validateData": false,
      "title": "Services available at this location-Job training"
    },
    {
      "datatype": "string",
      "name": "col269",
      "validateData": false,
      "title": "Services available at this location-Post employment services"
    },
    {
      "datatype": "string",
      "name": "col270",
      "validateData": false,
      "title": "Services available at this location-None, this is just an administrative office"
    },
    {
      "datatype": "string",
      "name": "col271",
      "validateData": false,
      "title": "Services available at this location-Language services-other than English-TEXT"
    },
    {
      "datatype": "string",
      "formatPattern": "<a href='%1$s'>%1$s<\/a>",
      "name": "col272",
      "validateData": false,
      "title": "Services available at this location-Language services-Sign language"
    },
    {
      "datatype": "string",
      "name": "col273",
      "validateData": false,
      "title": "Services available at this location-Language services-English as a second language"
    },
    {
      "datatype": "string",
      "name": "col274",
      "validateData": false,
      "title": "Services available at this location-Services for adults"
    },
    {
      "datatype": "string",
      "name": "col275",
      "validateData": false,
      "title": "Services available at this location-Services for youth"
    },
    {
      "datatype": "string",
      "formatPattern": "<a href='%1$s'>%1$s<\/a>",
      "name": "col276",
      "validateData": false,
      "title": "Activities provided-Provide funding for workforce development providers"
    },
    {
      "datatype": "string",
      "formatPattern": "<a href='%1$s'>%1$s<\/a>",
      "name": "col277",
      "validateData": false,
      "title": "Activities provided-Provide funding for social service providers"
    },
    {
      "datatype": "string",
      "name": "col278",
      "validateData": false,
      "title": "Activities provided-Refer job seekers to workforce development providers"
    },
    {
      "datatype": "string",
      "formatPattern": "<a href='%1$s'>%1$s<\/a>",
      "name": "col279",
      "validateData": false,
      "title": "Activities provided-Refer employers to workforce development providers"
    },
    {
      "datatype": "string",
      "name": "col280",
      "validateData": false,
      "title": "Activities provided-Convene forums of local leaders on workforce development issues"
    },
    {
      "datatype": "string",
      "formatPattern": "<a href='%1$s'>%1$s<\/a>",
      "name": "col281",
      "validateData": false,
      "title": "Activities provided-Conduct research on workforce development issues"
    },
    {
      "datatype": "string",
      "formatPattern": "<a href='%1$s'>%1$s<\/a>",
      "name": "col282",
      "validateData": false,
      "title": "Activities provided-Advocate for policies related to workforce development issues"
    },
    {
      "datatype": "string",
      "formatPattern": "<a href='%1$s'>%1$s<\/a>",
      "name": "col283",
      "validateData": false,
      "title": "Activities provided-Other. Please describe.-TEXT"
    },
    {
      "datatype": "string",
      "name": "col284",
      "validateData": false,
      "title": "Intermediary industry sectors supported-Efforts are not focused on a particular industry"
    },
    {
      "datatype": "string",
      "formatPattern": "<a href='%1$s'>%1$s<\/a>",
      "name": "col285",
      "validateData": false,
      "title": "Intermediary industry sectors supported-Accommodation and food services"
    },
    {
      "datatype": "string",
      "formatPattern": "<a href='%1$s'>%1$s<\/a>",
      "name": "col286",
      "validateData": false,
      "title": "Intermediary industry sectors supported-Administrative and support and waste management and remediation services"
    },
    {
      "datatype": "string",
      "formatPattern": "<a href='%1$s'>%1$s<\/a>",
      "name": "col287",
      "validateData": false,
      "title": "Intermediary industry sectors supported-Agriculture, forestry, fishing and hunting"
    },
    {
      "datatype": "string",
      "formatPattern": "<a href='%1$s'>%1$s<\/a>",
      "name": "col288",
      "validateData": false,
      "title": "Intermediary industry sectors supported-Arts, entertainment and recreation"
    },
    {
      "datatype": "string",
      "formatPattern": "<a href='%1$s'>%1$s<\/a>",
      "name": "col289",
      "validateData": false,
      "title": "Intermediary industry sectors supported-Construction"
    },
    {
      "datatype": "string",
      "formatPattern": "<a href='%1$s'>%1$s<\/a>",
      "name": "col290",
      "validateData": false,
      "title": "Intermediary industry sectors supported-Educational services"
    },
    {
      "datatype": "string",
      "formatPattern": "<a href='%1$s'>%1$s<\/a>",
      "name": "col291",
      "validateData": false,
      "title": "Intermediary industry sectors supported-Finance and insurance"
    },
    {
      "datatype": "string",
      "formatPattern": "<a href='%1$s'>%1$s<\/a>",
      "name": "col292",
      "validateData": false,
      "title": "Intermediary industry sectors supported-Health care and social assistance"
    },
    {
      "datatype": "string",
      "formatPattern": "<a href='%1$s'>%1$s<\/a>",
      "name": "col293",
      "validateData": false,
      "title": "Intermediary industry sectors supported-Information technology"
    },
    {
      "datatype": "string",
      "formatPattern": "<a href='%1$s'>%1$s<\/a>",
      "name": "col294",
      "validateData": false,
      "title": "Intermediary industry sectors supported-Management of companies and enterprises"
    },
    {
      "datatype": "string",
      "formatPattern": "<a href='%1$s'>%1$s<\/a>",
      "name": "col295",
      "validateData": false,
      "title": "Intermediary industry sectors supported-Manufacturing"
    },
    {
      "datatype": "string",
      "formatPattern": "<a href='%1$s'>%1$s<\/a>",
      "name": "col296",
      "validateData": false,
      "title": "Intermediary industry sectors supported-Mining, quarrying, and oil and gas extraction"
    },
    {
      "datatype": "string",
      "formatPattern": "<a href='%1$s'>%1$s<\/a>",
      "name": "col297",
      "validateData": false,
      "title": "Intermediary industry sectors supported-Professional, scientific, and technical services"
    },
    {
      "datatype": "string",
      "formatPattern": "<a href='%1$s'>%1$s<\/a>",
      "name": "col298",
      "validateData": false,
      "title": "Intermediary industry sectors supported-Real estate and rental and leasing"
    },
    {
      "datatype": "string",
      "formatPattern": "<a href='%1$s'>%1$s<\/a>",
      "name": "col299",
      "validateData": false,
      "title": "Intermediary industry sectors supported-Retail trade"
    },
    {
      "datatype": "string",
      "formatPattern": "<a href='%1$s'>%1$s<\/a>",
      "name": "col300",
      "validateData": false,
      "title": "Intermediary industry sectors supported-Transportation and warehousing"
    },
    {
      "datatype": "string",
      "formatPattern": "<a href='%1$s'>%1$s<\/a>",
      "name": "col301",
      "validateData": false,
      "title": "Intermediary industry sectors supported-Utilities"
    },
    {
      "datatype": "string",
      "formatPattern": "<a href='%1$s'>%1$s<\/a>",
      "name": "col302",
      "validateData": false,
      "title": "Intermediary industry sectors supported-Wholesale trade"
    },
    {
      "datatype": "string",
      "formatPattern": "<a href='%1$s'>%1$s<\/a>",
      "name": "col303",
      "validateData": false,
      "title": "Intermediary industry sectors supported-Other. Please describe."
    },
    {
      "datatype": "string",
      "formatPattern": "<a href='%1$s'>%1$s<\/a>",
      "name": "col304",
      "validateData": false,
      "title": "Intermediary industry sectors supported-Other. Please describe.-TEXT"
    },
    {
      "datatype": "string",
      "name": "col305",
      "validateData": false,
      "title": "Areas_served_profile"
    },
    {
      "datatype": "string",
      "name": "col306",
      "validateData": false,
      "title": "Areas_served_profile2"
    },
    {
      "datatype": "string",
      "name": "col307",
      "validateData": false,
      "title": "Occupations_profile"
    },
    {
      "datatype": "string",
      "name": "col308",
      "validateData": false,
      "title": "AdultServices_provided_profile"
    },
    {
      "datatype": "string",
      "name": "col309",
      "validateData": false,
      "title": "Youthservices_provided_profile"
    },
    {
      "datatype": "string",
      "name": "col310",
      "validateData": false,
      "title": "Supportive_services_profile"
    },
    {
      "datatype": "string",
      "name": "col311",
      "validateData": false,
      "title": "Employment_screening_services_profile"
    },
    {
      "datatype": "string",
      "name": "col312",
      "validateData": false,
      "title": "AdultBasicEducation_services_profile"
    },
    {
      "datatype": "string",
      "name": "col313",
      "validateData": false,
      "title": "SoftSkillstraining_provided_profile"
    },
    {
      "datatype": "string",
      "name": "col314",
      "validateData": false,
      "title": "Jobsearch_placement_profile"
    },
    {
      "datatype": "string",
      "name": "col315",
      "validateData": false,
      "title": "Postemployemnt_services_profile"
    },
    {
      "datatype": "string",
      "name": "col316",
      "validateData": false,
      "title": "intermediary_industrysupported_profile"
    },
    {
      "datatype": "string",
      "name": "col317",
      "validateData": false,
      "title": "Icon"
    },
    {
      "datatype": "string",
      "name": "col318",
      "validateData": false,
      "title": "Icon"
    },
    {
      "datatype": "string",
      "name": "col319",
      "validateData": false,
      "title": "Year_Established"
    },
    {
      "datatype": "string",
      "name": "col320",
      "validateData": false,
      "title": "Org_Activities_Funding_WorkforceDevelopment"
    },
    {
      "datatype": "string",
      "name": "col321",
      "validateData": false,
      "title": "Org_Activities_Funding_SocialServices"
    },
    {
      "datatype": "string",
      "name": "col322",
      "validateData": false,
      "title": "Org_Activities__Referrals_JobSeekers"
    },
    {
      "datatype": "string",
      "name": "col323",
      "validateData": false,
      "title": "Org_Activities_Referrals_Employer"
    },
    {
      "datatype": "string",
      "name": "col324",
      "validateData": false,
      "title": "Org_Activities_Referrals_Employer"
    },
    {
      "datatype": "string",
      "name": "col325",
      "validateData": false,
      "title": "Org_Activities_Convene"
    },
    {
      "datatype": "string",
      "name": "col326",
      "validateData": false,
      "title": "Org_Activities_Research"
    },
    {
      "datatype": "string",
      "name": "col327",
      "validateData": false,
      "title": "Org_Activities_Advocacy"
    },
    {
      "datatype": "string",
      "name": "col328",
      "validateData": false,
      "title": "Org_Activities_Other"
    }
  ]}
}