{
  "licenseType": "Unknown",
  "dc:description": "Imported at Wed Nov 16 08:14:52 PST 2016 from Mapa Atur Octubre 2016 - Dades Base.",
  "exportable": true,
  "dc:title": "Mapa Atur Octubre 2016",
  "dc:modified": "2016-11-24T15:17:31Z",
  "dc:identifier": "1iz6SmezSOSj8wpRdAkKsMj81Y0pIdjk6TtjwxLRG",
  "tableSchema": {"columns": [
    {
      "datatype": "location",
      "name": "col0",
      "validateData": false,
      "title": "MUNICIPI"
    },
    {
      "datatype": "double",
      "name": "col1",
      "validateData": false,
      "title": "buscar codi"
    },
    {
      "datatype": "double",
      "name": "col2",
      "validateData": false,
      "title": "Codi MUN"
    },
    {
      "datatype": "double",
      "name": "col3",
      "validateData": false,
      "title": "Total Atur registrat"
    },
    {
      "datatype": "double",
      "name": "col4",
      "validateData": false,
      "title": "Variació intermensual"
    },
    {
      "datatype": "double",
      "name": "col5",
      "validateData": false,
      "title": "Variació intermensual (%)"
    },
    {
      "datatype": "double",
      "name": "col6",
      "validateData": false,
      "title": "Variació interanual"
    },
    {
      "datatype": "double",
      "name": "col7",
      "validateData": false,
      "title": "Variació interanual (%)"
    },
    {
      "datatype": "double",
      "name": "col8",
      "validateData": false,
      "title": "Taxa d'atur registrat"
    },
    {
      "datatype": "double",
      "name": "col9",
      "validateData": false,
      "title": "Homes"
    },
    {
      "datatype": "double",
      "name": "col10",
      "validateData": false,
      "title": "Dones"
    },
    {
      "datatype": "double",
      "name": "col11",
      "validateData": false,
      "title": "Població Activa"
    },
    {
      "datatype": "double",
      "name": "col12",
      "validateData": false,
      "title": "Mes anterior"
    },
    {
      "datatype": "double",
      "name": "col13",
      "validateData": false,
      "title": "any anterior"
    },
    {
      "datatype": "location",
      "name": "col14",
      "validateData": false,
      "title": "Geometry"
    }
  ]}
}