{
  "licenseType": "Unknown",
  "dc:description": "*BLÅLÄNKADE SJÖAR* \nÖravattnet\nÖsttjärn\nHolmsjön\nSörtjärnen\nMarmen\nStor-Järptjärn\nKomsta\nSnöbergs\nGottjärn",
  "exportable": true,
  "createdBy": "Robin Brinck",
  "dc:title": "Fiskekartan 1.01",
  "dc:modified": "2019-04-23T12:11:34Z",
  "dc:identifier": "1mFM-jhrrcJTPQjtuQ2HbxDxNeTv9C56BfnaG6lw7",
  "tableSchema": {"columns": [
    {
      "datatype": "string",
      "name": "col0",
      "validateData": false,
      "title": "fiskar"
    },
    {
      "datatype": "string",
      "name": "col1",
      "validateData": false,
      "title": "sjö"
    },
    {
      "datatype": "location",
      "name": "col2",
      "validateData": false,
      "title": "geometry"
    },
    {
      "datatype": "string",
      "name": "col3",
      "validateData": false,
      "title": "fiskekort"
    },
    {
      "datatype": "double",
      "name": "col4",
      "validateData": false,
      "title": "Antal fiskar"
    },
    {
      "datatype": "string",
      "name": "col5",
      "validateData": false,
      "title": "New Column"
    }
  ]}
}