{
  "licenseType": "Unknown",
  "exportable": true,
  "dc:title": "NA Trip Map",
  "dc:modified": "2019-09-03T03:33:13Z",
  "dc:identifier": "1h2vMAo6H1yO7eRDeXfdFP1uUnTDOL06MUeAtDUws",
  "tableSchema": {"columns": [
    {
      "datatype": "date",
      "name": "col0",
      "validateData": false,
      "title": "date"
    },
    {
      "datatype": "double",
      "name": "col1",
      "validateData": false,
      "title": "ovday"
    },
    {
      "datatype": "location",
      "name": "col2",
      "validateData": false,
      "title": "kml"
    },
    {
      "datatype": "string",
      "name": "col3",
      "validateData": false,
      "title": "nightloc"
    },
    {
      "datatype": "double",
      "name": "col4",
      "validateData": false,
      "title": "distance"
    },
    {
      "datatype": "string",
      "formatPattern": "<a href='%1$s'>%1$s<\/a>",
      "name": "col5",
      "validateData": false,
      "title": "blog"
    },
    {
      "datatype": "double",
      "name": "col6",
      "validateData": false,
      "title": "country"
    }
  ]}
}