{
  "licenseType": "Unknown",
  "exportable": true,
  "dc:title": "Quelles sont les régions les plus cinéphiles de France ?",
  "dc:modified": "2018-01-11T14:10:21Z",
  "dc:identifier": "18orrHyd-xo4y3N9r7RvYusD07duI4zcWOk0FUivp",
  "tableSchema": {"columns": [
    {
      "datatype": "location",
      "name": "col0",
      "validateData": false,
      "title": "Région"
    },
    {
      "datatype": "double",
      "name": "col1",
      "validateData": false,
      "title": "Indice de fréquentation"
    },
    {
      "datatype": "double",
      "name": "col2",
      "validateData": false,
      "title": "Classement"
    },
    {
      "datatype": "location",
      "name": "col3",
      "validateData": false,
      "title": "name"
    },
    {
      "datatype": "string",
      "name": "col4",
      "validateData": false,
      "title": "description"
    },
    {
      "datatype": "location",
      "name": "col5",
      "validateData": false,
      "title": "geometry"
    },
    {
      "datatype": "string",
      "name": "col6",
      "validateData": false,
      "title": "INSEE"
    }
  ]}
}