{
  "licenseType": "Unknown",
  "dc:description": "Imported at Wed May 16 14:35:05 PDT 2018 from Sheet1.",
  "exportable": true,
  "dc:title": "Fort Collins Home Sales 2017",
  "dc:modified": "2018-05-29T17:25:11Z",
  "dc:identifier": "17B_KsPGRpXDXwN9ScN7nMNLghFgBUu33-xNNuRc2",
  "tableSchema": {"columns": [
    {
      "datatype": "location",
      "name": "col0",
      "validateData": false,
      "title": "FULL ADDRESS"
    },
    {
      "datatype": "double",
      "name": "col1",
      "validateData": false,
      "title": "PRICE"
    },
    {
      "datatype": "double",
      "name": "col2",
      "validateData": false,
      "title": "YRBLT"
    },
    {
      "datatype": "string",
      "name": "col3",
      "validateData": false,
      "title": "DESCRIPTION"
    },
    {
      "datatype": "double",
      "name": "col4",
      "validateData": false,
      "title": "BEDROOMS"
    },
    {
      "datatype": "double",
      "name": "col5",
      "validateData": false,
      "title": "BATHS"
    },
    {
      "datatype": "double",
      "name": "col6",
      "validateData": false,
      "title": "SF"
    },
    {
      "datatype": "double",
      "name": "col7",
      "validateData": false,
      "title": "ACRES"
    }
  ]}
}