{
  "licenseType": "Unknown",
  "dc:description": "Dit is een experiment met Google Fusion Tables",
  "exportable": true,
  "dc:title": "Bloggers op de kaart",
  "attribution": "Trendmatcher",
  "attributionLink": "http://www.trendmatcher.nl",
  "dc:modified": "2014-02-10T14:38:48Z",
  "dc:identifier": "1PFU85bSdw-ptncwQyS1IdkxP0A2xCbbOJMad5ZM",
  "tableSchema": {"columns": [
    {
      "datatype": "date",
      "name": "col0",
      "validateData": false,
      "title": "Tijdstempel"
    },
    {
      "datatype": "string",
      "name": "col1",
      "validateData": false,
      "title": "Naam"
    },
    {
      "datatype": "location",
      "name": "col2",
      "validateData": false,
      "title": "Adres"
    },
    {
      "datatype": "string",
      "name": "col3",
      "validateData": false,
      "title": "Naam weblog"
    },
    {
      "datatype": "string",
      "formatPattern": "<a href='%1$s'>%1$s<\/a>",
      "name": "col4",
      "validateData": false,
      "title": "URL weblog"
    },
    {
      "datatype": "string",
      "formatPattern": "<img src='%s' height='60'/>",
      "name": "col5",
      "validateData": false,
      "title": "URL Foto"
    },
    {
      "datatype": "string",
      "name": "col6",
      "validateData": false,
      "title": "Twitternaam"
    },
    {
      "datatype": "string",
      "name": "col7",
      "validateData": false,
      "title": "Icoon"
    }
  ]}
}