Tijdstempel,Naam,Adres,Naam weblog,URL weblog,URL Foto,Twitternaam,Icoon
09/02/2014 16:11:31,Willem Karssenberg,Nolsstraat 8 Emmen Nederland,Trendmatcher tussen ICT en Onderwijs,http://www.trendmatcher.nl,https://pbs.twimg.com/profile_images/378800000559136406/41aed42d39376b72740c764b9457f24d.png,trendmatcher,r
09/02/2014 16:12:57,Karin Winters,Drecht 12 de Meern Nederland,Karin blogt,http://www.karinblogt.nl/,https://pbs.twimg.com/profile_images/378800000566195145/144990679cf33da828c1d43f057044f6.jpeg,karinwinters,woman
09/02/2014 16:16:16,Wilfred Rubens,Tolhuis Nijmegen Nederland,Technology Enhanced Learning,http://www.te-learning.nl/blog/,https://pbs.twimg.com/profile_images/3777418935/654b89f918d7fefe39200cff507249c3.jpeg,wrubens,man
09/02/2014 16:17:31,Herman van Schie,Sneek Nederland,ICT-Idee,http://ict-idee.blogspot.nl/,https://pbs.twimg.com/profile_images/422009028495949824/_sSK8ehp.png,hvanschie,info
9-2-2014 16:19:28,Ashwin Brouwer,Friesland Nederland,Social media in het mbo,https://www.facebook.com/socialmediainhetmbo,https://pbs.twimg.com/profile_images/378800000572658336/f460f252e655ced782ff18081eee9e05.jpeg,ashwinbrouwer,a_blue
9-2-2014 16:21:29,Hans Steeman,Nijmegen Nederland,Onderwijs en ICT in die volgorde Ja!,http://opwegnaarcgo.blogspot.nl/,https://pbs.twimg.com/profile_images/3648878358/fb91cf10713f1dd35fdc015b62c6656a.png,Hanzie54,h_blue
09/02/2014 16:22:58,Tineke Bröcheler,Limburg Nederland,Tineke Bröcheler,http://brocheler.blogspot.nl/,https://pbs.twimg.com/profile_images/378800000293908496/2f5389e1338cd6a46dfe5a35a89bf6c4.jpeg,brocheler,t_blue
9-2-2014 16:26:36,Eric Redegeld,Tarantellastraat 39  1326 LX Almere  Nederland,Redegeld ICT van AtotZ,http://redegeld-e.nl/blogs.php?lng=nl,https://pbs.twimg.com/profile_images/378800000797066390/8422a5dac2394859def5834886fc56f4.jpeg,RedegeldE,e_blue
09/02/2014 16:28:10,Pierre Gorissen,Deurne Nederland,ICT&Onderwijs blog,http://ictoblog.nl/,https://pbs.twimg.com/profile_images/426302575785148416/9Y68L3ej.png,petermcallister,rec_parking_lot
10/02/2014 0:00:00,Pedro De Bruyckere,"Gent, België","X, Y of Einstein?",http://xyofeinstein.be/,https://pbs.twimg.com/profile_images/2701847838/747956e83aa615ff2ecdf94ceb313d2d.png,thebandb,p_blue
