{
  "licenseType": "Unknown",
  "dc:description": "Copied at Mon Nov 27 08:47:27 PST 2017 from https://fusiontables.google.com/DataSource?docid=1rg_pmHKKY8Vthf6XhujmvzwaSI8gTwahXf7kfb2x. Copied at Tue Aug 29 04:40:22 PDT 2017 from https://fusiontables.google.com/DataSource?docid=1Q4ydCOQ2iUKU3G3AZgIor8m78JYl62UhGlXfFbbT. Investments made via our Growth Fund partners, up to March 2017.",
  "exportable": true,
  "dc:title": "Growth Fund investees map data up to September 17",
  "attribution": "Access Foundation",
  "attributionLink": "https://access-socialinvestment.org.uk/growth-fund/",
  "dc:modified": "2017-11-28T10:44:24Z",
  "dc:identifier": "1mO3dK1wGJoiVXsNP9mQruL-Gt3aaCyhVQgXfo8LT",
  "tableSchema": {"columns": [
    {
      "datatype": "string",
      "name": "col0",
      "validateData": false,
      "title": "Investor"
    },
    {
      "datatype": "string",
      "name": "col1",
      "validateData": false,
      "title": "VCSE"
    },
    {
      "datatype": "location",
      "name": "col2",
      "validateData": false,
      "title": "Address"
    },
    {
      "datatype": "string",
      "name": "col3",
      "validateData": false,
      "title": "Stage"
    },
    {
      "datatype": "string",
      "name": "col4",
      "validateData": false,
      "title": "Outcome"
    },
    {
      "datatype": "double",
      "formatPattern": "#,##0.#####",
      "name": "col5",
      "validateData": false,
      "title": "Total"
    },
    {
      "datatype": "double",
      "name": "col6",
      "validateData": false,
      "title": "Inv Code"
    }
  ]}
}