{
  "licenseType": "Unknown",
  "exportable": true,
  "dc:title": "Lokale naturprojekter støttet af Den Danske Naturfond i 2018",
  "dc:modified": "2018-07-02T07:39:40Z",
  "dc:identifier": "1hyZB5VxmolIQNUiBESb7GfiQOnq4midiGs1TF5i0",
  "tableSchema": {"columns": [
    {
      "datatype": "string",
      "name": "col0",
      "validateData": false,
      "title": "Projekt"
    },
    {
      "datatype": "double",
      "name": "col1",
      "validateData": false,
      "title": "Number"
    },
    {
      "datatype": "location",
      "name": "col2",
      "validateData": false,
      "title": "Beliggenhed"
    },
    {
      "datatype": "date",
      "name": "col3",
      "validateData": false,
      "title": "Date"
    },
    {
      "datatype": "string",
      "formatPattern": "<a href='%1$s'>%1$s<\/a>",
      "name": "col4",
      "validateData": false,
      "title": "Link til projektside"
    }
  ]}
}