Projekt,Beliggenhed,Link til projektside
Naturpleje af Nørremile,"57.124080, 9.240880",https://ddnf.dk/project/naturpleje-af-noerremile/
Biodiversitetssøer i Biosfære Møn,"54.943429, 12.148536",https://bit.ly/2KDVC65
Genopretning af Kragelund Mose,"55.557113, 9.168345",https://ddnf.dk/project/genopretning-af-kragelund-mose/
Rigkær og enge ved Drost Peders Høj,"56.460146, 9.159897",https://bit.ly/2KBOpGI
Indsats for Ensianblåfugl ved Vestergaard i Nationalpark Thy,"Tyskebakken 5, 7700 Thisted",https://bit.ly/2z3QlmM
Genopretning af overdrev med skarlagen vokshat ved Mø,"56.503915, 8.554345",https://ddnf.dk/project/genopretning-af-overdrev-med-skarlagen-vokshat-ved-moe/
Nyt overdrev ved Asbøl,"Lejrskov Kirkevej 13, 6640 Lunderskov",https://ddnf.dk/project/nyt-overdrev-ved-asboel/
Natur og biodiversitet omkring Skellerup - Linådalen,"Skellerupvej 57, 8600 Silkeborg",https://ddnf.dk/project/natur-og-biodiversitet-omkring-skellerup-linaadalen/
Overdrev ved Præsteskoven,"57.582502, 10.177773",https://ddnf.dk/project/overdrev-ved-praesteskoven/
Genopretning af kystnatur ved Voersaa,"57.204192, 10.494961",https://bit.ly/2IIYs83
Hestkjær - et bynært græsningsprojekt,"56.973150, 8.672031",https://bit.ly/2MI7m8i
Levesteder for grøn pragttorbist,"Allindelille Fredskov, Ringsted",https://ddnf.dk/project/levesteder-for-groen-pragttorbist/ 
Orø naturprojekt,"55.805930, 11.826846",https://ddnf.dk/project/oroe-naturprojekt/
