Resource,Authors,Topic,Dates,Latitude,Longitude,Read online:,Comments
The Elephantine Papyri in English : Three Millennia of Cross-Cultural Continuity and Change,"Bezalel Porten, with J.J. Farber, C.J. Martin, G. Vittman et al.",Papyrology; Jewish history,1996,24.083333,32.883333,http://hdl.handle.net/2333.1/q573n7pr,
Siut - Theben : Zur Wertschätzung von Traditionen im alten Ägypten,Jochem Kahl,Egyptology,1999,25.687249,32.639631,http://hdl.handle.net/2333.1/2rbnzv07,
Essays on Ancient Egypt in Honour of Herman te Velde,J. van Dijk,Egyptology,1997,29.85,31.250,http://hdl.handle.net/2333.1/b5mkkzb1,Generic location for Ancient Egypt - Memphis.
La reine Hatchepsout : Sources et problèmes,S. Ratié,Egyptology,1979,25.740164,32.601411,http://hdl.handle.net/2333.1/rxwdbtpg,
Ancient Egyptian Literature : History and Forms,Edited by Antonio Loprieno,Egyptology,1996,29.84,31.254,http://hdl.handle.net/2333.1/gmsbcdvw,Generic location for ancient Egypt: Memphis
Egyptian Non-Royal Epithets in the Middle Kingdom : A Social and Historical Analysis,Denise M. Doxey,Egyptology,1998,25.720556,32.610278,http://hdl.handle.net/2333.1/mcvdnfc7,
Textcorpus und Wörterbuch : Aspekte zur ägyptischen Lexikographie,Herausgegeben von Stefan Grunert und Ingelore Hafemann,Egyptology,1999,29.844,31.25,http://hdl.handle.net/2333.1/3ffbg94z,
"The Monuments of Seti I : Epigraphic, Historical and Art Historical Analysis",Peter J. Brand,Egyptology,2000,26.1845358,31.9183799,http://hdl.handle.net/2333.1/69p8d11h,
Die Göttin Mr. T. Entstehung und Verehrung einer Personifikation,W. Guglielmi,Egyptology,1991,25.728044,32.601425,http://hdl.handle.net/2333.1/0gb5mnb4,
Pan du désert,A. Bernand,Greek history ; Egyptology,1977,27.216666666666665,33.266666666666666,http://hdl.handle.net/2333.1/hdr7ssp4,"Texts from Gebu Dokhan, Wadi Bir el-Ain (near Panopolis) and other locations in the Eastern Desert."
The Amarna Scholarly Tablets,S. Izre'el,Assyriology,1997,27.661667,30.905556,http://hdl.handle.net/2333.1/66t1g3cx,
All those Nations : Cultural Encounters within and with the Near East,"Edited by H.L.J. Vanstiphout with the assistance of W.J. van Bekkum, G.J. van Gelder and G. J. Reinink",Assyriology,1999,34.994004,43.022461,http://hdl.handle.net/2333.1/79cnp78f,
Die Liebe in der altorientalischen Dichtung,Brigitte Musche,Assyriology,1999,33.28462,44.165039,http://hdl.handle.net/2333.1/98sf7nsq,
Origins : The Ancient Near Eastern Background of Some Modern Western Institutions,William W. Hallo,Assyriology,1996,36.102376,43.374023,http://hdl.handle.net/2333.1/573n5w3j,
"The Forty Martyrs of the Sinai Desert, Eulogios the Stone Cutter, and Anastasia, vol. 3",C. Müller-Kessler and M. Sokoloff,History of Christianity ; Syriac language,1996,29.5,34,http://hdl.handle.net/2333.1/xpnvx2g5,
"Le régime administratif de l'eau du Nil dans l'Égypte grecque, romaine et byzantine",Danielle Bonneau,Roman history ; Egyptology,1993,30.09306,31.230998,http://hdl.handle.net/2333.1/z08kptmw,
The Harappan Civilization and its Writing : A Model for the Decipherment of the Indus Script,"Walter A. Fairservis, Jr.",Bronze age ; Indus civilization,1992,30.63116,72.868252,http://hdl.handle.net/2333.1/d2547g3f,
"Ancient Synagogues: Historical Analysis and Archaeological Discovery, v.1",Edited by Dan Urman and Paul V.M. Flesher,Jewish history ; Palestinian history,1995,31.847687,35.453549,http://hdl.handle.net/2333.1/hmgqnn48,
"Ancient Synagogues: Historical Analysis and Archaeological Discovery, v.2",Edited by Dan Urman and Paul V.M. Flesher,Jewish history ; Palestinian history,1995,32.964648,35.495997,http://hdl.handle.net/2333.1/cvdncmmx,
Das Bundesbuch : ein Kommentar,Cornelis Houtman,Jewish history,1997,31.03,34.8555,http://hdl.handle.net/2333.1/kprr50bj,
"Domination and Resistance : Egyptian Military Activity in the Southern Levant, ca. 1300-1185 B.C.",Michael G. Hasel,Egyptology,1998,31.213126,34.966601,http://hdl.handle.net/2333.1/6hdr7vhh,
Early History of the Israelite People: from the written and archaeological sources,Thomas L. Thompson,Jewish history,1992,31.77309,35.206461,http://hdl.handle.net/2333.1/dv41ntvz,
Early History of the Israelite People: from the written and archaeological sources,Thomas L. Thompson,Jewish history,2000,31.771193,35.207877,http://hdl.handle.net/2333.1/5hqbzn8f,
Egyptianization and Elite Emulation in Ramesside Palestine : Governance and Accommodation on the Imperial Periphery,Carolyn R. Higginbotham,Egyptology ; Jewish history,2000,31.672522,34.552002,http://hdl.handle.net/2333.1/0p2nggs2,
Guardians of the Gate : Angelic Vice Regency in Late Antiquity,Nathaniel Deutsch,Jewish history,1999,31.774878,35.213242,http://hdl.handle.net/2333.1/0zpc880j,
History and Historical Writing in Ancient Israel : Studies in Biblical Historiography,Tomoo Ishida,Jewish history ; Palestinian history,1999,32.844172,35.423166,http://hdl.handle.net/2333.1/t1g1jzpv,
"Judaea and Mediterranean Politics, 219 to 161 B.C.E.",Dov Gera,Jewish history ; Roman history,1998,32.51908,34.903092,http://hdl.handle.net/2333.1/w6m907nf,
Magic and Divination in Ancient Palestine and Syria,Ann Jeffers,Assyriology ; Jewish history,1996,31.161109,34.51355,http://hdl.handle.net/2333.1/59zw3svk,
Palestinian Bichrome Ware,Claire Epstein,Palestinian history ; Material culture,1966,31.281683,34.482096,http://hdl.handle.net/2333.1/np5hqdth,
Royal Administration and National Religion in Ancient Palestine,G.W. Ahlström,Jewish history ; Palestinian history,1982,31.774148,35.228863,http://hdl.handle.net/2333.1/p5hqc1fq,
Studies in Exegesis : Christian Critiques of Jewish Law and Rabbinic Responses 70-300 CE,Herbert W. Basser,Jewish history ; History of Christianity,2000,31.767544,35.204337,http://hdl.handle.net/2333.1/4mw6mbrc,
Studies on the Hasmonean Period,J. Efron,Jewish history ; Palestinian history,1987,31.778526,35.223885,http://hdl.handle.net/2333.1/vq83bn06,
The Age of Solomon : Scholarship at the Turn of the Millennium,Edited by Lowell K. Handy,Jewish history ; Palestinian history,1997,29.547775,34.980812,http://hdl.handle.net/2333.1/xsj3v06b,
The Christian Palestinian Aramaic New Testament Version from the Early Period: Acts of the Apostles and Epistles,C. Müller-Kessler and M. Sokoloff,History of Christianity ; Aramaic language,1997,32.88033,35.573307,http://hdl.handle.net/2333.1/c2fqz7tt,
The Christian Palestinian Aramaic New Testament Version from the Early Period: Gospels,C. Müller-Kessler and M. Sokoloff,History of Christianity ; Aramaic language,1998,32.874397,35.556908,http://hdl.handle.net/2333.1/gtht78b8,
"The Christian Palestinian Aramaic Old Testament and Apocrypha Version from the Early Period, v.1",C. Müller-Kessler and M. Sokoloff,History of Christianity ; Jewish history ; Aramaic language,1998,32.869207,35.541458,http://hdl.handle.net/2333.1/rfj6q73x,
The Eschatology of the Book of Jubilees,G.L. Davenport,Jewish history,1971,31.741248,35.459148,http://hdl.handle.net/2333.1/ncjsxnpn,
The Philistines in Transition : A History from ca. 1000 - 730 B.C.E.,Carl S. Ehrlich,Palestinian history,1996,31.804381,34.655314,http://hdl.handle.net/2333.1/pg4f4skd,
Tradition and Re-Interpretation in Jewish and Early Christian Literature : Essays in Honour of Jürgen C.H. Lebram,"J.W. van Henten, H.J. de Jonge, P.T. van Rooden and J.W. Wesselius",Jewish history ; History of Christianity,1986,31.77962,35.207834,http://hdl.handle.net/2333.1/s7h44kvm,
Briefe aus dem Archive des Šamaś-Hāzir in Paris und Oxford (TCL 7 und OECT 3),Edited by F.R. Kraus,Assyriology,1968,31.2858,45.8536,http://hdl.handle.net/2333.1/0rxwddh2,
Gudea's Temple Building : The Representation of an Early Mesopotamian Ruler in Text and Image,C.E. Suter,Assyriology,2000,31.411389,46.407222,http://hdl.handle.net/2333.1/v15dv5xz,
"The Catechism of Cyril of Jerusalem in the Christian Palestinian Aramaic Version, v.5","Cyril, Saint, Bishop of Jerusalem, ca. 315-386. / C. Müller-Kessler and M. Sokoloff",History of Christianity ; Aramaic language,1999,31.768319,35.21371,http://hdl.handle.net/2333.1/mpg4f6jb,
"Der Tempel von Jerusalem von Salomo bis Herodes : Eine archäologisch-historische Studie unter Berücksichtigung des westsemitischen Tempelbaus, I. Der Tempel Salomons.",T.A. Busink,Jewish history ; Palestinian history,1970,31.777493,35.235799,http://hdl.handle.net/2333.1/2jm640h5,
Ancient Ammon,Edited by Burton MacDonald and Randall W. Younker,Jewish history ; Palestinian history,1999,31.956578,35.945695,http://hdl.handle.net/2333.1/jm63xvdj,
"The Balaam Text from Deir 'Alla Re-Evaluated : Proceedings of the Symposium held at Leiden, 21-24 August 1989",Edited by J. Hoftijzer and G. van der Kooij,Assyriology,1991,32.196667,35.621111,http://hdl.handle.net/2333.1/hqbzkjv4,
A Samaritan Philosophy : A Study of the Hellenistic Cultural Ethos of the Memar Marqah,A. Broadie,Jewish history ; Palestinian history,1981,32.422877,35.26652,http://hdl.handle.net/2333.1/x0k6dmcz,
The Fall of Samaria : An Historical and Archaeological Study,Bob Becking,Jewish history ; Palestinian history,1992,32.38642,35.26652,http://hdl.handle.net/2333.1/pc866vxt,
"Selected Papers. 2. : (Hommages et Opera minora, 6)",W.B. Henning,Iranian history,1977,34.8,48.516666666666666,http://hdl.handle.net/2333.1/crjdfpx3,"Ecbatana (modern Hamadan), capital of the Parthian and Median Empires and a major city at other points in Iranian history."
"Abū Sa‘īd-i Abū l-Hayr (357-440/967-1049) : Wirklichkeit und Legende. (Textes et Mémoires, 4).",F. Meier,Iranian history,1976,36.21333333333334,58.795833333333334,http://hdl.handle.net/2333.1/hx3ffd84,"Neyshabur, birthplace of Abu Sa'id-i Abu l-Hayr."
"Varia 1977 : (Textes et mémoires, 7)",,Iranian history,1977,32.4,53.6,http://hdl.handle.net/2333.1/d51c5crt,Generic location for Iran.
"Études mithriaques : Actes du 2e Congrès International, Téhéran, du 1er au 8 septembre 1975. (Actes du Congrès, 4)",,Iranian history; Roman history,1978,34.81,48.55,http://hdl.handle.net/2333.1/905qfwnx,"Ecbatana (modern Hamadan), capital of the Parthian Empire. But the Persian origins of Mithraism are disputed; it may have originated in the Danube region instead."
"Die sassanidischen Staatsinschriften : Studien zur Orthographie und Phonologie des Mittelpersischen der Inschriften zusammen mit einem etymologischen Index des mittelpersischen Wortgutes und einem Textcorpus der behandelten Inschriften. (Textes et mémoires, 8)",M. Back,Iranian history,1978,33.093,44.580555555555556,http://hdl.handle.net/2333.1/8cz8wc7g,"Ctesiphon (in modern Iraq), capital of the Sasanian Empire."
Seleucid Archival Texts in the Harvard Semitic Museum,R. Wallenfels,Iranian history,1998,33.09444444444445,44.522222,http://hdl.handle.net/2333.1/7d7wm51r,"Seleucia (in modern Iraq), capital of the Seleucid Empire."
"A History of the Jews in Babylonia, Part 2. The Early Sasanian Period",J. Neusner,Jewish history ; Assyriology,1966,32.468,44.5501,http://hdl.handle.net/2333.1/bvq83dc0,
"A History of the Jews in Babylonia, Part 4. The Age of Shapur II",J. Neusner,Jewish history ; Assyriology,1969,32.46811,44.55019,http://hdl.handle.net/2333.1/wwpzgpp0,
"A History of the Jews in Babylonia, Part 5. Later Sasanian Times",J. Neusner,Jewish history ; Assyriology,1970,32.468111,44.55019,http://hdl.handle.net/2333.1/s4mw6p64,
Babylonian Planetary Omens: Part Three,E. Reiner and D.E. Pingree,Assyriology,1975,32.4682,44.550193,http://hdl.handle.net/2333.1/3j9kd6r3,
Birth in Babylonia and the Bible : Its Mediterranean setting,M. Stol,Assyriology,2000,32.4683,44.550193,http://hdl.handle.net/2333.1/zs7h46d5,
Das Egibi Archiv I v.1,C. Wunsch,Assyriology,2000,32.4684,44.550193,http://hdl.handle.net/2333.1/q83bk5f2,
Das Egibi Archiv I v.2,C. Wunsch,Assyriology,2000,32.4685,44.550193,http://hdl.handle.net/2333.1/kkwh72mg,
Die Urkunden des babylonischen Geschäftsmannes Iddin-Marduk v.1 : Zum Handel mit Naturalien im 6. Jahrhundert v. Chr,C. Wunsch,Assyriology,1993,32.4686,44.550193,http://hdl.handle.net/2333.1/kd51c75m,
Die Urkunden des babylonischen Geschäftsmannes Iddin-Marduk v.2 : Zum Handel mit Naturalien im 6. Jahrhundert v. Chr,C. Wunsch,Assyriology,1993,32.4687,44.550193,http://hdl.handle.net/2333.1/fn2z36n5,
Epilepsy in Babylonia,M. Stol,Assyriology,1993,32.54,44.42498,http://hdl.handle.net/2333.1/r4xgxfxm,
Königliche Verfügungen in altbabylonischer Zeit,F.R. Kraus,Assyriology,1984,32.468111,44.550193,http://hdl.handle.net/2333.1/80gb5pd0,
"Letters in the British Museum : Transliterated and Translated, Part 2",Edited by W.H. van Soldt,Assyriology,1994,32.4681922,44.550193,http://hdl.handle.net/2333.1/4j0zpf1g,
Lob der Ištar : Gebet und Ritual an die altbabylonische Venusgöttin,B. Groneberg,Assyriology,1997,32.4681933,44.550193,http://hdl.handle.net/2333.1/qfttf0vp,
Caesarea Maritima : A Retrospective after Two Millennia,Edited by Avner Raban and Kenneth G. Holum,Roman history,1996,32.519016,34.904544,http://hdl.handle.net/2333.1/n5tb2t5c,
Gilgamesh and Akka,D. Katz,Assyriology,1993,32.540278,44.604722,http://hdl.handle.net/2333.1/b2rbp1jn,
The Laws of Eshnunna,R. Yaron,Assyriology,1988,33.75,44.75,http://hdl.handle.net/2333.1/ngf1vkbb,
"Letters from Collections in Philadelphia, Chicago and Berkeley",Edited by M. Stol,Assyriology,1986,33.751,43.912356,http://hdl.handle.net/2333.1/8931zfkz,
Letters from Yale : Transliterated and Translated,Edited by M. Stol,Assyriology,1981,32.47,44.41,http://hdl.handle.net/2333.1/mgqnkc5s,
Aspects of Old Assyrian Trade and its Terminology,K.R. Veenhof,Assyriology,1972,33.753,43.912355,http://hdl.handle.net/2333.1/t76hdt3r,
Briefe aus dem British Museum (CT 52),Edited by F.R. Kraus,Assyriology,1977,33.754,43.912355,http://hdl.handle.net/2333.1/r7sqvcnp,
The Construction of the Assyrian Empire : A Historical Study of the Inscriptions of Shalmaneser III (859-824 B.C.) Relating to His Campaigns to the West,Shigeo Yamada,Assyriology,2000,36.553,43.19,http://hdl.handle.net/2333.1/83bk3m3t,
A Cow of Sîn,N. Veldhuis,"Assyriology ; Literature, Ancient",1991,36.2134,43.091,http://hdl.handle.net/2333.1/sf7m0fb0,
L'agronomie de la Mésopotamie antique : Analyse du «Livre de l'agriculture nabatéenne» de Qûtâmä,Mohammed El Faïz,Assyriology,1995,31.285,45.8536,http://hdl.handle.net/2333.1/47d7wnv8,
"Mesopotamian Poetic Language: Sumerian and Akkadian : Proceedings of the Groningen Group for the Study of Mesopotamian Literature, Volume 2",Edited by H.L.J. Vanstiphout and M.E. Vogelzang,"Assyriology ; Literature, Ancient",1996,30.817254,45.996022,http://hdl.handle.net/2333.1/jdfn30xc,
Zahl und Zeit : Grammatik der Numeralia und des Verbalsystems im Spätbablonischen,M.P. Streck,Assyriology,1995,32.3211,44.2515,http://hdl.handle.net/2333.1/v6wwq1c1,
Mesopotamian Planetary Astronomy-Astrology,D. Brown,Assyriology,2000,32.555,44.660806,http://hdl.handle.net/2333.1/sxksn1zt,
"""Wenn Du mein Bruder bist,…"" : Interaktion und Textgestaltung in atlbabylonischen Alltagsbriefen",W. Sallaberger,Assyriology,1999,32.3211,44.2515,http://hdl.handle.net/2333.1/000001rh,
Eine Festschrift für Rykle Borger zu seinem 65. Geburtstag am 24. Mai 1994 : Tikip Santakki Mala Bašmu,S.M. Maul,Assyriology,1998,35.2724,43.1545,http://hdl.handle.net/2333.1/9w0vt654,
Mesopotamian Protective Spirits : the ritual texts,F.A.M. Wiggerman,Assyriology,1992,32.16,45.05,http://hdl.handle.net/2333.1/zpc868st,
"Mesopotamian Magic: Textual, Historical and Interpretative Perspectives",T. Abusch and K. van der Toorn,Assyriology,1996,36.369328,43.097305,http://hdl.handle.net/2333.1/vx0k6gf4,
Mari and the Bible,Abraham Malamat,Assyriology ; Jewish history,1998,34.549444,40.89,http://hdl.handle.net/2333.1/dncjt0d3,
Ancient Building in Cyprus : Part 2: Illustrations,G.R.H. Wright,Cypriot history,1992,35.1264,33.429859,http://hdl.handle.net/2333.1/wpzgmv6t,
Ancient Building in Cyprus : Part 1: Text,G.R.H. Wright,Cypriot history,1992,35.1263,33.429857,http://hdl.handle.net/2333.1/1g1jwvjt,
Cuneiform Inscriptions in the Collection of the Bible Lands Museum Jerusalem : The Emar Tablets,J.G. Westenholz,Assyriology,2000,36.066,38.016,http://hdl.handle.net/2333.1/4b8gtkmk,
Gilgameš et La Mort : Textes de Tell Haddad VI,A. Cavigneaux and F.N.H. Al-Rawi,"Assyriology ; Literature, Ancient",2000,36.838333,41.762778,http://hdl.handle.net/2333.1/73n5tcws,
"Carthage et les Grecs, c. 580-480 av. J.-C. : Textes et histoire",Véronique Krings,Greek history,1998,36.858056,10.330833,http://hdl.handle.net/2333.1/jq2bvs24,
"Die ḫattisch-hethitischen Bilinguen, I. Einleitung, Texte und Kommentar, Teil 1",Hans-Siegfried Schuster,Hittitology,1974,40.0197,34.62,http://hdl.handle.net/2333.1/fttdz236,
Ersetzen und Entsühnen : Das Mittelhethitische Ersatzritual für den Großkönig Tuth̬alija (CTH *448.4) und verwandte Texte,Piotr Taracha,Hittitology,2000,40.018,34.625,http://hdl.handle.net/2333.1/c59zw5hn,
"Principles of the Relation between Local Adverb, Verb and Sentence Particle in Hittite",F.A. Tjerkstra,Hittitology,1999,40.01,34.628,http://hdl.handle.net/2333.1/3r228292,
The Domestication of Metals : The Rise of Complex Metal Industries in Anatolia,K. Aslıhan Yener,Hittitology ; Bronze age ; Material culture,2000,39.1325,41.583333333333336,http://hdl.handle.net/2333.1/gxd25616,
The Laws of the Hittites : A Critical Edition,"Harry Angier Hoffner, Jr.",Hittitology,1997,40.01975,34.615278,http://hdl.handle.net/2333.1/tx95x879,
The Purity of Kingship : An Edition of <i>CHT 569</i> and Related Hittite Oracle Inquiries of Tuth̬aliya IV,Theo van den Hout,Hittitology,1998,40.015,34.62,http://hdl.handle.net/2333.1/fxpnvztw,
"Christianity, Judaism and Other Greco-Roman Cults, Volume 2: Early Christianity","Neusner, J.",History of Christianity,1975,41.902783,12.496366,http://hdl.handle.net/2333.1/1jwstscj,
Circle of Inner Asian Art Newsletter,,Central Asia,1995–2005,45.450688,68.831901,http://hdl.handle.net/2333.1/66t1g3st,
Inventory of compulsory services in Ptolemaic and Roman Egypt,"Lewis, Naphtali.",Papyrology; Roman history,1968,31.165,29.88,http://hdl.handle.net/2333.1/547d809c,
Papyri from the Michigan collection (P.Mich XI),"Shelton, John C.",Papyrology,1971,29.3085,30.88,http://hdl.handle.net/2333.1/1c59zzsq,Primarily Fayyumic papyri
The four Greek hymns of Isidorus and the cult of Isis,"Vanderlip, Vera Frederika",Papyrology ; Roman history,1972,29.191783000000001,30.641461,http://hdl.handle.net/2333.1/wm37pzfs,Papyri from Medinet Madi / Narmouthis
Status declarations in Roman Egypt,"Nelson, C. A.",Papyrology ; Roman history,1979,29.322,30.8444,http://hdl.handle.net/2333.1/rv15dxzp,
"Register of Oxyrhynchites, 30 B.C.-A.D. 96","Jones, Brian W.; Whitehorne, J. E. G. (John Edwin George)",Papyrology ; Roman history,1983,28.542574,30.65172,http://hdl.handle.net/2333.1/n5tb2v4b,
Saite and Persian demotic cattle documents : a study in legal forms and principles in ancient Egypt (P.CattleDocs.),"Cruz-Uribe, Eugene, 1952-","Papyrology, Egyptology",1985,25.631139000000001,32.560330999999998 ,http://hdl.handle.net/2333.1/hdr7stn3,"Primary places mentioned: Djeme (Thebes/West), Niwt (Thebes)"
Grundlagen des koptischen Satzbaus,"Polotsky, Hans Jakob, 1905-1991",Papyrology ; Coptic language,1987,27.65,30.8,http://hdl.handle.net/2333.1/cnp5ht4z,
Columbia papyri VIII (P.Col. VIII),"Worp, K. A. (Klaas Anthony); Renner, Timothy Todd, 1946-; Bagnall, Roger S.",Papyrology ; Roman history ; Greek history,1990,28.542,30.65,http://hdl.handle.net/2333.1/7wm37smm,"Mixed provenance, primarily Oxyrhynchite and Fayyumic."
"Ptocheia, or, Odysseus in disguise at Troy (P.Köln VI 245)","Parca, Maryline G.",Papyrology ; Roman history,1991,25.369658999999999,32.473945999999998,http://hdl.handle.net/2333.1/44j0zs3c,"Provenance of this papyrus is not known with certainty, but it is associated with documents from Pathyris in Upper Egypt."
Un codex fiscal hermopolite (P. Sorb. II 69),"Gascou, Jean",Papyrology ; Roman history ; Early Christianity,1994,27.777989,30.8037929999999,http://hdl.handle.net/2333.1/0cfxprkx,
The Michigan medical codex (P. Mich. 758=P. Mich. inv. 21) (P.Mich. XVII),"Youtie, Louise C. (Louise Canberg)",Papyrology ; Roman history,1996,27.816667,30.883333,http://hdl.handle.net/2333.1/vmcvdr70,
Columbia papyri IX : the Vestis militaris codex (P.Col. IX),"Sheridan, Jennifer A.",Papyrology ; Roman history,1998,27.7779,30.8037,http://hdl.handle.net/2333.1/m63xsmx8,
Columbia papyri XI (P.Col. XI),"Teeter, Timothy M.",Papyrology ; Roman history ; Early Christianity,1998,28.5448,30.65,http://hdl.handle.net/2333.1/qz612ndk,Primarily Oxyrhynchus.
It is our father who writes : orders from the Monastery of Apollo at Bawit (P.Bawit Clackson),"Clackson, S. (Sarah)",Papyrology ; Early Christianity ; Coptic language,2008,27.532343,30.72925,http://hdl.handle.net/2333.1/gf1vhmd4,
In pursuit of invisibility : ritual texts from Late Roman Egypt,"Phillips, Richard L., 1964-",Papyrology ; Roman history,2009,25.694,32.647,http://hdl.handle.net/2333.1/bnzs7kwq,"Six of the seven texts are part of or connected to the so-called ""Theban Magical Library"" (pp.59-60). The exact provenance of these texts is unknown, but they are likely from a tomb or temple library in Thebes."
Décoration égyptienne,"Jéquier, Gustave, 1868-1946.",Egyptology,1911,27.019289,29.883921,http://hdl.handle.net/2333.1/kkwh732t,Generic location for Egypt
Das Re-heiligtum des Königs Ne-woser-re (Rathures),"Bissing, Friedrich Wilhelm, Freiherr von, 1873-1956 | Borchardt, Ludwig | Kees, Hermann, 1886-",Egyptology,1905,29.903889,31.194167,http://hdl.handle.net/2333.1/fttdz2jb,Location of Abu Gorab.
The temple of Deir el Bahari,"Naville, Edouard, 1844-1926 | Clarke, Somers, 1841-1926",Egyptology,1894-1908,25.737147,32.607851,http://hdl.handle.net/2333.1/95x69rh0,"Located at Temple of Deir el-Bahari, Egypt"
Nekropolis,,Egyptology,1919,31.2,29.916667,http://hdl.handle.net/2333.1/xgxd26w6,
The Egyptian book of the dead,"Davis, Charles Henry Stanley, 1840-1917",Egyptology,1895,26.43053,28.983042,http://hdl.handle.net/2333.1/zpc8695p,Generic location for Egypt
Regnal Formulas in Byzantine Egypt,Roger S. Bagnall and K.A. Worp,Papyrology,1979,26.85,29.73,http://hdl.handle.net/2333.1/mkkwhcf4,Generic location for Egypt
The Production and Use of Vegetable Oils in Ptolemaic Egypt,D. Brent Sandy,Egyptology,1989,31.12,29.55,http://hdl.handle.net/2333.1/c2fqzbfs,Generic Location for Alexandria
The Ptolemaic Basilikos Grammateus,John F. Oates,Papyrology,1995,31.219826,29.936429,http://hdl.handle.net/2333.1/7d7wm7m8,Generic Location for Alexandria
Die Papyri der Universitatsbibliothek Erlangen,"Schubart, Wilhelm",Papyrology,1942,26.867351,29.734862,http://hdl.handle.net/2333.1/3n5tb734,Generic location for Egypt
Ägyptische Eheverträge,"Lüddeckens, Erich",Papyrology,1960,25.907717,29.580258,http://hdl.handle.net/2333.1/zw3r26r0,Generic location for Egypt
Eine ptolemäische Königsurkunde,"Koenen, L.",Papyrology,1957,31.211116,29.948702,http://hdl.handle.net/2333.1/v41ns67r,Generic Location for Alexandria
Currency and Inflation in Fourth Century Egypt,Roger S. Bagnall,Papyrology,1985,26.96055,30.081675,N,Generic location for Egypt
Mining the Archives,"Wunsch, Cornelia, ed.",Assyriology,2002,34.4410395,41.4512791,http://hdl.handle.net/2333.1/qbzkh5rk,Generic location for Ancient Assyria
Briefe aus dem Istanbuler Museum,Edited by F.R. Kraus,Assyriology,1972,33.76,43.91,http://hdl.handle.net/2333.1/w0vt4d55,
The Care of the Elderly in the Ancient Near East,Marten Stol and Sven P. Vleeming,Assyriology,1998,34.016242,43.44,http://hdl.handle.net/2333.1/dz08krk1,
"Family Religion in Babylonia, Syria and Israel : Continuity and Change in the Forms of Religious Life",Karel van der Toorn,Assyriology ; Jewish history,1996,31.5,44.4,http://hdl.handle.net/2333.1/931zctbr,
The tomb of Puyemre at Thebes v.2,"Davies, Norman de Garis, 1865-1941",Tombs,1922,25.7336,32.6134,http://hdl.handle.net/2333.1/v41ns43c,Exact location (TT39 - Tomb of Puyemre). 
Abbreviations in Greek Literary Papyri and Ostraca,Kathleen McNamee,Papyrology,1981,28.125,30.175,http://hdl.handle.net/2333.1/gtht7bz1,Generic Location for Egypt
Die antiken Vasen von der Akropolis zu Athen,"Graef, Botho, 1857-1917 | Zahn, Robert, 1870-1917 | Wolters, Paul, 1858-1936 | Hartwig, Paul, 1859-1919 | Langlotz, Ernst, 1895-1978",Classical antiquity,2086,37.971245,23.725663,http://hdl.handle.net/2333.1/866t1j81,"Location of the Acropolis, Athens"
Death and taxes : Ostraka in the Royal Ontario Museum I,"Samuel, Alan Edouard ; Bagnall, Roger S. ; Bowman, Alan K. ; Hastings, W. K., 1957-",Papyrology,1971,25.67602907,32.6339435,http://hdl.handle.net/2333.1/h70rz1zt,
Ostraka in the Royal Ontario Museum II,"Samuel, Alan Edouard ; Bagnall, Roger S. ; Bowman, Alan K. ; Hastings, W. K., 1957-",Papyrology,1976,25.65,32.63,http://hdl.handle.net/2333.1/cjsxkz48,
The taxes in grain in Ptolemaic Egypt :,"Packman, Zola M.",Papyrology,1968,25.7,32.645,http://hdl.handle.net/2333.1/189323w5,
Monastic estates in late antique and early Islamic Egypt,"Clackson, S. (Sarah) ; Bouvarel-Boud'hors, Anne",Papyrology,2009,27.5,30.729,http://hdl.handle.net/2333.1/3tx962p2,
Essays in honor of C. Bradford Welles,,Papyrology,1966,28.25,30.125,http://hdl.handle.net/2333.1/51c5b4dh,Generic location for Egypt
Documentary papyri from the Michigan collection,"Browne, Gerald M.",Papyrology,1970,28.5,30,http://hdl.handle.net/2333.1/wh70s3hv,Generic location for Egypt
Proceedings of the twelfth international congress of papyrology,"Samuel, Deborah H.",Papyrology,1970,28.25,29.875,http://hdl.handle.net/2333.1/rr4xh2z5,Generic location for Egypt
The Ptolemaic and Roman idios logos,"Swarney, Paul R.",Papyrology,1970,28.5,29.75,http://hdl.handle.net/2333.1/n02v72f2,Generic location for Egypt
The town councils of Roman Egypt,"Bowman, Alan K.",Papyrology; Roman history,1971,28,29.75,http://hdl.handle.net/2333.1/j3tx9bjf,Generic location for Egypt
Michigan papyri (P. Mich. XII),"Browne, Gerald M.",Papyrology,1975,27.75,30.025,http://hdl.handle.net/2333.1/8kprr9fb,Generic location for Egypt
Chester Beatty Biblical papyri IV and V,"Pietersma, Albert",Papyrology,1977,27.75,30.125,http://hdl.handle.net/2333.1/4tmpg8x0,Generic location for Egypt
Michigan papyri XIV,"McCarren, Vincent P., editor",Papyrology,1980,27.75,29.75,http://hdl.handle.net/2333.1/bcc2fwf8,Generic location for Egypt
P.Michigan XVI,"Martinez, David G. (David Gray)",Papyrology,1991,28.5,29.85,http://hdl.handle.net/2333.1/7sqv9xn5,Generic location for Egypt
On government and law in Roman Egypt,"Lewis, Naphtali.",Papyrology; Roman history,1995,28,30.25,http://hdl.handle.net/2333.1/mw6m94sf,Generic location for Egypt
Columbia papyri X,"Bagnall, Roger S. ; Obbink, Dirk.",Papyrology,1996,28,30,http://hdl.handle.net/2333.1/h44j148b,Generic location for Egypt
Papyri in memory of P.J. Sijpesteijn (P. Sijp.),"Sirks, Adriaan Johan Boudewijn ; Worp, K. A. (Klaas Anthony)",Papyrology,2007,28,30.175,http://hdl.handle.net/2333.1/qnk98z3x,Generic location for Egypt
Essays and texts in honor of J. David Thomas,"Gagos, Traianos ; Bagnall, Roger S.",Papyrology,2001,28.5,30.175,http://hdl.handle.net/2333.1/7m0cg357,Generic location for Egypt
Annotations in Greek and Latin texts from Egypt,"McNamee, Kathleen",Papyrology,2007,25.5,30.175,http://hdl.handle.net/2333.1/6m905vz5,Generic location for Egypt
Le Nome Hermopolite,"Drew-Bear, Marie",Papyrology,1979,28.25,30.75,http://hdl.handle.net/2333.1/g4f4qx0v,
Washington University papyri I,"Schuman, Verne Brinson",Papyrology,1980,28.542574,30.65172,http://hdl.handle.net/2333.1/12jm68f4,
The Herakleopolite Nome,"Falivene, M. Rosaria (Maria Rosaria)",Papyrology,1998,28.75,30.75,http://hdl.handle.net/2333.1/cc2fr3qm,
Greek documentary papyri from Egypt in the Berlin Aegyptisches Museum,"Cohen, Nahum, 1947-",Papyrology,2007,29.25,30.75,http://hdl.handle.net/2333.1/08kprwkb,
A Yale papyrus (P Yale III 137) in the Beinecke Rare Book and Manuscript Library III,"Schubert, Paul, Dr.",Papyrology,2001,29.453786,31.08033,http://hdl.handle.net/2333.1/41ns1x42,
Columbia Papyri VII,"Bagnall, Roger S. ; Lewis, Naphtali.",Papyrology,1979,29.5164395,30.897603,http://hdl.handle.net/2333.1/kwh70xjb,
Greek terms for Roman institutions,"Mason, Hugh J.",Roman history,1974,41.95,12.58,http://hdl.handle.net/2333.1/dbrv1b19,Generic location for Roman Empire
"Το μεγα βιβλιον [To mega biblion] : Book-Ends, End-Titles, and Coronides in Papyri with Hexametric Poetry","Schironi, Francesca.",Papyrology,2010,28,30.025,http://hdl.handle.net/2333.1/05qftzwh,Generic location for Egypt
Yale papyri in the Beinecke Rare Book and Manuscript Library v.1-2,"Oates, John F.",Papyrology,1967,28.5,30.25,http://hdl.handle.net/2333.1/vdncjzkt,Generic location for Egypt
Beschreibung der aegyptischen Sammlung des niederländischen Reichsmuseums der Altertümer in Leiden (10 of 12 volumes),"Wijngaarden, W. D. van (Willem Dirk), b. 1893 | Boeser, P. A. A. (Pieter Adriaan Aart), 1858-1935",Egyptian Art,1905,26.71057,30.010264,http://hdl.handle.net/2333.1/sbcc2j28,Generic Location for Egypt
"Urkunden zum Ehe-, Vermögens- und Erbrecht aus verschiedenen neubabylonischen Archiven","Wunsch, Cornelia, ed.",Assyriology,2003,32.5,44.5,http://hdl.handle.net/2333.1/t4b8h07h,Generic location for Babylonia
