{
  "licenseType": "Unknown",
  "dc:description": "Imported at Wed Apr 15 06:45:21 PDT 2015 from Ancient World Digital Library Atlas_2015 April 13.",
  "exportable": true,
  "dc:title": "Ancient World Digital Library Atlas (AWDL Atlas)",
  "attribution": "ISAW Library | NYU",
  "attributionLink": "http://isaw.nyu.edu/library",
  "dc:modified": "2018-01-29T15:06:30Z",
  "dc:identifier": "1F9kzSPgjNomW9bCvsp76cdpzewdYImwfkbCXbZDl",
  "tableSchema": {"columns": [
    {
      "datatype": "string",
      "name": "col0",
      "validateData": false,
      "title": "Resource"
    },
    {
      "datatype": "string",
      "name": "col1",
      "validateData": false,
      "title": "Authors"
    },
    {
      "datatype": "string",
      "name": "col2",
      "validateData": false,
      "title": "Topic"
    },
    {
      "datatype": "date",
      "name": "col3",
      "validateData": false,
      "title": "Dates"
    },
    {
      "datatype": "location",
      "name": "col4",
      "validateData": false,
      "title": "Latitude",
      "latitudeLongitudeColumns": {
        "latitudeColumn": "col4",
        "longitudeColumn": "col5"
      }
    },
    {
      "datatype": "double",
      "name": "col5",
      "validateData": false,
      "title": "Longitude",
      "latitudeLongitudeColumns": {
        "latitudeColumn": "col4",
        "longitudeColumn": "col5"
      }
    },
    {
      "datatype": "string",
      "formatPattern": "<a href='%1$s'>%1$s<\/a>",
      "name": "col6",
      "validateData": false,
      "title": "Read online:"
    },
    {
      "datatype": "string",
      "name": "col7",
      "validateData": false,
      "title": "Comments"
    },
    {
      "datatype": "string",
      "name": "col8",
      "validateData": false,
      "title": "Comments"
    }
  ]}
}