{
  "licenseType": "Unknown",
  "dc:description": "Copied at Fri Dec 22 13:58:22 PST 2017 from https://fusiontables.google.com/DataSource?docid=1CWm6zB3j4IhhVgKUqZnMIEur60zS7jNNqaHHimTh. null",
  "exportable": true,
  "dc:title": "Urban Agriculture MODIS Final",
  "dc:modified": "2017-12-22T22:30:39Z",
  "dc:identifier": "1GElsssGht4gjXeCqRUQh45rGsj2B6HTzXkNRC0q2",
  "tableSchema": {"columns": [
    {
      "datatype": "string",
      "name": "col0",
      "validateData": false,
      "title": "FIPS_CNTRY"
    },
    {
      "datatype": "string",
      "name": "col1",
      "validateData": false,
      "title": "CNTRY_NAME"
    },
    {
      "datatype": "double",
      "formatPattern": "#,##0.#####",
      "name": "col2",
      "validateData": false,
      "title": "total_dollars_MODISLow"
    },
    {
      "datatype": "double",
      "formatPattern": "#,##0.#####",
      "name": "col3",
      "validateData": false,
      "title": "total_dollars_MODISHigh"
    },
    {
      "datatype": "double",
      "formatPattern": "#,##0.#####",
      "name": "col4",
      "validateData": false,
      "title": "yieldPerPixTonnes_MODISLow"
    },
    {
      "datatype": "double",
      "formatPattern": "#,##0.#####",
      "name": "col5",
      "validateData": false,
      "title": "yieldPerPixTonnes_MODISHigh"
    },
    {
      "datatype": "double",
      "formatPattern": "#,##0.#####",
      "name": "col6",
      "validateData": false,
      "title": "nPerPixTonnes_MODISLow"
    },
    {
      "datatype": "double",
      "formatPattern": "#,##0.#####",
      "name": "col7",
      "validateData": false,
      "title": "nPerPixTonnes_MODISHigh"
    },
    {
      "datatype": "double",
      "formatPattern": "#,##0.#####",
      "name": "col8",
      "validateData": false,
      "title": "area_hectares_MODISLow"
    },
    {
      "datatype": "double",
      "formatPattern": "#,##0.#####",
      "name": "col9",
      "validateData": false,
      "title": "area_hectares_MODISHigh"
    },
    {
      "datatype": "double",
      "formatPattern": "#,##0.#####",
      "name": "col10",
      "validateData": false,
      "title": "cubic_meters_MODISLow"
    },
    {
      "datatype": "double",
      "formatPattern": "#,##0.#####",
      "name": "col11",
      "validateData": false,
      "title": "cubic_meters_MODISHigh"
    },
    {
      "datatype": "double",
      "formatPattern": "#,##0.#####",
      "name": "col12",
      "validateData": false,
      "title": "urb_pct"
    },
    {
      "datatype": "double",
      "formatPattern": "#,##0.#####",
      "name": "col13",
      "validateData": false,
      "title": "gpt2_sq_km"
    },
    {
      "datatype": "double",
      "formatPattern": "#,##0.#####",
      "name": "col14",
      "validateData": false,
      "title": "cntry_area"
    },
    {
      "datatype": "double",
      "name": "col15",
      "validateData": false,
      "title": "pct_urban"
    },
    {
      "datatype": "location",
      "name": "col16",
      "validateData": false,
      "title": "geometry"
    },
    {
      "datatype": "string",
      "name": "col17",
      "validateData": false,
      "title": "FIPS_CNTRY"
    },
    {
      "datatype": "double",
      "formatPattern": "#,##0.#####",
      "name": "col18",
      "validateData": false,
      "title": "kWhrPerPixel_Ro3.66"
    },
    {
      "datatype": "double",
      "formatPattern": "#,##0.#####",
      "name": "col19",
      "validateData": false,
      "title": "powerDollarsPerPixel_Ro3.66"
    },
    {
      "datatype": "double",
      "formatPattern": "#,##0.#####",
      "name": "col20",
      "validateData": false,
      "title": "kWhrPerPixel_Ro0.25"
    },
    {
      "datatype": "double",
      "formatPattern": "#,##0.#####",
      "name": "col21",
      "validateData": false,
      "title": "powerDollarsPerPixel_Ro0.25"
    }
  ]}
}