{
  "licenseType": "Unknown",
  "exportable": true,
  "dc:title": "Democracy wins",
  "dc:modified": "2017-11-16T19:43:11Z",
  "dc:identifier": "1bayUidxGGsTkwobpA57SEN7HsbBM24z45_0HLTdU",
  "tableSchema": {"columns": [
    {
      "datatype": "double",
      "name": "col0",
      "validateData": false,
      "title": "Num"
    },
    {
      "datatype": "string",
      "name": "col1",
      "validateData": false,
      "title": "Adreça centre votació"
    },
    {
      "datatype": "string",
      "name": "col2",
      "validateData": false,
      "title": "Codi Postal"
    },
    {
      "datatype": "location",
      "name": "col3",
      "validateData": false,
      "title": "Localitat"
    },
    {
      "datatype": "string",
      "name": "col4",
      "validateData": false,
      "title": "Nom Local"
    },
    {
      "datatype": "location",
      "name": "col5",
      "validateData": false,
      "title": "coordenades"
    },
    {
      "datatype": "location",
      "name": "col6",
      "validateData": false,
      "title": "CoordenadesCopia"
    },
    {
      "datatype": "location",
      "name": "col7",
      "validateData": false,
      "title": "Adreça maps"
    },
    {
      "datatype": "string",
      "name": "col8",
      "validateData": false,
      "title": "NumCensPossible"
    },
    {
      "datatype": "string",
      "name": "col9",
      "validateData": false,
      "title": "NumVotsCopia"
    },
    {
      "datatype": "double",
      "name": "col10",
      "validateData": false,
      "title": "NumCens"
    },
    {
      "datatype": "double",
      "name": "col11",
      "validateData": false,
      "title": "CentreParat"
    },
    {
      "datatype": "string",
      "name": "col12",
      "validateData": false,
      "title": "Percentatge"
    },
    {
      "datatype": "double",
      "name": "col13",
      "validateData": false,
      "title": "NumVots"
    },
    {
      "datatype": "string",
      "name": "col14",
      "validateData": false,
      "title": "Estat"
    },
    {
      "datatype": "string",
      "name": "col15",
      "validateData": false,
      "title": "Incidències"
    },
    {
      "datatype": "string",
      "name": "col16",
      "validateData": false,
      "title": "IncidènciesB"
    },
    {
      "datatype": "string",
      "name": "col17",
      "validateData": false,
      "title": "IncidènciesC"
    },
    {
      "datatype": "string",
      "name": "col18",
      "validateData": false,
      "title": "IconaANC"
    },
    {
      "datatype": "string",
      "name": "col19",
      "validateData": false,
      "title": "Icona"
    },
    {
      "datatype": "string",
      "name": "col20",
      "validateData": false,
      "title": "SolucióB"
    },
    {
      "datatype": "double",
      "formulaValid": false,
      "name": "col21",
      "formula": "date",
      "validateData": false,
      "title": "Última actualització"
    },
    {
      "datatype": "double",
      "formulaValid": true,
      "name": "col22",
      "formula": "if(CentreParat=0.0, 0.0, NumCens)",
      "validateData": false,
      "title": "NumCensPossible"
    },
    {
      "datatype": "double",
      "formulaValid": true,
      "name": "col23",
      "formula": "if(CentreParat=1.0, 0.0, NumCens)",
      "validateData": false,
      "title": "NumNoPodenVotar"
    }
  ]}
}