{
  "licenseType": "Unknown",
  "dc:description": "Imported at Sat Oct 14 06:03:05 PDT 2017 from bristol_norfolk_senate_pvi.csv.",
  "exportable": true,
  "dc:title": "Bristol and Norfolk Senate District Precincts",
  "dc:modified": "2017-10-14T13:03:56Z",
  "dc:identifier": "1rRB6uJLalsHCY7R1ZM9kfHmIkj1MaS3zMZUufFLg",
  "tableSchema": {"columns": [
    {
      "datatype": "location",
      "name": "col0",
      "validateData": false,
      "title": "City/Town"
    },
    {
      "datatype": "string",
      "name": "col1",
      "validateData": false,
      "title": "Ward"
    },
    {
      "datatype": "string",
      "name": "col2",
      "validateData": false,
      "title": "Pct"
    },
    {
      "datatype": "double",
      "name": "col3",
      "validateData": false,
      "title": "Obama_12"
    },
    {
      "datatype": "double",
      "name": "col4",
      "validateData": false,
      "title": "Romney_12"
    },
    {
      "datatype": "double",
      "name": "col5",
      "validateData": false,
      "title": "Clinton_16"
    },
    {
      "datatype": "double",
      "name": "col6",
      "validateData": false,
      "title": "Trump_16"
    },
    {
      "datatype": "string",
      "name": "col7",
      "validateData": false,
      "title": "district"
    },
    {
      "datatype": "double",
      "formatPattern": "###0.#####",
      "name": "col8",
      "validateData": false,
      "title": "PVI_N"
    },
    {
      "datatype": "string",
      "name": "col9",
      "validateData": false,
      "title": "PVI"
    },
    {
      "datatype": "string",
      "name": "col10",
      "validateData": false,
      "title": "name"
    },
    {
      "datatype": "location",
      "name": "col11",
      "validateData": false,
      "title": "geometry"
    }
  ]}
}