{
  "licenseType": "Unknown",
  "dc:description": "The 2017-2018 School Year (Year 10) Special Olympics Unified Champion Schools Heat Map ",
  "exportable": true,
  "dc:title": "Special Olympics Unified Champion Schools Year 10 Heat Map",
  "dc:modified": "2018-10-25T19:40:42Z",
  "dc:identifier": "1r7iMSTfn2-C_3__4eBDnyV6jyzh2dmXLjvvr22pt",
  "tableSchema": {"columns": [
    {
      "datatype": "string",
      "name": "col0",
      "validateData": false,
      "title": "Program Name"
    },
    {
      "datatype": "string",
      "name": "col1",
      "validateData": false,
      "title": "School Name"
    },
    {
      "datatype": "string",
      "name": "col2",
      "validateData": false,
      "title": "Address"
    },
    {
      "datatype": "string",
      "name": "col3",
      "validateData": false,
      "title": "City"
    },
    {
      "datatype": "string",
      "name": "col4",
      "validateData": false,
      "title": "State"
    },
    {
      "datatype": "double",
      "name": "col5",
      "validateData": false,
      "title": "Zip Code"
    },
    {
      "datatype": "location",
      "name": "col6",
      "validateData": false,
      "title": "Full Address"
    }
  ]}
}