{
  "licenseType": "Unknown",
  "exportable": true,
  "dc:title": "Gilets jaunes en direct",
  "dc:modified": "2018-11-17T21:56:24Z",
  "dc:identifier": "12LdhfWhnGg1mSEBQgnh9Evze5pZPafZEmJ3xcQY9",
  "tableSchema": {"columns": [
    {
      "datatype": "string",
      "name": "col0",
      "validateData": false,
      "title": "Lieu"
    },
    {
      "datatype": "location",
      "name": "col1",
      "validateData": false,
      "title": "Location"
    },
    {
      "datatype": "double",
      "name": "col2",
      "validateData": false,
      "title": "couleur"
    },
    {
      "datatype": "string",
      "name": "col3",
      "validateData": false,
      "title": "Description"
    },
    {
      "datatype": "string",
      "name": "col4",
      "validateData": false,
      "title": "maj"
    }
  ]}
}