Lieu,Location,couleur,Description,maj
Meylan,"45.200815, 5.758946",3,"(prévision) Blocage de la rocade vers le Rondeau, dès 8 heures",
De Voiron à Saint-Egrève,"45.379776, 5.580743",3,(prévision) Opération escargot vers Saint-Egrève à partir de 7h15,
Mairie de Grenoble,"45.186890, 5.736013",3,(prévision) Blocage du boulevard Clémenceau,
"Porte de France, Grenoble","45.193431, 5.719746",3,"(prévision) Cortège à pied jusqu'au Rondeau, à partir de 8 heures",
Moûtiers - Aime,"45.483408, 6.524918",3,"(prévision) Opération escargot jusqu'à Aime, dès 8 heures",
Albertville,"45.662851, 6.387962",3,"(prévision) Blocage d'axes de la Tarentaise, dès 8 heures",
(prévision) Péage de Crolles,"45.271754, 5.900665",3,(prévision) Opération péage gratuit à 7 h 30,
VRU de Chambéry," 45.590935, 5.898644 ",3,"(prévision) Opération escargot sur la VRU, à partir du Carrefour. Dès 8 h 30",
Yenne,"45.706015, 5.765285",3,(prévision) Opération escargot sur la nationale,
Laragne,"44.313687, 5.826905",3,Une quarantaine de manifestants signalés par la préfecture au rond-point de la RD22. Circulation fluide.,7h30
Fournès,"43.934767, 4.600495",2,"Manifestation sur l'A9 dans les deux sens, hors voie de circulation depuis 7h12 (Bison futé)",7 heures
Avignon,"43.890945, 4.916252",2,Manifestation A7 dans les deux sens depuis 06h53 au niveau de la bretelle de sortie de l'échangeur. Fluidité de la circulation non précisée (Bison futé).,7 heures
Vedène,"43.977894, 4.893699",2,"Manifestation sociale, à la bretelle d'entrée de l'A7, hors voie de circulation depuis 7 heures. (bison futé)",7 heures
Bollène,"44.293985, 4.745579",2,Manifestation sur l'A7 dans les deux sens depuis 07h01 (bison futé),7 heures
"Chanas, rond-point d'accès à l'A7","45.317794, 4.808554",1,"Sur l'A7, route bloquée à hauteur de la bretelle de sortie de l'échangeur. (Bison futé)",7 h 47
La Saulce,"44.442202, 6.028713",2,"Barrage filtrant sur la N85 dans les deux sens, prévu jusqu'à 20 heures.",7h51
Scionzier,"46.066901, 6.556015",2,"Au rond-point du Mc Donald's, des gilets jaunes traversent lentement le passage piéton pour parler aux conducteurs.",8h15
Aix-les-Bains - Chambéry,"45.690439, 5.895839",3,(prévision) Opération escargot jusqu'à Chambéry lancée. Une soixantaine de véhicules roulent au pas vers la VRU. ,8h15
Annecy-le-Vieux,"45.905539, 6.158348",2,Début du rassemblement au rond-point du petit port.,8h26
Vizille,"45.082290, 5.765876",2,"Manifestation sociale, N85, de Vizille vers Grenoble (sens sud-nord). (Info Bison Futé)",8 heures
Chatte,"45.143291, 5.305980",1,Blocage au rond-point du Leclerc,8h40
Saint-Marcellin,"45.151263, 5.317395",1,Blocage au rond-point de l'Europe,8h40
Saint-Sauveur,"45.159639, 5.341754",1,Blocage du rond-point,8h40
Rumilly,"45.871248, 5.942708",1,Le blocage a débuté sur le rond-point de la Route de Vallières.,8h45
Aubenas,"44.613122, 4.407801",2,Les gilets jaunes viennent de s'installer au rond-point dit des Gorges. Des barrages filtrants sont organisés pour les automobilistes venant d'Alès par la rd104 et des Gorges de l'Ardèche par la rd579.  ,8h54
Lorion/Livron-sur-Drôme,"44.765844, 4.839915",2,Barrage filtrant mené par près de 250 gilets jaunes,8h55
Loriol RD86," 44.772320, 4.757657 ",2,Circulation impactée,9h
Echirolles - A480,"45.147118, 5.695283",1,A480 bloquée dans le sens nord-sud,9h22
Privas,"44.732894, 4.597160",1,"Toutes les entrées de la ville sont bloquées depuis 5h ce matin. Les gilets jaunes se sont répartis sur plusieurs lieux : le viaduc d'Alissas, le pont de Coux, l'Escrinet, la route des Mines, le rond point de Weilburg, le pont Louis XIII et le rond point devant Clément Faugier",9h30
Orange,"44.129455, 4.790807",2,"L'A7 n'est plus bloquée, mais le trafic est ralenti",9h30
Avignon (près d'Auchan),"43.980697, 4.882728",2,"A Avignon, plus d'une centaine de personnes ont monté des barrages tout autour d'Auchan Le Pontet. 
",9h30
Carpentras,"44.045837, 5.029248",1,"A Carpentras, au rond-point de l'Amitié, entrées et sorties sont bloquées. Les gilets jaunes veulent rester toute la nuit.",9h30
Avignon - rond point de Realpanier,"43.950232, 4.860038",1,Route bloquée sauf pour les urgences,9h30
Bonpas,"43.887619, 4.916487",2,"Côté Bouches-du-Rhône, un barrage filtrant est en place",9h30
Alissas,"44.714677, 4.632738",1,Blocage total du viaduc,9h45
Bourg-Saint-Andéol,"44.368485, 4.648384",1,Blocage total sur le pont de la RD13,9h45
Coux,"44.735992, 4.621492",1,Blocage du pont qui permet d'accéder au village.,9h45
Davézieux,"45.262410, 4.707252",1,Blocage du rond-point du Subway,9h45
Guilherand-Granges,"44.931974, 4.882986",1,Blocage du pont mistral,9h45
Saint-Sauveur de Montagut,"44.821559, 4.584095",1,Le centre-ville bloqué sur la RD 120.,9h45
Veyras,"44.729188, 4.564741",1,Village bloqué,9h45
La Voulte-sur-Rhône,"44.800095, 4.784559",1,Blocage du pont,9h45
Le Pouzin,"44.756159, 4.760721",2,Barrage filtrant au rond-point de la Rotonde,9h45
Tournon,"45.072385, 4.821868",2,Barrage filtrant à l'entrée Nord de la ville.,9h45
Aubenas,"44.615524, 4.404170",2,Barrage filtrant au rond-point des Moulines,9h45
Ruoms,"44.443102, 4.347587",2,Barrage filtrant au rond-point du Super-U,9h45
Baratier,"44.548182, 6.484498",2,Barrage filtrant dans les deux sens sur la N94. Prévu jusqu'à 20 heures (Bison futé),2
Saint-Vallier,"45.184139, 4.812579",1,"Le pont sur le Rhône est bloqué, tout comme le rond-point avec la N7",10h50
Annecy,"45.898791, 6.118288",2,Barrage filtrant au rond-point de la Banque de France,10h30
Annecy,"45.896752, 6.131764",2,Barrage filtrant au rond-point d'Albigny,10h30
Annecy,"45.900279, 6.115854",2,Barrage filtrant avenue du Rhône,10h30
Annecy,"45.896746, 6.131740",2,Barrage filtrant aux Marquisats,10h30
Annecy - Péage Nord,"45.938830, 6.117302",3,Péage gratuit,10h30
Scionzier (péage de l'A40),"46.068361, 6.553795",3,Péage gratuit,10h30
Le Fayet,"45.915430, 6.721582",2,"Grosses difficultés dans la montée du viaduc des Egratz au Fayet. Environ 80 véhicules de Gilets Jaunes sont arrêtés sur la chaussée, la circulation n’est pas bloquée mais très ralentie avec un bouchon de 2 km. La préfecture conseille d’éviter ce secteur.",10h30
Tain l'Hermitage,"45.068987, 4.842162",1,Blocage du pont et de l'accès à la Nationale 7,10h45
Bourg-de-Péage," 45.023664, 5.039885 ",1,Rond-point bloqué,9h30
Gap,"44.572837, 6.082272",2,Barrages filtrants à l'entrée Nord de la ville,11h
Gap,"44.557576, 6.055118",1,Blocage au rond-point du Sénateur,10h30
Manosque,"43.809861, 5.812096",1,Rond-point d'accès à l'A51 bloqué,10h30
Saint-Jean-de-Moirans,"45.349401, 5.595417",2,Barrage filtrant près du Carrefour Market,10h30
Savines-le-Lac,"44.530704, 6.396047",2,Barrage filtrant sur la N95 dans les deux sens.,10h30
Bollène,"44.288754, 4.750882",2,Barrage filtrant au rond-point Portes de Provence,11 heures
Bollène,"44.272173, 4.707179",2,Barrage filtrant,11h
Orange (péage),"44.110855, 4.845259",1,"Entrée bloquée pour l'autoroute, mais les sorties sont possibles",10h30
Aubenas,"44.612840, 4.408018",1,Le barrage filtrant a été transformée en blocage au rond-point du Quick,11h
Apt,"43.881810, 5.379997",2,Six points de barrage en cours,11 heures
Echirolles - le Rondeau,"45.158653, 5.701083",2,Barrage filtrant,11h40
Vienne,"45.528205, 4.874639",2,Barrages filtrants place Saint-Louis,11h40
Vienne,"45.503112, 4.847071",2,Barrage filtrant au rond-point de la Laïcité,11h40
Bourgoin-Jallieu,"45.597859, 5.271557",2,"Barrages filtrants sur quatre rond-points :
rond-point Buissière, rond-point Cartonnière, rond-point Rivet, rond-point l’Etissey",11h40
Montalieu-Vercieu,"45.810422, 5.402768",2,Barrage filtrant du côté du Carrefour,11h40
Montalieu-Vercieu,"45.804469, 5.401255",2,Barrage filtrant du côté du Lidl,11h40
Saint-Jean-de-Soudain,"45.560787, 5.426480",2,Barrage filtrant à la sortie d'autoroute,11h40
Morestel,"45.683460, 5.453888",2,Barrage filtrant dans la zone de l'Intermarché,11h40
La Verpillère,"45.626522, 5.164471",2,Barrage filtrant au rond-point du Village des marques,11h45
Seyssins,"45.159662, 5.695734",1,Blocage en cours près de l'Intermarché,12h
Tournon,"45.046093, 4.829663",2,Barrage filtrant au rond-point de l'entrée sud,12h30
Davézieux,"45.254925, 4.686143",2,Barrage filtrant près de Géant Casino.,12h30
Aubenas,"44.603232, 4.386695",2,Barrage filtrant au rond-point de la Croisette,12h30
Labégude,"44.645132, 4.369036",2,Barrage filtrant,12h30
Les Rosières,"44.483655, 4.266496",2,"Barrage filtrant à la zone commerciale des Rosières, sur la D104",12h30
Lavilledieu,"44.567540, 4.461903",2,Barrage filtrant,12h30
Col du Fau,"44.908328, 5.626287",2,Légers ralentissements sur l'A51,12h50
Les Tourettes,"44.669023, 4.794925",3,"Opération ""péage gratuit""",9h
Guillestre,"44.665702, 6.614717",2,Manifestation concernant les deux sens de la N94.,14h
La Fare-en-Champsaur,"44.674915, 6.072475",2,Barrage filtrant dans les deux sens sur la N85.,14h
Montgardin,"44.556777, 6.237382",2,Barrage filtrant sur la N94 dans les deux sens,14h11
Val-des-Près,"44.919254, 6.678025",2,Barrage filtrant sur la N94 dans les deux sens,14h15
Briançon,"44.903710, 6.636056",2,"Barrage filtrant sur la N94, dans les deux sens",14h
"Echirolles, centre commercial Comboire","45.145336, 5.693891",1,"A 8h30, blocage des clients au centre commercial Comboire
MISE A JOUR : Le Leclerc a fermé ses portes",14h30
Nantua - Oyonnax,"46.200885, 5.600362",1,A404 fermée dans le sens Nantua-Oyonnax,14h40
Annecy,"45.904055, 6.125252",2,"Une manifestation de militants du mouvement « 100% Savoie », associée aux revendications du jour « contre le matraquage fiscal », a démarré en début d’après-midi au centre-ville, sur la place François-de-Menthon et doit rejoindre la préfecture. ",14h50
Cluses,"46.048978, 6.588363",3,Péage gratuit,14h30
Voiron,"45.379507, 5.580879",2,Barrage filtrant au rond-point de la Brunerie,15h40
Voiron,"45.359433, 5.591571",2,Barrage filtrant au rond-point du Mc donald's,15h40
Valence Nord,"44.970186, 4.887596",2,Opération péage gratuit / barrage filtrant,16h
Valence sud,"44.904798, 4.880146",3,Opération péage gratuit / barrage filtrant,16h
Loriol - accès autoroute,"44.756580, 4.791121",2,Barrage filtrant,16h
Valence - rond-point des Couleures,"44.954495, 4.932360",2,Le rond-point des Couleures est impacté et la circulation est désormais difficile pour accéder à Valence.,16h
Valence - rond-point des Anglais,"44.905686, 4.878398",2,barrages filtrants,16h
Valence - Pont des Lônes,"44.907860, 4.867332",2,Barrages filtrants,16h
Valence - rond-point des Auréats,"44.902403, 4.884106",2,Barrage filtrant,16h
Crolles - A41,"45.271818, 5.900659",3,Opération barrières levées au péage / barrage filtrant,16h10
Voreppe - Saint Egrève,"45.236964, 5.661883",2,"A48 - péage de Voreppe, barrage filtrant",15h48
Saint-Quentin-Fallavier - A43,"45.648542, 5.120624",2,Opération barrières levées au péage / barrage filtrant,16h10
Péage sud Montélimar,"44.481406, 4.764080",2,"Opération ""péage gratuit"" / barrage filtrant",16h
Romans-sur-Isère,"45.035918, 5.082418",1,Le rond-point de Pizançon est totalement bloqué.,16h30
Romans-sur-Isère,"45.050276, 5.078894",2,Un barrage filtrant a été installé au rond-point entre la D92N et la D2092N vers 15h15.,16h40
Anthy-sur-Léman,"46.354432, 6.445074",3,Les rassemblements sont terminés à Anthy-sur-Léman.,22h
