{
  "licenseType": "Unknown",
  "dc:description": "Imported at Mon Jun 24 12:21:33 PDT 2013(jpeal)",
  "exportable": true,
  "dc:title": "Historic Marker Inventory - Morris County Heritage Commission, NJ, USA",
  "attribution": "Morris County Heritage Commission, NJ, USA",
  "attributionLink": "http://morriscountynj.gov/mchc/",
  "dc:modified": "2019-06-26T13:31:25Z",
  "dc:identifier": "1ylVntQG1BVFdn8kNlkpWS3Bh9zZkvzojM33_Weo",
  "tableSchema": {"columns": [
    {
      "datatype": "double",
      "name": "col0",
      "validateData": false,
      "title": "MarkerID"
    },
    {
      "datatype": "double",
      "name": "col1",
      "validateData": false,
      "title": "X"
    },
    {
      "datatype": "double",
      "name": "col2",
      "validateData": false,
      "title": "Y"
    },
    {
      "datatype": "location",
      "name": "col3",
      "validateData": false,
      "title": "LATLONG"
    },
    {
      "datatype": "location",
      "name": "col4",
      "validateData": false,
      "title": "LATITUDE"
    },
    {
      "datatype": "location",
      "name": "col5",
      "validateData": false,
      "title": "LONGITUDE"
    },
    {
      "datatype": "string",
      "name": "col6",
      "validateData": false,
      "title": "SiteName"
    },
    {
      "datatype": "string",
      "name": "col7",
      "validateData": false,
      "title": "Town"
    },
    {
      "datatype": "double",
      "name": "col8",
      "validateData": false,
      "title": "MunicipalID"
    },
    {
      "datatype": "string",
      "name": "col9",
      "validateData": false,
      "title": "MarkerLocation"
    },
    {
      "datatype": "date",
      "name": "col10",
      "validateData": false,
      "title": "YearPlaced"
    },
    {
      "datatype": "location",
      "name": "col11",
      "validateData": false,
      "title": "MarkerDescription"
    },
    {
      "datatype": "double",
      "name": "col12",
      "validateData": false,
      "title": "FlickrID_Marker"
    },
    {
      "datatype": "double",
      "name": "col13",
      "validateData": false,
      "title": "FlickrID_Site1"
    },
    {
      "datatype": "double",
      "name": "col14",
      "validateData": false,
      "title": "FlickrID_Site2"
    },
    {
      "datatype": "string",
      "formatPattern": "<img src='%s' height='60'/>",
      "name": "col15",
      "validateData": false,
      "title": "FlickrImg_Marker"
    },
    {
      "datatype": "string",
      "formatPattern": "<img src='%s' height='60'/>",
      "name": "col16",
      "validateData": false,
      "title": "FlickrImg_Site1"
    },
    {
      "datatype": "string",
      "formatPattern": "<img src='%s' height='60'/>",
      "name": "col17",
      "validateData": false,
      "title": "FlickrImg_Site2"
    },
    {
      "datatype": "string",
      "name": "col18",
      "validateData": false,
      "title": "PhotoCredit"
    }
  ]}
}