{
  "licenseType": "Unknown",
  "dc:description": "Copied at Tue Mar 07 14:36:22 PST 2017 from http://www.google.com/fusiontables/DataSource?docid=1zBV3Q4ttWzJ0sL7jlYCBAAgQkG3dSPTp5BQ8VRkD. Copied at Tue Apr 12 13:11:04 PDT 2016 from http://www.google.com/fusiontables/DataSource?docid=10hqO-HO9ePk0jbTiTBFPznMPbS7c2gMIxKfimcv9. Copied at Thu Apr 07 18:08:50 PDT 2016 from http://www.google.com/fusiontables/DataSource?docid=1LhNZFqJ4F5aROpHoPGV9CZNvjLWN85Jfzi2yehna. null",
  "exportable": true,
  "dc:title": "2017 BTWD 511 Contra Costa Energizer Stations",
  "dc:modified": "2017-08-30T17:02:13Z",
  "dc:identifier": "15iXA3RJu_uMnqgmGBWmQBpMBjE3zs3t19CC7Zwev",
  "tableSchema": {"columns": [
    {
      "datatype": "location",
      "name": "col0",
      "validateData": false,
      "title": "Address"
    },
    {
      "datatype": "double",
      "name": "col1",
      "validateData": false,
      "title": "Number"
    },
    {
      "datatype": "string",
      "name": "col2",
      "validateData": false,
      "title": "Location"
    },
    {
      "datatype": "location",
      "name": "col3",
      "validateData": false,
      "title": "City"
    },
    {
      "datatype": "double",
      "name": "col4",
      "validateData": false,
      "title": "New formula"
    },
    {
      "datatype": "string",
      "name": "col5",
      "validateData": true,
      "title": "Time"
    },
    {
      "datatype": "string",
      "name": "col6",
      "validateData": false,
      "title": "Hours (PM)"
    },
    {
      "datatype": "string",
      "name": "col7",
      "validateData": false,
      "title": "Host"
    },
    {
      "datatype": "string",
      "name": "col8",
      "validateData": false,
      "title": "Special Activities"
    },
    {
      "datatype": "string",
      "name": "col9",
      "validateData": false,
      "title": "Icon Name"
    },
    {
      "datatype": "location",
      "name": "col10",
      "validateData": false,
      "title": "Latitude"
    },
    {
      "datatype": "location",
      "name": "col11",
      "validateData": false,
      "title": "Longitude"
    }
  ]}
}