Host,Location,Address,City,Time,Special Activities,Icon Name
Tri Delta Transit,Delta de Anza Trail between Buchanan & Somersville Rd,"37.998624,-121.84382",Antioch,6:30-10:00am,,cycling
Delta Pedalers Bicycle Club,NE corner of City Park at 2nd & Oak St,"37.933299,-121.693733
","Brentwood, CA",7:00-9:00am & 3:00-6:00pm,,cycling
Renaissance ClubSport,Contra Costa Canal Trail off of N Wiget Ln,"37.930432,-122.028372",Walnut Creek,7:30-9:00am,,cycling
Sports Basement,Contra Costa Canal Trail at Heather Farm Park,"37.924235,-122.04542",Walnut Creek,3:30-6:30pm,,cycling
City of Concord/AssetMark,Monument Corridor Trail across from Mohr Ln at Monument Blvd,"37.948157, -122.051033",Concord,7:00-10:00am & 4:00-7:00pm,,cycling
City of Richmond,Richmond BART,"37.936695, -122.354067",Richmond,7:00-9:00am,,cycling
Kaiser Permanente Walnut Creek Medical Center,Corner of S Main St & Newell Ave (Kaiser Permanente Walnut Creek Medical Center),"37.892741,-122.058617",Walnut Creek,7:00-10:00am,,cycling
City of Antioch,Mokelumne Trail in front of Prewett Park,"37.964635,-121.775043",Antioch,6:00-8:30am,,cycling
Bank of America & TRC Solutions,Near fare gates at Concord BART,Concord BART,Concord,7:00-9:00am & 4:00-6:00pm,,cycling
Cal State East Bay Concord,Outside Academic Services Lobby (Cal State East Bay Concord),"37.944144, -121.977391",Concord,7:30-9:00am & 4:30-6:00pm,,cycling
Kaiser Permanente Antioch Medical Center,Deer Valley Rd & Wellness Way (Kaiser Permanente Antioch Medical Center),"37.952508, -121.777988",Antioch,6:30-9:30am,,cycling
City of Antioch,Delta de Anza Trail at Lone Tree Way (Sutter Delta Medical Center),"37.982598, -121.805468",Antioch,6:00-8:30am & 5:00-7:00pm,,cycling
Ron Nunn Elementary School,Corner of Rose Brook Terrace & Central Blvd (Ron Nunn Elementary School),"37.930079, -121.728943",Brentwood,7:45-9:00am,,cycling
East Bay Regional Park District,Marsh Creek Trail at Central Blvd,"37.934476, -121.708763",Brentwood,3:00-6:00pm,,cycling
Monument Impact,Meadow Homes Park at the corner of Detroit Ave & Sunshine Dr,"37.964972, -122.038214",Concord,3:30-5:30pm,,cycling
Monument Impact,Front of 1371 Detroit Ave (Meadow Homes Elementary School),"37.966040, -122.039118",Concord,7:30-8:30am,,cycling
Monument Impact,Front of 1135 Lacey Ln (Cambridge Elementary School),"37.954487, -122.044374",Concord,7:30-8:30am,,cycling
The Pedaler Bike Shop,"3826 San Pablo Dam Rd (The Pedaler Bike Shop)
","37.964933, -122.313748",El Sobrante,7:00-9:00am & 3:00-5:00pm,Free water bottles,cycling
City of Pittsburg,Delta de Anza Trail at Railroad Ave (West),"38.010061, -121.891848",Pittsburg,6:30-8:30am,,cycling
Diablo Valley College,Contra Costa Canal Trail at Golf Club Rd,"37.971304, -122.073554",Pleasant Hill,3:00-5:00pm,,cycling
SunPower Corporation & City of Richmond,Marina Bay Park at Marina Bay Pkwy & Regatta Blvd,"37.916028, -122.345086",Richmond,7:00-9:00am,,cycling
Sunset Development Company & City of San Ramon,Iron Horse Trail at Bollinger Canyon Rd,"37.763571, -121.954888",San Ramon,6:00-10:00am,,cycling
Encina Bicycle Center,Ygnacio & Contra Costa Canal Trail intersection,"37.940462, -122.010476",Walnut Creek,7:00-9:00am & 5:00-7:00pm,,cycling
Bike Walnut Creek,Olympic Blvd & Newell Ave,"37.888347, -122.071095",Walnut Creek,6:00-9:00am & 4:00-7:00pm,,cycling
511 Contra Costa & Contra Costa Transportation Authority & East Bay Regional Park District,Iron Horse & Contra Costa Canal Trail intersection,"37.922688, -122.055401",Walnut Creek,6:30-9:30am & 4:00-7:00pm,,cycling
City of Walnut Creek,1666 N Main St (City Hall facing N Main St) ,"37.901437, -122.061598",Walnut Creek,7:30-9:30am ,,cycling
Cal State East Bay Concord,4700 Ygnacio Valley Rd - Outside Academic Services Lobby (Cal State East Bay Concord),"37.944150, -121.977400",Concord,7:30-9:00am & 4:30-6:00pm,,cycling
REI/ Stantec,Near bike racks at Pleasant Hill/Contra Costa Centre BART,"37.928251, -122.056031",Walnut Creek,6:30-9:00am & 4:00-7:00pm,,cycling
RPM Mortgage,Iron Horse Trail at the Alamo Trail Head,"37.849594, -122.034515",Alamo,7:00-9:30am,,cycling
Bike Orinda & City of Orinda,Orinda BART,11 Camino Pablo,Orinda,6:30-9:30am,,cycling
Street Smarts/Town of Danville,Iron Horse Trail behind Lunardi's/Danville Train Depot,"37.820486,-122.000868
",Danville,7:00-9:00am,,cycling
City of San Pablo,Sidewalk at crosswalk between city offices and police department (San Pablo City Hall),"37.959638, -122.341674",San Pablo,7:00-9:00am,,cycling
City of Concord,"North Concord BART Station: 3700 Port Chicago Hwy, Concord, CA 94520",North Concord BART station,Concord,7:00-10:00am,,cycling
Central San,Front of 4797 Imhoff Pl,"37.998557, -122.071030",Martinez,6:30-8:30am,,cycling
Nils K.,Contra Costa Canal & Briones Mt Diablo Trail intersection at Geary Rd (south) ,"37.926259, -122.070600",Walnut Creek,6:30-9:00am & 3:30-6:00pm,,cycling
UC Berkeley Richmond Field Station,SF Bay Trail at S 46th St Connector Trail,"37.910143, -122.334333",Richmond,7:00-9:00am,,cycling
Healthy & Livable Pittsburg Collaborative,"Pittsburg / Bay Point BART Station: 
1700 W Leland Rd, Pittsburg, CA 94565",Pittsburg / Bay Point BART Station,Pittsburg,7:00-9:00am,,cycling
WestCAT,"Corner of Sycamore Ave. and Refugio Valley Road, Hercules","38.009024, -122.269663",Hercules,7:00-9:00am,,cycling
City of Richmond,"Richmond Greenway Trail, Harbour Way South & Ohio Ave (on Greenway)","37.931246, -122.359939",Richmond,7:00-9:00am,,cycling
City of Lafayette Bicycle Pedestrian Advisory Committee,Lafayette Plaza Park at the corner of Mt Diablo Blvd & Moraga Rd,"37.891861, -122.118470",Lafayette,6:30-8:30am,,cycling
Hercules Cycling Club,Hercules Transit Center,"38.012530, -122.266036",Hercules,6:30-8:30am,,cycling
Bike Walnut Creek,Near Bike Racks at Walnut Creek BART Station,Walnut Creek BART station,Walnut Creek,6:00-8:00am & 4:00-6:00pm,,cycling
Town of Moraga,Corner of Moraga & St Marys Rd,"37.838650, -122.126064",Moraga,6:30-8:30am,,cycling
City of Richmond,Macdonald Ave & Key Blvd,"37.932030, -122.321878",Richmond,7:00-9:00am,,cycling
Sustainable Contra Costa,Lafayette BART Station,Lafayette BART Station,Lafayette,3:30-6:30pm,,cycling
John Muir House,"National Historic Site: 4202 Alhambra Ave, Martinez, CA 94553","37.992066, -122.130757",Martinez,7:00-9:00am,,cycling
Pacific Gas & Electric Co.,Iron Horse Trail at Crow Canyon Rd.,"37.780573, -121.967047",San Ramon,6:00-9:00am,,cycling
Contra Costa Health Services Green Business Program & Pleasant Hill Recreation and Park District,Contra Costa Canal Trail at Gregory Ln,"37.947774, -122.080344",Pleasant Hill,7:00-9:00 am & 4:00-6:00pm,,cycling
Kaiser Permanente Richmond Medical Center,901 Nevin Ave (Kaiser Permanente Richmond Medical Center),"37.936909, -122.360354",Richmond,11:30am-1:30pm,"Water, fruit, snacks, and Kaiser giveaways",cycling
City of El Cerrito,Ohlone Greenway Natural Area halfway up the block from the El Cerrito Plaza BART ,"37.903592, -122.299576",El Cerrito,7:00-9:00am,"Bike repair station, breakfast snacks",cycling
James Morehouse Project at ECHS,Front of 540 Ashbury Ave (El Cerrito High School),"37.908084, -122.295545",El Cerrito,7:30-9:30am,Bagels and snacks,cycling
Kaiser Permanente Regional Laboratory,914 Marina Way South (Kaiser Permanente Regional Laboratory),"37.918968, -122.355504",Richmond,7:00-9:00am,Breakfast bars and fruit,cycling
Contra Costa College,2600 Mission Bell Dr (Contra Costa College),"37.970382, -122.338510",San Pablo,7:00-9:00am,Energy packs,cycling
Rich City Rides,Bike Happy Hour at 15th St & Macdonald Ave,"37.935720, -122.355215",Richmond,4:30-7:00pm,"Rich City Rides's block party will feature a petting zoo, bouncy house, art show, food trucks and beer from the East Brothers Brewing Company.",capital_big_highlight
Native American Health Center,2566 Macdonald Ave,"37.935132, -122.343849",Richmond,6:00-8:30am,,cycling
