{
  "licenseType": "Unknown",
  "dc:description": "Imported at Tue Sep 12 08:14:15 PDT 2017 from 2012.",
  "exportable": true,
  "dc:title": "ceps_solicitantes-2016",
  "dc:modified": "2017-09-22T15:33:15Z",
  "dc:identifier": "1nmMFrcp3Lych28Y11nYNuh0bVUVrB9cgVoZMTD5n",
  "tableSchema": {"columns": [
    {
      "datatype": "double",
      "name": "col0",
      "validateData": false,
      "title": "cd_pedido"
    },
    {
      "datatype": "double",
      "name": "col1",
      "validateData": false,
      "title": "cd_solicitante"
    },
    {
      "datatype": "string",
      "name": "col2",
      "validateData": false,
      "title": "tp_solicitante"
    },
    {
      "datatype": "string",
      "name": "col3",
      "validateData": false,
      "title": "cd_sexo"
    },
    {
      "datatype": "double",
      "name": "col4",
      "validateData": false,
      "title": "cd_profissao"
    },
    {
      "datatype": "string",
      "name": "col5",
      "validateData": false,
      "title": "nm_profissao"
    },
    {
      "datatype": "double",
      "name": "col6",
      "validateData": false,
      "title": "cd_escolaridade"
    },
    {
      "datatype": "string",
      "name": "col7",
      "validateData": false,
      "title": "dc_escolaridade"
    },
    {
      "datatype": "double",
      "name": "col8",
      "validateData": false,
      "title": "cd_orgao"
    },
    {
      "datatype": "string",
      "name": "col9",
      "validateData": false,
      "title": "orgao_nome"
    },
    {
      "datatype": "date",
      "name": "col10",
      "validateData": false,
      "title": "dt_abertura_pedido"
    },
    {
      "datatype": "string",
      "name": "col11",
      "validateData": false,
      "title": "cd_tipo_instituicao"
    },
    {
      "datatype": "string",
      "name": "col12",
      "validateData": false,
      "title": "dc_tipo_instituicao"
    },
    {
      "datatype": "double",
      "name": "col13",
      "validateData": false,
      "title": "cd_cep"
    },
    {
      "datatype": "location",
      "name": "col14",
      "validateData": false,
      "title": "cd_cep_ed"
    },
    {
      "datatype": "double",
      "name": "col15",
      "validateData": false,
      "title": "len_cep"
    },
    {
      "datatype": "double",
      "name": "col16",
      "validateData": false,
      "title": "nr_endereco_imovel"
    },
    {
      "datatype": "double",
      "name": "col17",
      "validateData": false,
      "title": "mes"
    },
    {
      "datatype": "double",
      "name": "col18",
      "validateData": false,
      "title": "ano"
    }
  ]}
}