{
  "licenseType": "Unknown",
  "dc:description": "Imported at Mon May 21 14:38:43 PDT 2012 from Skaneleden.kml.",
  "exportable": true,
  "defaultStyle": 1,
  "dc:title": "Skaneleden.kml",
  "attribution": "© Stiftelsen Skånska Landskap, 2012",
  "attributionLink": "http://www.skaneleden.se",
  "dc:modified": "2017-10-20T11:35:44Z",
  "dc:identifier": "12YLJaG1Z8h0lnTF40tpJPUt3svDgbSBpkLSS4kU",
  "tableSchema": {"columns": [
    {
      "datatype": "string",
      "name": "col0",
      "validateData": false,
      "title": "description"
    },
    {
      "datatype": "string",
      "name": "col1",
      "validateData": false,
      "title": "name"
    },
    {
      "datatype": "string",
      "name": "col2",
      "validateData": false,
      "title": "type"
    },
    {
      "datatype": "double",
      "name": "col3",
      "validateData": false,
      "title": "trailNumber"
    },
    {
      "datatype": "string",
      "name": "col4",
      "validateData": false,
      "title": "stageNumber"
    },
    {
      "datatype": "location",
      "name": "col5",
      "validateData": false,
      "title": "geometry"
    }
  ]}
}