{
  "licenseType": "Unknown",
  "dc:description": "Imported at Tue Jun 26 21:13:20 PDT 2012 from Common Core State Standards State Legislation: 2012.",
  "exportable": true,
  "dc:title": "Common Core State Standards State Legislation: 2011-2012 CCSS Legislation",
  "attribution": "National Conference of State Legislatures",
  "attributionLink": "www.ncsl.org",
  "dc:modified": "2013-01-08T17:50:26Z",
  "dc:identifier": "1h5AJ65DhEeQTQ0HDelMhJ6hS3d47LIE4PjXjbao",
  "tableSchema": {"columns": [
    {
      "datatype": "date",
      "name": "col0",
      "validateData": false,
      "title": "Timestamp"
    },
    {
      "datatype": "date",
      "name": "col1",
      "validateData": false,
      "title": "Session Year"
    },
    {
      "datatype": "location",
      "name": "col2",
      "validateData": false,
      "title": "State"
    },
    {
      "datatype": "string",
      "name": "col3",
      "validateData": false,
      "title": "Bill Number"
    },
    {
      "datatype": "string",
      "name": "col4",
      "validateData": false,
      "title": "Companion legislation?"
    },
    {
      "datatype": "string",
      "name": "col5",
      "validateData": false,
      "title": "Legislative Sponsor (Companion Legislation Sponsor)"
    },
    {
      "datatype": "string",
      "name": "col6",
      "validateData": false,
      "title": "Sponsor Party"
    },
    {
      "datatype": "date",
      "name": "col7",
      "validateData": false,
      "title": "Date Introduced"
    },
    {
      "datatype": "string",
      "name": "col8",
      "validateData": false,
      "title": "Bill Title"
    },
    {
      "datatype": "string",
      "name": "col9",
      "validateData": false,
      "title": "Disposition"
    },
    {
      "datatype": "string",
      "name": "col10",
      "validateData": false,
      "title": "Status"
    },
    {
      "datatype": "string",
      "name": "col11",
      "validateData": false,
      "title": "Status Details"
    },
    {
      "datatype": "string",
      "name": "col12",
      "validateData": false,
      "title": "Location"
    },
    {
      "datatype": "date",
      "name": "col13",
      "validateData": false,
      "title": "Date of Last Action"
    },
    {
      "datatype": "string",
      "name": "col14",
      "validateData": false,
      "title": "Legislative Objective"
    },
    {
      "datatype": "string",
      "name": "col15",
      "validateData": false,
      "title": "Bill Summary"
    },
    {
      "datatype": "string",
      "formatPattern": "<a href='%1$s'>%1$s<\/a>",
      "name": "col16",
      "validateData": false,
      "title": "Link to Bill Text"
    },
    {
      "datatype": "string",
      "formatPattern": "<a href='%1$s'>%1$s<\/a>",
      "name": "col17",
      "validateData": false,
      "title": "Link to Fiscal Note"
    },
    {
      "datatype": "string",
      "formatPattern": "<a href='%1$s'>%1$s<\/a>",
      "name": "col18",
      "validateData": false,
      "title": "Link to Bill Webpage"
    },
    {
      "datatype": "string",
      "formatPattern": "<a href='%1$s'>%1$s<\/a>",
      "name": "col19",
      "validateData": false,
      "title": "Bill amendment comparisons:"
    },
    {
      "datatype": "string",
      "formatPattern": "<a href='%1$s'>%1$s<\/a>",
      "name": "col20",
      "validateData": false,
      "title": "Other links:"
    },
    {
      "datatype": "date",
      "formatPattern": "<a href='%1$s'>%1$s<\/a>",
      "name": "col21",
      "validateData": false,
      "title": "Other links:"
    },
    {
      "datatype": "string",
      "name": "col22",
      "validateData": false,
      "title": "Flag Legislation"
    },
    {
      "datatype": "string",
      "name": "col23",
      "validateData": false,
      "title": "Explain reason for flag:"
    },
    {
      "datatype": "string",
      "name": "col24",
      "validateData": false,
      "title": "Comments:"
    }
  ]}
}