State,Bill Number,Legislative Sponsor (Companion Legislation Sponsor),Date Introduced,Bill Title,Status,Date of Last Action,Legislative Objective,Bill Summary,Link to Fiscal Note,Link to Bill Webpage
Alabama,AL H 541,Williams P (Holtzclaw),3/14/2012,Education Options Act of 2012,Failed,5/9/2012,"Legislative Approbation, Other: Alignment with school innovation zones","Creates flexibility zones within local school systems. Requires that when local school systems apply for flexibility, they must provide assurance to the state department of education that they will maintain a commitment to state standards, assessments, and academic rigor.",http://alisondb.legislature.state.al.us/acas/ACTIONFiscalNotesFrameMac.asp?OID=76783&LABEL=HB541,http://alisondb.legislature.state.al.us/acas/ACASLoginFire.asp
Alabama,AL H 639,Black M,4/3/2012,Jobs and Education Reform Act,Failed,4/3/2012,Alignment: Higher Education,"The state board, working with the boards of trustees of the colleges and universities in the state and career technical and adult education, shall establish college and career readiness competency standards in reading, writing, and mathematics aligned with the core curriculum adopted by the state board, with the level of performance necessary to satisfy college readiness standards in the technical colleges, community colleges, state colleges and universities of the state and in other advanced training programs. The state board shall require postsecondary institutions to accept core curriculum course work completed by high school students for purposes of admission into the institutions.",N/A,http://alisondb.legislature.state.al.us/acas/ACASLoginFire.asp
Alabama,AL S 514,Ross,4/12/2012,Jobs and Education Reform Act of 2012,Failed,4/12/2012,Alignment: Higher Education,"Requires the state board to work with the boards of trustees of the colleges and universities in the state and career technical and adult education, to establish college and career readiness competency standards in reading, writing, and mathematics aligned with the core curriculum with the level of performance necessary to satisfy college readiness standards in the technical colleges, community colleges, state colleges and universities of the state and in other advanced training programs. Requires postsecondary institutions to accept core curriculum course work completed by high school students for purposes of admission into the institutions.",N/A,http://alisondb.legislature.state.al.us/acas/ACASLoginFire.asp
Alabama,AL SJR 49,Brewbaker,3/15/2012,"Legislative Resolution Encouraging Control over academic standards, curriculum, instruction, and testing",Failed,5/8/2012,"Revocation of CCSS Adoption, Legislative Disapprobation","Encourages the State Board of Education to retain control over Alabama academic standards, curriculum, instruction, and testing.",N/A,http://alisondb.legislature.state.al.us/acas/ACASLoginFire.asp
Alaska,AK H 330,Dick,2/17/2012,State Education Standards,Failed,3/23/2012,"Legislative Disapprobation, Other: Requires legislative approval to adopt new academic standards",Establishes a Joint Legislative Task Force on Education Standards; requires the Department of Labor and Workforce Development to provide information and resources to the Task Force; establishes state education standards; amends the authority of the Department of Education and Early Development to adopt education standards; provides for an effective date.,N/A,http://www.legis.state.ak.us/basis/get_bill.asp?session=27&bill=HB330
Arizona,AZ H 2012,Fillmore,1/9/2012,School Superintendents Powers and Duties,Failed,1/10/2012,Alignment: Assessment,"In order to receive funding disbursed pursuant to this title, the county school superintendent shall verify that each school district and charter school in that county annually administers the following tests to pupils in that school district or charter school: 1. A nationally recognized standardized placement test to pupils in grades three and eight. 2. A nationally recognized standardized test for college admissions for pupils in grades ten, eleven and twelve.",N/A,http://www.azleg.gov/DocumentsForBill.asp?Bill_Number=HB2012&Session_ID=107
Arizona,AZ S 1255,Crandall,1/24/2012,School Mastery of Competency,Enacted,3/29/2012,Other: Alignment of college and career readiness standards to alternative pathways to high school graduation,"Requires multiple pathways to be made available to students who are eligible for a high school diploma through a defined, competency-based college-ready educational pathway.",N/A,http://www.azleg.gov/DocumentsForBill.asp?Bill_Number=SB1255&Session_ID=107
Arizona,AZ S 1259,Crandall,1/24/2012,Online Courses Requirements,Failed,5/14/2012,"Alignment: Curriculum (Instructional Materials), Other: Alignment of curriculum specifically for online courses","Provides that beginning July 1, 2013, school districts shall allow each pupil in grades 7 thru 12, as part of the pupil's regular course load, to enroll in up to 2 online courses each academic year. In school years 2013-2014 and 2014-2015, the State Board of Education shall limit the approved category of online courses to courses that award potential college credits and core academic courses. Core academic courses shall be tightly aligned to common core standards.",N/A,http://www.azleg.gov/DocumentsForBill.asp?Bill_Number=SB1259&Session_ID=107
Arkansas,AR SR 3,Elliott,2/27/2012,Development of a Long Range Plan for Broadband,Enacted,2/28/2012,"Alignment: Assessment, Other: Broadband Development",Encourages the senate to support the development of a long-range plan to address the critical need for improved accessibility to broadband connectivity and capacity for Arkansas's communities and public schools.,N/A,http://www.arkleg.state.ar.us/assembly/2011/2012F/Pages/BillInformation.aspx?measureno=sr3
California,CA A 1246,Brownley,2/18/2011,Instructional Materials,Enacted,9/27/2012,Alignment: Curriculum (Instructional Materials),"Makes revisions to the process for adopting instructional materials for kindergarten and grades 1-8, inclusive (K-8) and authorizes the State Board of Education (SBE) to adopt instructional materials aligned to the mathematics common core academic content standards by March 30, 2014.",https://sites.google.com/site/ncslccssupdate/home/resources-and-comments/201120120AB1246_Assembly.pdf?attredirects=0&d=1,http://leginfo.legislature.ca.gov/faces/billNavClient.xhtml?bill_id=201120120AB1246&search_keywords=
California,CA A 1464,Blumenfield,1/10/2012,2012-13 Budget,Enacted,6/27/2012,Appropriation for CCSS Implementation,"Provides $2,360,000 in one-time Title I carryover funds to conduct activities related to implementation of the academic content standards in mathematics and English language arts.",http://leginfo.legislature.ca.gov/faces/billNavClient.xhtml#,http://leginfo.legislature.ca.gov/faces/billNavClient.xhtml?bill_id=201120120AB1464&search_keywords=
California,CA A 1521,Brownley,1/18/2012,Standardized Tests and Reporting: Academic Achievement,Enacted,9/13/2012,"Alignment: Assessment, Alignment: English Language Learners",Makes the standards-aligned primary language assessment available for administration to non-English learners enrolled in dual immersion programs.,https://sites.google.com/site/ncslccssupdate/home/resources-and-comments/201120120AB1521_Assembly.pdf?attredirects=0&d=1,http://leginfo.legislature.ca.gov/faces/billNavClient.xhtml?bill_id=201120120AB1521&search_keywords=
California,CA A 1719,Fuentes,2/16/2012,Supplemental Instructional English Language Materials,Enacted,9/27/2012,"Alignment: Curriculum (Instructional Materials), Alignment: English Language Learners","Establishes a process for the review and approval of supplemental instructional materials (SIMs) that are aligned with the revised English language development (ELD) standards for English learner (EL) pupils and requires the California Department of Education (CDE) to review and approve SIMs aligned to the mathematics common core academic content standards, as specified.",Available on Bill Webpage,http://leginfo.legislature.ca.gov/faces/billNavClient.xhtml?bill_id=201120120AB1719&search_keywords=
California,CA A 1988,Davis,2/23/2012,Pupils: English Learners,Failed,5/25/2012,"Alignment: Assessment, Alignment: English Language Learners","This bill would require that the state board policies ensure that the English language arts curriculum framework for kindergarten and grades 1 to 12, inclusive, and instructional materials for kindergarten and grades 1 to 8, inclusive, include strategies to address the language and literacy needs of pupils who use African American vernacular English. The bill would also require the Instructional Quality Commission to include in the criteria for evaluating English language arts instructional materials directions to publishers to incorporate instructional strategies to address the language and literacy needs of pupils who use African American vernacular English, at every grade level and subject.",Available on Bill Webpage,http://leginfo.legislature.ca.gov/faces/billNavClient.xhtml?bill_id=201120120AB1988&search_keywords=
California,CA A 2116,Lara,2/23/2012,Academic Content Standards: Implementation: Study,Failed,5/25/2012,Creation of Formal CCSS Review,"Requires the State Department of Education to contract for a multiyear independent study of academic content standards and any subsequent common core academic content standards developed by the Common Core State Standards Initiative consortium, or other interstate collaboration, and adopted by the State Board of Education for the purpose of informing policymakers, parents of pupils, and the public about the extent to which newly adopted common core state standards are being implemented. The independent evaluator who conducts the study shall report his or her findings to the Governor and the appropriate policy and fiscal committees of the Legislature on or before February 1, 2014, and then on a biennial basis on or before February 1 of each even-numbered year.",Available on Bill Webpage,http://leginfo.legislature.ca.gov/faces/billNavClient.xhtml?bill_id=201120120AB2116&search_keywords=
California,CA A 224,Bonilla,2/2/2011,School Accountability: Academic Performance Index,Failed,8/25/2011,Alignment: School Accreditation System,"Amends existing law regarding the Academic Performance Index (API). Requires the Superintendent, in consultation with the State Board of Education, to incorporate various indicators into the API, including high school graduation rates and rates by which pupils complete a course study to attain entry-level employment in business or industry. Requires the advisory committee to develop recommendations regarding the API of middle and junior high schools.",Available on Bill Webpage,http://leginfo.legislature.ca.gov/faces/billNavClient.xhtml?bill_id=201120120AB224&search_keywords=
California,CA A 5,Fuentes,12/6/2010,Teachers: Best Practices Teacher Evaluation,Failed,8/30/2012,"Alignment: Assessment, Alignment: Teacher Evaluations","Requires school districts, beginning July 2014, to establish a best practices teacher evaluation system based in part upon pupil academic growth on CCSS-aligned formative and summative assessments. States intent of the Legislature that any assessments developed by a national consortium and adopted by the SBE and used for teacher evaluation meet statistical and psychometric standards appropriate for that purpose.",https://sites.google.com/site/ncslccssupdate/home/resources-and-comments/201120120AB5_Senate.pdf?attredirects=0&d=1,http://leginfo.legislature.ca.gov/faces/billNavClient.xhtml?bill_id=201120120AB5&search_keywords=
California,CA HR 43,Davis,8/30/2012,Standard English Learners,Enacted,8/31/2012,Alignment: English Language Learners,Resolution encouraging policymakers to provide the resources for educators to develop an assessment mechanism to precisely identify standard English learners and provide specific language instruction and professional development to improve standard English proficiency and the overall academic achievement of standard English learners.,N/A,http://leginfo.legislature.ca.gov/faces/billNavClient.xhtml?bill_id=201120120HR43&search_keywords=
California,CA S 1200,Hancock,2/22/2012,Academic Content Standards: Review Commission,Enacted,9/27/2012,"Adopting (or Enabling) Language, Other: Alignment with existing standards, Other: 15% state augmentation of CCSS","This bill authorizes the Superintendent of Public Instruction (SPI) to recommend, and the State Board of Education (SBE) to adopt the Common Core college and career readiness standards. This bill also authorizes the review and modification of standards for 8th grade mathematics, as specified.",https://sites.google.com/site/ncslccssupdate/home/resources-and-comments/201120120SB1200_Senate.pdf?attredirects=0&d=1,http://leginfo.legislature.ca.gov/faces/billNavClient.xhtml?bill_id=201120120SB1200&search_keywords=
California,CA S 1540,Hancock,2/24/2012,Instructional Materials: Revised Curriculum Framework,Enacted,9/8/2012,Alignment: Curriculum (Instructional Materials),"This bill: 1. Requires SBE to consider, by June 30, 2014, the adoption of a revised curriculum framework and evaluation criteria for instructional materials in history-social science; 2. States that this adoption is in order to expedite the time and to minimize the cost of the adoption process; 3. Requires CDE to conduct work necessary to revise the curriculum framework and evaluation criteria for instructional materials in history-social science only after it has completed work related to the development of curriculum frameworks for the common core academic content standards as provided by law.",https://sites.google.com/site/ncslccssupdate/home/resources-and-comments/201120120SB1540_Senate.pdf?attredirects=0&d=1,http://leginfo.legislature.ca.gov/faces/billNavClient.xhtml?bill_id=201120120SB1540&search_keywords=
California,CA S 257,Liu,2/10/2011,Certificated Employees: Evaluation and Assessment,Failed,6/13/2011,Alignment: Teacher Evaluations,"Encourages evaluation and assessment guidelines to include specific information relating to current best teaching practices in all subject areas. Authorizes school districts to incorporate pupil progress toward statewide academic content standards, pupil and parent or guardian input, and observations by trained evaluators into the evaluation of certificated employees.",Available on Bill Webpage,http://leginfo.legislature.ca.gov/faces/billNavClient.xhtml?bill_id=201120120SB257&search_keywords=
California,CA S 740,Hancock,2/18/2011,Pupil Assessment,Failed,8/25/2011,Alignment: Assessment,"Excludes pupils in grade 2 from the standards-based achievement test requirement. Requires the State Department of Education to identify and make available to school districts information regarding existing assessments in language arts and mathematics for pupils in grade 2 for diagnostic use by classroom teachers. Defines, for purposes of the Leroy Greene Assessment of Academic Achievement Act, formative assessment, high-quality assessment, and interim assessment.",Available on Bill Webpage,http://leginfo.legislature.ca.gov/faces/billNavClient.xhtml?bill_id=201120120SB740&search_keywords=
California,CA S 958,Rubio,1/10/2012,Schools: Well-Equipped Classrooms,Failed,5/24/2012,Alignment: Curriculum (Instructional Materials),"Requires the State Department of Education to develop, and the State Board of Education to adopt, for each grade and subject, guidelines for a well-equipped classroom. Requires the guidelines to reflect the materials and physical environment required for a classroom to be in alignment with the common core standards. Requires the department to post the guidelines on its Internet Web site.",Available on Bill Webpage,http://leginfo.legislature.ca.gov/faces/billNavClient.xhtml?bill_id=201120120SB958&search_keywords=
Colorado,CO H 1240,Kerr A (Johnston),4/18/2012,Multi-state Student Assessments,Enacted,6/4/2012,Alignment: Assessment,"Requires Colorado to participate as a governing board member, at least until January 1, 2014, in PARCC or SBAC. In adopting the system of assessments that is aligned with the state standards for reading, writing, and mathematics, requires the state board to rely upon assessments developed PARCC or SBAC.",http://www.leg.state.co.us/clics/clics2012a/csl.nsf/fsbillcont3/6C71FAF6592604C5872579C600661842?Open&file=SB172_00.pdf,http://www.leg.state.co.us/clics/clics2012a/csl.nsf/fsbillcont2/6C71FAF6592604C5872579C600661842?Open
Colorado,CO H 1335,Gerou,4/4/2012,Long Appropriations Bill,Enacted,5/7/2012,"Appropriation for CCSS Implementation, Alignment: Assessment",Provides an appropriation for CCSS-aligned assessments.,N/A,http://www.leg.state.co.us/clics/clics2012a/csl.nsf/fsbillcont2/71B7629D0B804A4687257981007F15F7?Open
Colorado,CO S 47,King,1/11/2012,Basic Skills Testing in High School,Failed,5/3/2012,Alignment: Assessment,Concerns the use of assessment results for students enrolled in grades nine through twelve to assist students in graduating from high school without needing subsequent remedial educational services.,N/A,
Connecticut,CT H 5028,Joint Committee on Higher Education and Employment Advancement,2/8/2012,Common Core State Standards,Failed,4/18/2012,"Alignment: Curriculum (Instructional Materials), Alignment: Higher Education",Concerns the alignment of common core state standards with college curriculum; ensures that students graduating from Connecticut public high schools are prepared to enroll in and successfully complete college level programs at Connecticut's public institutions of higher education and reduce the need for remediation at the college level.,N/A,http://www.cga.ct.gov/asp/cgabillstatus/cgabillstatus.asp?selBillType=Bill&bill_num=5028&which_year=2012&SUBMIT1.x=11&SUBMIT1.y=10
Connecticut,CT H 5350,Joint Committee on Education,2/29/2012,Universal Literacy,Failed,4/23/2012,"Alignment: Instruction, Alignment: Professional Development","Concerns achieving universal literacy by grade three; establishes a reading program that improves the reading skills of students in kindergarten to grade three, inclusive. Aligns reading program instruction with the Connecticut common core state standards. Allows the Commissioner of Education to review whether professional development for K-3 educators aligns with common core state standards implementation.",N/A,http://www.cga.ct.gov/asp/cgabillstatus/cgabillstatus.asp?selBillType=Bill&bill_num=5350&which_year=2012&SUBMIT1.x=0&SUBMIT1.y=0
Connecticut,CT H 5356,Joint Committee on Education,2/29/2012,Public Schools,Failed,3/28/2012,"Alignment: Curriculum (Instructional Materials), Alignment: Higher Education",Concerns Bridges between public schools and institutions of higher education; improves college preparedness by aligning high school and college curricula by establishing a pilot program that requires each priority school district to partner with a public institution of higher education to evaluate and align curricula based on Connecticut's common core state standards and to test students and assess the results to determine college readiness.,N/A,http://www.cga.ct.gov/asp/cgabillstatus/cgabillstatus.asp?selBillType=Bill&bill_num=5356&which_year=2012&SUBMIT1.x=0&SUBMIT1.y=0
Connecticut,CT H 6001 b,Donovan,6/12/2012,State Budget,Enacted,6/15/2012,Alignment: Higher Education,"The bill requires local and regional boards of education, in collaboration with the Board of Regents for Higher Education (BOR) and the UConn Board of Trustees, to develop a plan to align Connecticut's common core state standards (see BACKGROUND) with college-level programs at Connecticut public higher education institutions. The standards and programs must be aligned within one year of Connecticut's implementation of the standards. The bill also requires the State Department of Education (SDE), by July 1, 2013, in collaboration with BOR and the UConn Board of Trustees, to develop a pilot program to incorporate the common core standards into priority school district curricula. The program must also, for the 2013-2014 through the 2017-2018 school years, align the districts' curricula with college-level programs at Connecticut public and independent higher education institutions.",http://www.cga.ct.gov/2012/BA/2012HB-06001-R00SS2-BA.htm,http://www.cga.ct.gov/asp/cgabillstatus/cgabillstatus.asp?selBillType=Bill&bill_num=6001&which_year=2012&SUBMIT1.x=0&SUBMIT1.y=0
Connecticut,CT S 40,Joint Committee on Higher Education and Employment Advancement,2/8/2012,Open Access To College Level Courses,Enacted,5/31/2012,"Alignment: Curriculum (Instructional Materials), Alignment: Higher Education","Concerns open access to college level courses; allows all students open access to entry level courses in a college level program and prohibit public institutions of higher education from forcing any student to enroll in a remedial course. Beginning with the 2016-17 school year, each public high school and public institution of higher education shall complete curricular alignment to enable the successful completion of the high school mathematics and language arts curricula, as described in Connecticut's Common Core State Standards, to be the indicator of readiness for college level work.",http://client.statenet.com/secure/pe/resources.cgi?id=ID:bill:CT2012000S40&show_resource=FISCALNOTEFILECOPY_filenum153_seq00,http://www.cga.ct.gov/asp/cgabillstatus/cgabillstatus.asp?selBillType=Bill&bill_num=40&which_year=2012&SUBMIT1.x=0&SUBMIT1.y=0
Connecticut,CT S 458,Williams D,5/7/2012,Educational Reform Districts,Enacted,5/14/2012,Alignment: Curriculum (Instructional Materials),"The bill requires SDE by July 1, 2013, to develop a coordinated state-wide reading plan for students in grades K-3 that contains research-driven strategies and frameworks to produce effective reading instruction and improvement in student performance. The SDE plan must include reading instruction alignment with the common core state standards that the SBE sets.",http://www.cga.ct.gov/2012/FN/2012SB-00458-R00-FN.htm,http://www.cga.ct.gov/asp/cgabillstatus/cgabillstatus.asp?selBillType=Bill&bill_num=458&which_year=2012&SUBMIT1.x=0&SUBMIT1.y=0
Delaware,DE S 175,DeLuca,1/26/2012,State Government,Failed,1/26/2012,"Appropriation for CCSS Implementation, Alignment: Curriculum (Instructional Materials)","Requires the department of education to review and approve plans and allocate an amount not to exceed $157.00 per certified employee, to be used for developing and implementing curriculum based on the content standards established by the Curriculum Frameworks Commission. Makes other appropriations for comprehensive assessment system.",N/A,http://legis.delaware.gov/LIS/LIS146.nsf/vwLegislation/SB+175?Opendocument
Delaware,DE S 260,McDowell,6/19/2012,Appropriations,Enacted,7/1/2012,Appropriation for CCSS Implementation,"Makes appropriations for the expense of the state government for the fiscal year ending in 2013; requires the department of education to review and approve plans and allocate an amount not to exceed $157.00 per certified employee, to be used for developing and implementing curriculum based on the content standards established by the Curriculum Frameworks Commission. Makes other appropriations for comprehensive assessment system.",N/A,http://www.legis.delaware.gov/lis/lis146.nsf/abdf4f28b24945b485256ae90061b4c0/c664d45fa751cd9485257a1e00516fd1?OpenDocument
Delaware,DE SCR 36,Sokola,4/24/2012,Parent Teacher Association,Enacted,4/25/2012,Legislative Approbation,"Concurrent resolution that commends the Parent Teacher Association for its 115 years of service, as well as on the Association's efforts to educate others on the Common Core State Standards.",N/A,http://legis.delaware.gov/LIS/LIS146.nsf/vwLegislation/SCR+36?Opendocument
Florida,FL H 5101,House PreK-12 Appropriations Subcommittee,1/25/2012,Prekindergarten Through Grade 12 Education Funding,Enacted,4/22/2012,"Appropriation for CCSS Implementation, Alignment: Curriculum (Instructional Materials)","For the 2012-2013 mathematics adoption, a district using a comprehensive mathematics instructional materials program adopted in the 2009-2010 adoption shall be deemed in compliance with this subsection if it provides each student with such additional state-adopted materials as may be necessary to align the previously adopted comprehensive program to common core standards and the other criteria of the 2012-2013 mathematics adoption.",http://www.flsenate.gov/Session/Bill/2012/5101/Analyses/DeMYrQaJeq6vVE9S6jxMY=PL=2m3Ak=|11/Public/Bills/5100-5199/5101/Analysis/h5101a.APC.PDF,http://www.flsenate.gov/Session/Bill/2012/5101/BillText/er/PDF
Florida,FL H 7059,House K-20 Innovation Subcommittee,1/25/2012,Acceleration Options in Public Education,Enacted,4/30/2012,"Alignment: Curriculum (Instructional Materials), Alignment: Higher Education",Relates to acceleration options in public education; provides for Academically Challenging Curriculum to Enhance Learning options to provide eligible public school students educational options that provide academically challenging curriculum or accelerated instruction; requires school district to adopt policy for early graduation; revises provisions relating to articulated acceleration mechanisms and dual enrollment programs.,http://www.flsenate.gov/Session/Bill/2012/7059/Analyses/FiorY6KWk=PL=uBaNeFwWD26vbs5KA=|11/Public/Bills/7000-7099/7059/Analysis/h7059a.PKAS.PDF,http://www.flsenate.gov/Session/Bill/2012/7059
Georgia,GA H 713,Nix,1/11/2012,Quality Basic Education Act,Enacted,5/1/2012,"Alignment: Curriculum (Instructional Materials), Alignment: Higher Education",Relates to the Quality Basic Education Act; delays implementation of some career and college readiness initiatives until 2013; requires career education in grades kindergarten through 12; extends the date (from the 2012-2013 school year to the 2013-2014 school year) by which the state models and curriculum framework must be approved; changes the mandated assessment for postsecondary readiness to the end of the eleventh grade; requires the establishment of a process for determining how completion of transition courses affect readiness standards.,N/A,http://www.legis.ga.gov/Legislation/en-US/display/20112012/HB/713
Georgia,GA H 936,Casas (Millar),2/8/2012,Quality Basic Education Act,Failed,2/9/2012,"Appropriation for CCSS Implementation, Alignment: Professional Development","Subject to appropriations by the General Assembly, the State Board of Education shall provide professional development centered on state-wide strategic initiatives. Such strategic initiatives may include, but are not limited to, training on the new common core curriculum, support for under-performing educators, and mentoring programs in specific subject areas.",N/A,http://www.legis.ga.gov/legislation/en-US/Display/20112012/HB/936
Georgia,GA HR 489,Thomas B,3/4/2011,Professional Learning Rules Task Force,Failed,1/9/2012,Alignment: Professional Development,Directs the State Board of Education to revise its professional learning rules; establishes a Professional Learning Rules Task Force; provides written guidance.,N/A,http://www.legis.ga.gov/legislation/en-US/Display/20112012/HR/489
Georgia,GA S 289,Rogers Ch,4/13/2011,Elementary and Secondary Education,Enacted,5/1/2012,Alignment: Assessment,"Requires that by the 2015-2016 school year, the State Board of Education must make all end-of-course assessments available online and shall establish rules and regulations to maximize the number of students and school systems utilizing such online assessments.",N/A,http://www.legis.ga.gov/Legislation/en-US/display/20112012/SB/289
Georgia,GA S 364,Ligon,1/31/2012,Educational Programs,Failed,3/7/2012,Legislative Disapprobation,"Relates to educational programs, so as to prohibit the use of standards based grading in grades four through 12; provides for legislative findings; provides for as definition; provides for related matters; repeals conflicting laws.",N/A,http://www.legis.ga.gov/Legislation/en-US/display/20112012/SB/364
Georgia,GA S 404,Millar (Casas),2/8/2012,Quality Basic Education Act,Enacted,4/19/2012,"Appropriation for CCSS Implementation, Alignment: Professional Development","Subject to appropriations by the General Assembly, the State Board of Education shall provide professional development centered on state-wide strategic initiatives. Such strategic initiatives may include, but are not limited to, training on the new common core curriculum, support for under-performing educators, and mentoring programs in specific subject areas.",N/A,http://www.legis.ga.gov/legislation/en-US/Display/20112012/SB/404
Hawaii,HI H 2091,Nakashima,1/19/2012,Department of Education Assessment Program,Failed,2/14/2012,Alignment: Assessment,"Directs the Department of Education to establish a three-year pilot project that implements a comprehensive assessment program for certain students in grades seven, eight, and nine.",N/A,http://www.capitol.hawaii.gov/measure_indiv.aspx?billtype=HB&billnumber=2091
Hawaii,HI H 2875,Carroll,1/25/2012,Hawaiian Language Immersion Program,Failed,4/19/2012,Alignment: Assessment,"Requires reading, math, science, and other assessments administered to students in grades three through six of the Department of Education's Hawaiian Language Immersion Program to be developed originally in the Hawaiian language; requires the Board of Education to adopt rules establishing procedures for the development of these assessments in collaboration with the Hawaiian language community; requires status reports to the 2013 and 2014 legislatures.",N/A,http://www.capitol.hawaii.gov/measure_indiv.aspx?billtype=HB&billnumber=2875
Indiana,IN S 129,Waterman,1/4/2012,ISTEP,Failed,1/4/2012,Alignment: Assessment,Relates to ISTEP; replaces the ISTEP test program with the Measures of Academic Progress assessment program; repeals the definition of ISTEP program; makes conforming changes.,http://client.statenet.com/symtree/xmlbill/IN/2012000/S/129/FISCALIMPACT_vrd20111208_seq00.pdf,http://www.in.gov/apps/lsa/session/billwatch/billinfo?year=2012&session=1&request=getBill&docno=129
Indiana,IN S 373,Schneider,1/9/2012,Common Core State Standards,Failed,1/25/2012,Revocation of CCSS Adoption,Relates to common core state standards; provides that the state board of education may not adopt as standards for the state any common core standards developed by the Common Core State Standards Initiative; voids any action taken to adopt common core standards.,http://www.in.gov/legislative/bills/2012/PDF/FISCAL/SB0373.001.pdf,http://www.in.gov/apps/lsa/session/billwatch/billinfo?year=2012&session=1&request=getBill&doctype=SB&docno=0373#latest_info
Indiana,IN S 413,Yoder,1/9/2012,Various Education Matters,Failed,2/13/2012,Alignment: Curriculum (Instructional Materials),Provides that the Indiana Department of Education shall determine the process for evaluating the curricular materials' alignment to academic standards and the appropriateness of the reading level of the curricular.,http://client.statenet.com/symtree/xmlbill/IN/2012000/S/413/FISCALIMPACT_vrd20120130_seq00.pdf,http://www.in.gov/apps/lsa/session/billwatch/billinfo?year=2012&session=1&request=getBill&docno=413
Indiana,IN SR 25,Schneider,2/1/2012,Interim Study Committee on Common Core Standards,Failed,2/20/2012,"Creation of Formal CCSS Review, Legislative Disapprobation",Urges the legislative council to establish an interim study committee to study Common Core Standards.,N/A,http://www.in.gov/apps/lsa/session/billwatch/billinfo?year=2012&session=1&request=getBill&doctype=SR&docno=0025
Indiana,IN SR 38,Schneider,2/16/2012,Study Committee on Common Core State Standards,Enacted,2/28/2012,"Creation of Formal CCSS Review, Legislative Disapprobation",A SENATE RESOLUTION urging the legislative council to establish an interim study committee to study Common Core State Standards.,N/A,http://www.in.gov/apps/lsa/session/billwatch/billinfo?year=2012&session=1&request=getBill&doctype=SR&docno=0038
Iowa,IA H 2241,Byrnes,2/7/2012,Establishes Requirements for School District,Failed,2/8/2012,"Alignment: Curriculum (Instructional Materials), Alignment: Higher Education","Establishes requirements for school districts, area education agencies , postsecondary institutions, and the Department of Education relating to student testing and remediation at the secondary level and alignment of the secondary curricula with the curricula requirements of accredited postsecondary institutions; directs the State Board of Education to adopt high school graduation-related rules which by July 1, 2013. Requires improved interconnectivity between schools, school districts, and postsecondary institutions including an evaluation of deficiencies in schools’ English and math curricula and assessments.",N/A,http://coolice.legis.state.ia.us/Cool-ICE/default.asp?Category=BillInfo&Service=Billbook&ga=84&hbill=HF2241
Iowa,IA H 2380,House Education Committee,2/27/2012,Programs and Activities,Failed,3/19/2012,"Alignment: Curriculum (Instructional Materials), Creation of Formal CCSS Review","Creates a core curriculum framework and core content standards advisory council under the department of education to create and disseminate to school districts, charter schools, and accredited nonpublic schools a model curriculum that is directly tied to the goals, outcomes, and assessment strategies identified in the core content standards. The model curriculum shall identify a developmentally appropriate scope and sequence of instruction applicable to the core content standards, instructional material resources, and teaching and assessment strategies. The model curriculum shall provide guidance to school districts and schools and expand on the core content standards.",https://www.legis.iowa.gov/DOCS/FiscalNotes/84_5398HVv0_FN.pdf,http://coolice.legis.state.ia.us/Cool-ICE/default.asp?Category=BillInfo&Service=Billbook&ga=84&hbill=HF2380
Iowa,IA S 2284,Senate Education Committee,2/20/2012,State Board of Education,Enacted,5/25/2012,"Alignment: Curriculum (Instructional Materials), Creation of Formal CCSS Review","Convenes a core curriculum framework and core content standards advisory council. The advisory council shall review the national assessment of educational progress standards and assessments used by other states, and shall consider standards identified as best practices in the field of study nationally recognized entities representing teachers of core curriculum subject areas, and other recognized experts; and shall review the core curriculum and core content standards.",N/A,http://coolice.legis.state.ia.us/Cool-ICE/default.asp?Category=BillInfo&Service=Billbook&ga=84&hbill=SF2284
Iowa,IA S 2321,Senate Appropriations Committee,3/12/2012,College Student Aid Commission,Enacted,5/25/2012,Appropriation for CCSS Implementation,"For purposes of implementing the statewide core curriculum for school districts and accredited nonpublic schools and a state-designated career information and decision-making system: $1,500,000.",https://www.legis.iowa.gov/DOCS/NOBA/84_SSB3172_SSub.pdf,http://www.legis.state.ia.us/aspx/Cool-ICE/DisplayBills.htm
Kansas,KS H 2768,House Appropriations Committee,3/1/2012,Capital Improvement Appropriations,Failed,5/10/2012,"Creation of Formal CCSS Review, Legislative Disapprobation","Prohibits that during FYs 2012, and 2013, the department of education or any school district from expending any additional state moneys to implement the common core standards until a study is conducted for a cost analysis of the implementation of the common core standards in Kansas. The cost analysis should determine what additional expenditures schools, the department of education and the state board of education will incur in implementing the common core standards over one, three, five and 10 year periods from the date of implementation. Upon completion of the cost analysis, the department of education may proceed with the implementation of the common core standards.",http://www.kslegislature.org/li/b2011_12/measures/documents/bill_exp_hb2768_01_0000.pdf,http://www.kslegislature.org/li/b2011_12/measures/hb2768/
Kansas,KS S 294,Joint Committee on Special Claims Against the State,1/18/2012,Claims Against the State,Enacted,5/31/2012,"Creation of Formal CCSS Review, Legislative Disapprobation","Prohibits that during FYs 2012, and 2013, the department of education or any school district from expending any additional state moneys to implement the common core standards until a study is conducted for a cost analysis of the implementation of the common core standards in Kansas. The cost analysis should determine what additional expenditures schools, the department of education and the state board of education will incur in implementing the common core standards over one, three, five and 10 year periods from the date of implementation. Upon completion of the cost analysis, the department of education may proceed with the implementation of the common core standards.",http://www.kslegislature.org/li/b2011_12/measures/documents/bill_exp_sb294_01_0000.pdf,http://www.kslegislature.org/li/b2011_12/measures/sb294/
Kentucky,KY S 38,Wilson M (Office of Jack Westwood),1/3/2012,Career and Technical Education,Enacted,4/19/2012,Alignment: Higher Education,"Expresses legislative goals for career and technical education; defines terms related to technical education; provides for assistance in identifying students who are academically behind and to develop accelerated courses; relates to the identification and funding of evidence-based instructional models; establishes career academies and a Career and Technical Education Advisory Committee; relates to vocational education and technology centers, and eligibility for grants including graduation rates.",N/A,http://www.lrc.ky.gov/record/12RS/SB38.htm
Louisiana,LA H 707,Schroder,3/1/2012,Statewide Education Standards,Enacted,5/25/2012,"Adopting (or Enabling) Language, Alignment: Assessment",Relates to the Louisiana Competency-Based Education Program and the Louisiana Educational Assessment Program; provides relative to student assessment and statewide education standards; provides that standards-based assessments implemented by the State Board of Elementary and Secondary Education in English language arts and mathematics shall be based on nationally recognized content standards.,N/A,http://legis.la.gov/billdata/byinst.asp?sessionid=12RS&billtype=HB&billno=707
Louisiana,LA HCR 201,Pugh,6/3/2012,School Graduation Requirements,Enacted,6/4/2012,Alignment: Curriculum (Instructional Materials); Alignment: High School Graduation Requirements,"Requests that the State Board of Elementary and Secondary Education review its policies relative to graduation requirements, particularly as they pertain to core curricula and diploma paths.",N/A,http://legis.la.gov/billdata/byinst.asp?sessionid=12RS&billtype=HCR&billno=201
Maine,ME S 439,Langley,4/5/2011,Future Economy,Enacted,5/21/2012,Alignment: High School Graduation Requirements,"Requires local school administrative units to transition to proficiency-based standards for awarding a high school diploma by January 1, 2017 contingent on transition grants being provided annually.",http://www.mainelegislature.org/legis/bills/bills_125th/fiscalpdfs/FN142216.pdf,http://www.mainelegislature.org/LawMakerWeb/summary.asp?ID=280041117
Maryland,MD H 1214,Kaiser,2/10/2012,County Board of Education,Enacted,5/22/2012,Other: Alignment with adequacy funding study,"No later than June 30, 2014, the Maryland State Department of Education, in consultation with the Department of Budget and Management and the Department of Legislative Services, shall contract with a public or private entity to conduct a study of the adequacy of education funding in the State. The study shall be conducted in phases, with the first phase beginning no later than June 30, 2014, and the final phase being completed by December 1, 2016. The study shall incorporate standards from the common core curriculum adopted by the State Board of Education and 2 years of results from the new common core assessments, which are scheduled to be implemented beginning in the 2014-2015 school year.",http://mlis.state.md.us/2012rs/fnotes/bil_0004/hb1214.pdf,http://mlis.state.md.us/2012rs/billfile/hb1214.htm#Title
Maryland,MD H 1227,Busch,2/10/2012,State Board of Education,Enacted,5/22/2012,Alignment: Assessment,Requires the State Board and the State Superintendent to design and implement assessment programs in specified subjects; requires specified grade band assessments and end-of-course assessments to be implemented.,http://mlis.state.md.us/2012rs/bills/hb/hb1227t.pdf,http://mlis.state.md.us/2012rs/billfile/hb1227.htm
Maryland,MD H 1450,Mitchell (Pugh),3/5/2012,State Department of Education,Failed,3/9/2012,Other: Alignment: Supplemental Educational Services,Requires the State Department of Education to supervise the provision of supplemental educational services in the State; requires a supplemental educational services provider to demonstrate that the curricula used by the provider are aligned to the state's academic performance standards.,N/A,http://mlis.state.md.us/2012rs/billfile/hb1450.htm
Maryland,MD S 1090,Pugh (Mitchell),3/5/2012,Public Schools,Failed,3/9/2012,Other: Alignment: Supplemental Educational Services,Requires the State Department of Education to supervise the provision of supplemental educational services in the State; requires a supplemental educational services provider to demonstrate that the curricula used by the provider are aligned to the state's academic performance standards.,N/A,http://mlis.state.md.us/2012rs/billfile/SB1090.htm
Maryland,MD S 293,Miller T,1/26/2012,State Board of Education,Enacted,5/22/2012,"Appropriation for CCSS Implementation, Alignment: Assessment, Creation of Formal CCSS Review","Requires the State Board to develop and implement certain State-specific assessments by a certain school year if certain determinations are made regarding certain middle school and high school level assessments; requires the Governor to include a certain appropriation in the fiscal year 2014 State budget bill if a certain amount of funding to administer a certain Maryland high school assessment is not provided in the fiscal year 2013 State budget bill; requires that if the state board determines an assessment does not adequately measure the skills and knowledge set forth in the state's adopted curricula for a core content area, the department must develop a state-specific assessment in that core content area to be implemented in the 2016-2017 school year.",http://mlis.state.md.us/2012rs/fnotes/bil_0003/sb0293.pdf,http://mlis.state.md.us/2012rs/billfile/sb0293.htm#Exbill
Massachusetts,MA H 4274,House Ways and Means Committee,7/16/2012,Commonwealth Virtual Schools,Enacted,1/2/2013,Other: Aligns standards with virtual school course offerings,Aligns virtual school course offerings with state academic standards.,,http://www.malegislature.gov/Bills/187/House/H04274
Michigan,MI H 5894,McMillin,9/12/2012,Core Standards,Introduced,9/12/2012,"Legislative Disapprobation, Revocation of CCSS Adoption",Prohibits the state board and the department from implementing the common core standards. Requires the state board to take the necessary action to rescind the state board's adoption of common core standards. Requires the state board to ensure that the state board model core academic curriculum content standards under section 1278 and the subject area content expectations that apply to the credit requirements of the Michigan merit standard under sections 1278a and 1278b are not based upon the common core standards described in subsection (1).,N/A,http://www.legislature.mi.gov/%28S%285kfmg3aghp53ll2ypydl13mf%29%29/mileg.aspx?page=getObject&objectName=2012-HB-5894
Michigan,MI H 6086,Lipton,12/6/2012,Public Education Goals,Introduced,12/6/2012,Other: Uses CCSS in definition of adequacy,Requires comprehensive statewide cost study to determine cost of meeting certain state public education goals. Uses state standards (CCSS) in its definition of an adequate education. (“’Adequacy’ means whether sufficient state and local resources are being committed to meet established performance standards and assure academic success for all.”),,http://www.legislature.mi.gov/%28S%28u4sfxe55cma0nkvbbx33hajg%29%29/mileg.aspx?page=getObject&objectName=2012-HB-6086
Minnesota,MN H 1847,Erickson (Nelson C),1/24/2012,Education,Failed,1/24/2012,"Legislative Disapprobation, Other: Requires legislative approval to implement CCSS curriculum",Relates to education; requires the legislature (not the commissioner of education) to authorize any cyclical revisions of academic standards and high school graduation requirements.,N/A,
Minnesota,MN S 1656,Nelson C (Erickson),2/1/2012,Education,Failed,5/4/2012,"Legislative Disapprobation, Other: Requires legislative approval to implement CCSS curriculum",Relates to education; requires the legislature (not the commissioner of education) to authorize any cyclical revisions of academic standards and high school graduation requirements.,N/A,http://www.senate.leg.state.mn.us/bills/billinf.php?ls=87
Mississippi,MS H 1593,Moore J,3/21/2012,Funding Education,Enacted,5/10/2012,Appropriation for CCSS Implementation,"To the State Department of Education, excluding the expenses of the Vocational and Technical Education Division, for the following purposes: Testing..... $ 2,545,451.00. Common Core/Literacy..... $ 94,082.00.",N/A,http://billstatus.ls.state.ms.us/2012/pdf/history/HB/HB1593.xml
Mississippi,MS H 233,Scott O,2/13/2012,Board of Education and Higher Education Goals,Failed,3/6/2012,Alignment: Higher Education,"Relates to vision 2020 an education blueprint for two thousand twenty; requires the State Board of Education to adopt a rule that includes goals, objectives, strategies, indicators and benchmarks; establishes goals for higher education in the state; creates an education partnership to achieve state goals and objectives.",N/A,http://billstatus.ls.state.ms.us/2012/pdf/history/HB/HB0233.xml
Mississippi,MS S 2737,Tollison,2/20/2012,Low Performing Schools and School Districts,Enacted,5/9/2012,Other: Alignment: School Accreditation System,"Upon full implementation of Common Core State Standards and the corresponding assessments, requires the State Board of Education acting through the State Department of Education to implement a new school and school district accreditation rating system to a simple ""A,"" ""B,"" ""C,"" ""D"" and ""F"" designation.",N/A,http://billstatus.ls.state.ms.us/2012/pdf/history/SB/SB2737.xml
Mississippi,MS S 2776,Collins,2/20/2012,School and District Accreditation Rating Terminology,Enacted,5/23/2012,Other: Alignment: School Accreditation System,"Upon full implementation of Common Core State Standards and the corresponding assessments, requires the State Board of Education acting through the State Department of Education to implement a new school and school district accreditation rating system to a simple ""A,"" ""B,"" ""C,"" ""D"" and ""F"" designation.",N/A,http://billstatus.ls.state.ms.us/2012/pdf/history/SB/SB2776.xml
Missouri,MO H 1708,Bahr,2/9/2012,Common Core Standards Initiative,Failed,2/23/2012,Revocation of CCSS Adoption,Prohibits the state board of education and Department of Elementary and Secondary Education from adopting or implementing the Common Core State Standards developed by the Common Core Standards Initiative.,N/A,http://www.house.mo.gov/billsummary.aspx?bill=HB1708&year=2012&code=R
Missouri,MO HCR 34,Bahr,2/9/2012,Common Core Standards,Failed,3/8/2012,Legislative Disapprobation,Rejects any policies and procedures that would be incumbent on Missouri based on the Common Core Standards Initiative required for participation in Race to the Top.,N/A,http://www.house.mo.gov/billsummary.aspx?bill=HCR34&year=2012&code=R
New Jersey,NJ S 1745,Rice,3/5/2012,School District Educational Technology Disparities,Introduced,3/5/2012,Alignment: Curriculum (Instructional Materials),Establishes pilot program in Department of Education to ameliorate disparities among school districts with respect to educational technology and to aid each pupil to attain the educational technology and information literacy skills needed to achieve the core curriculum content standards and to succeed in the workplace.,N/A,http://www.njleg.state.nj.us/
New Mexico,NM H 53,Miera (Lopez),1/17/2012,Public Schools and Child Deficiencies,Failed,2/1/2012,Alignment: Assessment,"Relates to public schools; limits grade retentions by providing that a student who is not proficient in reading and mathematics at the end of kindergarten and each grade through eighth grade shall be provided with intensive remediation; provides for assessment, intervention and remediation programs to address deficiencies identified at the end of kindergarten and each grade through eighth grade.",http://client.statenet.com/symtree/xmlbill/NM/2012000/H/53/FISCALIMPACT_vrd20120202_seq08.pdf,http://www.nmlegis.gov/lcs/_session.aspx?Chamber=H&LegType=B&LegNo=53&year=12
New Mexico,NM S 313,Sanchez M,2/1/2012,Educational State Standards,Failed,2/1/2012,"Alignment: Assessment, Other: Suspends certain graduation requirements during implementation",Relates to public education; temporarily suspending certain graduation requirements during the Public Education Department's transition to assessments aligned to common core state standards.,N/A,http://www.nmlegis.gov/lcs/_session.aspx?chamber=S&legtype=B&legno=%20313&year=12
New Mexico,NM S 50,Lopez (Miera),1/17/2012,Public Schools and Student Proficiency,Failed,2/14/2012,Alignment: Assessment,Relates to public schools; provides for improved intervention and remediation policies for students that have not demonstrated proficiency; and retention and promotion practices for students that have demonstrated proficiency in kindergarten through grade eight. Promotion and retention policies shall be aligned with valid assessments.,http://client.statenet.com/symtree/xmlbill/NM/2012000/S/50/FISCALIMPACT_vrd20120201_seq08.pdf,http://www.nmlegis.gov/lcs/_session.aspx?Chamber=S&LegType=B&LegNo=50&year=12
New Mexico,NM SM 73,Sanchez M,2/7/2012,School Assessment Costs,Enacted,2/15/2012,Creation of Formal CCSS Review,"Requests the Legislative Finance Committee and the Legislative Education Study Committee, in conjunction with the Public Education Department, to conduct an analysis of the cost, both in instructional time and money, of all assessments of New Mexico students, including proposed assessments related to common core state standards.",N/A,http://www.nmlegis.gov/lcs/_session.aspx?Chamber=S&LegType=M&LegNo=73&year=12
North Carolina,NC H 766,Cotham,4/6/2011,Career and College Readiness Study,Failed,11/8/2011,"Alignment: Assessment, Legislative Approbation",Provides for the assessment of career and college readiness with nationally and internationally benchmarked tests; the continuation of North Carolina's participation in the development and implementation of tests related to common core state standards adopted by a majority of States; diagnostic tools to assist in teaching and student learning,N/A,http://www.ncga.state.nc.us/gascripts/BillLookUp/BillLookUp.pl?Session=2011&BillID=h766&submitButton=Go
North Carolina,NC S 724,Stein,4/20/2011,Education Reforms,Enacted,6/26/2012,"Alignment: Professional Development, Alignment: Teacher Preparation Programs","To further ensure that teacher preparation programs remain current and reflect a rigorous course of study that is aligned to State and national standards, the State Board of Education, in consultation with the Board of Governors of The University of North Carolina, shall ensure students preparing to teach in elementary schools (i) have adequate coursework in the teaching of reading and mathematics; (ii) are assessed prior to certification to determine that they possess the requisite knowledge in scientifically based reading and mathematics instruction that is aligned with the State Board's expectations; and (iii) continue to receive preparation in applying formative and summative assessments within the school and classroom setting through technology-based assessment systems available in North Carolina schools that measure and predict expected student improvement.",N/A,http://www.ncga.state.nc.us/gascripts/BillLookUp/BillLookUp.pl?Session=2011&BillID=s724&submitButton=Go
Ohio,OH H 555,Stebelton,5/22/2012,Academic Performance Ratings System for Public Schools,Enacted,12/21/2012,"Alignment: Assessment, Other: Exemption Provisions; Other: Alignment: School Performance Rating System","Requires the State Board to submit to the General Assembly by March 31, 2013 recommendations to create a one-year ""safe harbor"" provision for the first year of the PARCC assessments, due to be in full operation for the 2014-2015 school year. Recommendations must include a method to exempt public districts and schools from the various sanctions or penalties associated with report card grades for the first year the PARCC assessments are administered in Ohio if a public district or school's decline in the performance index score is within a certain specified level compared to the statewide average decline.",http://www.lsc.state.oh.us/fiscal/fiscalnotes/129ga/hb0555en.pdf,http://www.legislature.state.oh.us/bills.cfm?ID=129_HB_555
Ohio,OH S 316,Lehner,3/22/2012,Type B Family Day Care Homes,Enacted,6/25/2012,Alignment: Curriculum (Instructional Materials),"Requires the Superintendent of Public Instruction to present updated academic standards and model curricula in English language arts, math, science, and social studies to the House and Senate education committees at least 45 days before their adoption by the State Board of Education. Require that no later than June 30, 2013, the state board, in consultation with any office housed in the governor's office that deals with workforce development, will adopt model curricula for grades K-12 that embed career connection learning strategies into regular classroom instruction.",N/A,http://www.legislature.state.oh.us/bills.cfm?ID=129_SB_316
Oklahoma,OK H 2461,Moore,1/20/2012,Schools,Failed,2/7/2012,Legislative Disapprobation,Relates to schools; relates to the review of adopted curriculum; deletes requirement for the adoption of K-12 Common Core State Standards; declares an emergency.,N/A,http://www.oklegislature.gov/BillInfo.aspx?Bill=hb2461
Oklahoma,OK H 2624,Blackwell,1/20/2012,Schools,Failed,2/7/2012,"Legislative Disapprobation, Other: Requires legislative approval to implement CCSS curriculum","Relates to schools; relates to the review of adopted curriculum; requires legislative consent for implementation of curriculum aligned with K-12 Common Core State Standards; declares an emergency: ""Implementation of any subject matter curriculum or revised subject matter curriculum which is adopted by the State Board of Education for the purpose of aligning the curriculum with any K-12 Common Core State Standards developed by the Common Core State Standards Initiative shall be contingent upon the consent of the Oklahoma Legislature authorizing implementation.""",N/A,http://www.oklegislature.gov/BillInfo.aspx?Bill=hb2624
Oklahoma,OK H 2762,Denney (Jolley),2/6/2012,"Creating the Commission for Education, Instruction Quality and, Accountability to assume roles of multiple entities.",Failed,2/16/2012,Alignment: Assessment,"The measure requires the Commission for Education, Instruction Quality, and Accountability, rather than the Education Oversight Board, to maintain the Oklahoma Educational Indicators Program to assess performance of public school districts. The Commission for Education, Instruction Quality, and Accountability, rather than the State Board of Education, must set student performance levels and cut scores for the Oklahoma School Testing Act and may enter into a contract with a private vendor to do so. The commission must use the Partnership for Assessment of Readiness for College and Careers, rather than the National Assessment of Educational Progress, for setting student performance levels.",N/A,http://www.oklegislature.gov/BillInfo.aspx?Bill=hb2762
Oklahoma,OK H 3030,Coody,2/6/2012,Schools,Failed,2/7/2012,"Alignment: Curriculum (Instructional Materials), Alignment: Instruction",Relates to schools; relates to high school graduation requirements; modifies curricular requirements for mathematics; specifies types of mathematics courses; allows certain career technology courses to be substituted; delays implementation under certain circumstances; directs the State Board of Education to make certain determination; requires continuation of the additional mathematics course after implementation; modifies mathematics completion requirement for certain grades.,N/A,http://www.oklegislature.gov/BillInfo.aspx?Bill=hb3030
Oklahoma,OK S 1797,Jolley (Denney),2/6/2012,"Creating the Commission for Education, Instruction Quality and, Accountability to assume roles of multiple entities",Enacted,5/8/2012,Alignment: Assessment,"The measure requires the Commission for Education, Instruction Quality, and Accountability, rather than the Education Oversight Board, to maintain the Oklahoma Educational Indicators Program to assess performance of public school districts. The Commission for Education, Instruction Quality, and Accountability, rather than the State Board of Education, must set student performance levels and cut scores for the Oklahoma School Testing Act and may enter into a contract with a private vendor to do so. The commission must use the Partnership for Assessment of Readiness for College and Careers, rather than the National Assessment of Educational Progress, for setting student performance levels.",http://webserver1.lsb.state.ok.us/cf/2011-12%20SUPPORT%20DOCUMENTS/impact%20statements/fiscal/senate/SB1797%20INT%20FI.DOC,http://www.oklegislature.gov/BillInfo.aspx?Bill=sb1797
Oklahoma,OK S 1818,Halligan,2/6/2012,School Curriculum,Failed,3/13/2012,"Alignment: Curriculum (Instructional Materials), Alignment: Instruction","Beginning with students entering 9th grade in the 2012-2013 school year, students will be required to take four units of math instead of three.",http://webserver1.lsb.state.ok.us/cf/2011-12%20SUPPORT%20DOCUMENTS/impact%20statements/fiscal/senate/SB1818%20INT%20FI.DOC,http://www.oklegislature.gov/BillInfo.aspx?Bill=sb1818
Oregon,OR H 4165,House Education Committee,1/26/2012,Early Learning Council,Enacted,3/6/2012,Alignment: Early Childhood Education,"By June 30, 2013, the Department of Education shall align Common Core State Standards with Oregon Early Learning System outcomes and the Head Start Child Development Early Learning Framework adopted under section 24 of this 2012 Act.",http://www.leg.state.or.us/comm/sms/fis11/fhb4165a02-24-2012.pdf,http://www.leg.state.or.us/mag/home.htm
Pennsylvania,PA H 2298,Thomas,4/3/2012,2011er and Vocational-Technical Education,Failed,4/3/2012,Alignment: Curriculum (Instructional Materials),The board of school directors in every school district shall establish a curriculum aligned with Pennsylvania academic standards on career and vocational-technical education. Every pupil enrolled in the school district shall participate in one class of either career development or vocational-technical education as a graduation requirement.,N/A,http://www.legis.state.pa.us/cfdocs/billinfo/billinfo.cfm?syear=2011&sind=0&body=H&type=B&bn=2298
Pennsylvania,PA H 2514,Tallman,6/26/2012,State Board of Education,Failed,6/26/2012,Other: Requires st. sch. bd. to consider costs when adopting standards,"Requires state school board to consider the economic impact and costs associated with implementation when adopting and establishing policies, principles and standards.",,http://www.legis.state.pa.us/cfdocs/billinfo/billinfo.cfm?syear=2011&sind=0&body=H&type=B&bn=2514
South Carolina,SC S 604,Fair,2/23/2011,Common Core State Standards,Failed,2/23/2011,Revocation of CCSS Adoption,Relates to general provisions concerning education; provides that the common core standards may not be imposed on the state.,N/A,http://www.scstatehouse.gov/billsearch.php?billnumbers=604&session=119&summary=B
South Dakota,SD H 1128,Bolin,1/23/2012,Board of Education Hearings,Enacted,3/1/2012,"Creation of Formal CCSS Review, Legislative Disapprobation",Requires the Board of Education to conduct over a one year period four public hearings before adopting certain Common Core State Standards.,N/A,http://legis.state.sd.us/sessions/2012/Bill.aspx?Bill=1128
Tennessee,TN H 2861,Brooks (Bell),1/23/2012,Scholarships and Programs,Enacted,4/23/2012,"Alignment: Assessment, Alignment: Higher Education","In light of the stated intention of the American Council on Education to create a new GED test aligned with the common core state standards, THEC shall study whether any changes should be made to the requirements for receipt of Tennessee HOPE lottery scholarships by recipients of GEDs under Section 49-4-908.",http://wapp.capitol.tn.gov/apps/billinfo/BillSummaryArchive.aspx?BillNumber=HB2861&ga=107,http://wapp.capitol.tn.gov/apps/BillInfo/Default.aspx?BillNumber=HB2861
Tennessee,TN H 3835,McCormick (Norris),2/6/2012,Appropriations for Fiscal Year,Enacted,5/17/2012,Appropriation for CCSS Implementation,"Amendment to SB 3768 & HB 3835: In addition to any other funds appropriated by the provisions of this act, there is appropriated the sum of $1,000,000 (non-recurring) to the Board of Regents for the sole purpose of making a grant to Tennessee State University for the SITES-M Project, to be used for strengthening instruction in Tennessee elementary schools. Such funds shall be allocated to allow schools to become participants or to continue participation, as follows:… $185,000 to further develop mathematics challenges with ETS for the purpose of achieving Common Core State Standards and related goals.",N/A,http://wapp.capitol.tn.gov/apps/BillInfo/Default.aspx?BillNumber=HB3835
Tennessee,TN S 2511,Bell (Brooks),1/17/2012,Scholarships and Programs,Failed,4/9/2012,"Alignment: Assessment, Alignment: Higher Education","In light of the stated intention of the American Council on Education to create a new GED test aligned with the common core state standards, THEC shall study whether any changes should be made to the requirements for receipt of Tennessee HOPE lottery scholarships by recipients of GEDs under § 49-4-908.",http://client.statenet.com/symtree/xmlbill/TN/2011000/S/2511/FISCALNOTE_vrd20120128_seq00.pdf,http://wapp.capitol.tn.gov/apps/BillInfo/Default.aspx?BillNumber=SB2511
Utah,UT H 15,Hughes,1/23/2012,Statewide Adaptive Testing,Enacted,4/2/2012,"Alignment: Assessment, Other: Alignment: Computer Adaptive Testing","Modifies the Utah Performance Assessment System for Students (U-PASS), including requiring school districts and charter schools to administer computer adaptive tests aligned with the common core; requires school districts and charter schools to administer computer adaptive tests aligned with the common core beginning with the 2014-15 school year; eliminates an assessment system pilot program.",http://client.statenet.com/symtree/xmlbill/UT/2012000/H/15/FISCALNOTE_vrd20120123_num00_seq00.pdf,http://le.utah.gov/~2012/htmdoc/hbillhtm/hb0015.htm
Utah,UT S 217,Osmond,3/2/2012,Math Materials Access Improvement Grant,Enacted,4/2/2012,Alignment: Curriculum (Instructional Materials),Requires the State Board of Education to develop a new set of mathematics curricula consistent with Utah Common Core standards for public school students.,N/A,http://le.utah.gov/~2012/htmdoc/sbillhtm/SB0217.htm
Utah,UT S 287,Dayton,2/27/2012,Core Curriculum Standards Amendments,Enacted,4/2/2012,"Alignment: Assessment, Legislative Disapprobation","The state may exit any agreement, contract, memorandum of understanding, or consortium that cedes control of Utah's core curriculum standards to any other entity, including a federal agency or consortium, for any reason.",http://le.utah.gov/lfa/fnotes/2012/sb0287.fn.htm,http://le.utah.gov/~2012/htmdoc/sbillhtm/SB0287.htm
Utah,UT S 97,Osmond,1/23/2012,Grants for Online Testing,Enacted,4/2/2012,Appropriation for CCSS Implementation,"Provides for grants to school districts and charter schools to implement a uniform online summative test system, an online adaptive test system, or both; requires a grant recipient to implement an online adaptive test system that meets technology standards established by the State Board of Education and provide matching funds to implement a uniform online summative test system, an online adaptive test system, or both.",http://client.statenet.com/symtree/xmlbill/UT/2012000/S/97/FISCALNOTE_vrd20120118_num00_seq00.pdf,http://le.utah.gov/~2012/htmdoc/sbillhtm/SB0097.htm
Utah,UT SCR 13,Osmond,2/27/2012,Concurrent Resolution on Common Core,Failed,3/8/2012,Legislative Disapprobation,This concurrent resolution of the Legislature and the Governor urges the State Board of Education to continually monitor the board's implementation of the Common Core standards.,N/A,http://le.utah.gov/~2012/htmdoc/sbillhtm/SCR013S01.htm
Vermont,VT H 682,Turner,1/30/2012,Standards-Based Performance Assessment,Failed,1/31/2012,Alignment: High School Graduation Requirements,"Requires satisfactory completion of a standards-based performance assessment prior to graduation from secondary school, to permit graduation beginning in January of a student's junior year, and to allow a student who graduates prior to senior year to continue to attend technical education and college preparatory classes until the end of the academic year in which the student was originally scheduled to have completed secondary school.",N/A,http://www.leg.state.vt.us/database/status/summary.cfm?Bill=H.0682&Session=2012
Vermont,VT H 688,Campion,1/30/2012,Teacher Assessment,Failed,1/31/2012,Alignment: Teacher Evaluations,"The assessment of each teacher shall involve multiple measures of effectiveness, including student achievement, classroom observations by teachers and administrators, the reflections of the new teacher; the teacher's curriculum choices as they relate to the Common Core State Standards, and student perceptions.",N/A,
Washington,WA H 1463,McCoy,1/21/2011,Use of Statewide Assessments,Failed,4/11/2012,Alignment: Assessment,Eliminates the use of statewide assessments as a high school graduation requirement.,,
Washington,WA H 1891,Klippert,2/7/2011,Implementation of the Common Core Standards,Failed,4/11/2012,"Adopting (or Enabling) Language, Legislative Disapprobation",Delays adoption and implementation of the common core standards. Requires a justification from superintendent of public instruction to initiate adoption.,,
Washington,WA H 2111a,Maxwell,5/5/2011,Education Council,Failed,4/11/2012,Adopting (or Enabling) Language,"Implementing selected recommendations of the quality education council; relates to revision of graduation requirements, school dropout reduction, and allocation of state funding; provides for school staffing ratios and teacher salaries; imposes requirements on local superintendents and school boards; provides for improvement of persistently low-achieving schools and assessment; relates to English proficiency and accelerated learning; creates the pipeline for para educators conditional scholarship program.",,
Washington,WA H 2337,Carlyle (McAuliffe),1/10/2012,Open Educational Resources,Enacted,3/29/2012,Alignment: Curriculum (Instructional Materials),Regards open educational resources in K-12 education; directs that a percentage of the moneys currently appropriated for textbooks and curriculum be used for the development of openly licensed courseware aligned with common core state standards to be made available at no cost to school districts.,https://docs.google.com/viewer?a=v&pid=sites&srcid=ZGVmYXVsdGRvbWFpbnxuY3NsY2Nzc3VwZGF0ZXxneDo5ZjExMTgxMzNiNjkwNDE,http://apps.leg.wa.gov/billinfo/summary.aspx?bill=2337&year=2011
Washington,WA H 2538,Santos (Hobbs),1/13/2012,Certain Requirements Affecting School Districts,Failed,4/11/2012,Alignment: Assessment,"The legislature recognizes that, when implemented, the assessment used to assess the common core state standards may include a writing assessment.",https://fortress.wa.gov/binaryDisplay.aspx?package=30920,http://apps.leg.wa.gov/billinfo/summary.aspx?bill=2538&year=2011
Washington,WA S 6231,McAuliffe (Carlyle),1/13/2012,Open Educational Resources,Failed,4/11/2012,"Appropriation for CCSS Implementation, Alignment: Curriculum (Instructional Materials)","Until June 30, 2018, one and one-half percent of the amounts otherwise allocable to school districts for curriculum and textbooks under subsection (8) of this section shall be allocated to the office of the superintendent of public instruction solely for the development of openly licensed courseware aligned with the common core state standards pursuant to section 2 of this act, which openly licensed courseware shall be made available at no cost to school districts.",N/A,http://apps.leg.wa.gov/billinfo/summary.aspx?bill=6231&year=2011
West Virginia,WV S 436,Plymale,1/26/2012,Public School and Higher Education,Enacted,4/2/2012,"Alignment: Curriculum (Instructional Materials), Alignment: Higher Education",Facilitates collaboration between public school and higher education systems to promote seamless curricula.,N/A,http://www.legis.state.wv.us/bill_status/bills_history.cfm?year=2012&sessiontype=RS&btype=bill
West Virginia,WV S 568,Plymale,2/10/2012,College and Career Readiness Initiative,Failed,2/22/2012,"Adopting (or Enabling) Language, Alignment: Assessment, Alignment: Higher Education, Alignment: Professional Development, Alignment: Teacher Preparation Programs","Requires the State Board of Education, the Higher Education Policy Commission and the Council for Community and Technical College Education to collaborate in formally adopting uniform and specific college and career readiness standards for English/language arts and math; sets forth methods for determining whether students have met the college and career readiness standards; requires that an explicit focus be embedded in each course on the development of English/language arts and math skills; requires a 12th-grade transitional course for both English/language arts and math for students not on track to be college ready; requires professional development on teaching the college and career readiness standards; requires the state board to require all teacher preparation programs in the state to include appropriate training for teachers teaching in at least grades 8 thru 12 on how to teach the adopted standards; and requires the use of certain assessments, exams or tests, as applicable, to determine whether a student is to enroll in a remedial course or be placed immediately in a college-level introductory course.",N/A,http://www.legis.state.wv.us/bill_status/bills_history.cfm?year=2012&sessiontype=RS
Wyoming,WY H 39,Teeters,1/31/2012,High School Graduation Requirements,Failed,2/14/2012,"Alignment: Higher Education, Other: Alignment w/high school graduation requirements",Relates to high school graduation requirements; modifies high school graduation standards imposed by the State Board of Education; modifies the success curriculum required for Hathaway opportunity and provisional opportunity scholarship program eligibility.,http://legisweb.state.wy.us/2012/Fiscal/HB0039.htm,http://legisweb.state.wy.us/2012/billindex/BillCrossRef.aspx?type=ALL
Wyoming,WY S 57,Joint Interim Committee on Education,2/9/2012,Education Act and Statewide Accountability Assessments,Enacted,3/21/2012,"Appropriation for CCSS Implementation, Alignment: Assessment, Alignment: Higher Education",Relates to the Wyoming Accountability in Education Act; generally modifying the act and modifying the statewide assessment system and assessments used for statewide accountability; modifies duties and tasks of implementation and administration; authorizes rulemaking and requiring reporting; continues the Select Committee on Statewide Education Accountability and Advisory Committee; provides additional duties and assigning additional areas of accountability system study and development. Makes an appropriation from the School Foundation Fund to the Department of Education for the statewide administration of standardized college readiness testing and college entrance testing in school years 2012-13 and 2013-14,http://legisweb.state.wy.us/2012/Fiscal/SF0057.htm,http://legisweb.state.wy.us/2012/Titles/SF0057.htm
