{
  "licenseType": "Unknown",
  "exportable": true,
  "dc:title": "Domy, ośrodki i centra kultury - województwo śląskie",
  "dc:modified": "2017-11-21T11:43:55Z",
  "dc:identifier": "1cMtfh7FaLMnKMtP5cVSrx47AAup8cC-X1bNwcWca",
  "tableSchema": {"columns": [
    {
      "datatype": "string",
      "name": "col0",
      "validateData": false,
      "title": "Nazwa"
    },
    {
      "datatype": "string",
      "formatPattern": "<a href='%1$s'>%1$s<\/a>",
      "name": "col1",
      "validateData": false,
      "title": "Strona internetowa"
    },
    {
      "datatype": "string",
      "name": "col2",
      "validateData": false,
      "title": "Adres e-mail"
    },
    {
      "datatype": "string",
      "name": "col3",
      "validateData": false,
      "title": "Adres - ulica"
    },
    {
      "datatype": "double",
      "name": "col4",
      "validateData": false,
      "title": "Adres - numer posesji"
    },
    {
      "datatype": "location",
      "name": "col5",
      "validateData": false,
      "title": "Adres - miejscowość"
    },
    {
      "datatype": "location",
      "name": "col6",
      "validateData": false,
      "title": "Adres - kod pocztowy"
    },
    {
      "datatype": "double",
      "name": "col7",
      "validateData": false,
      "title": "Numer kierunkowy"
    },
    {
      "datatype": "double",
      "name": "col8",
      "validateData": false,
      "title": "Telefon kontaktowy"
    },
    {
      "datatype": "string",
      "name": "col9",
      "validateData": false,
      "title": "Typ gminy"
    },
    {
      "datatype": "string",
      "name": "col10",
      "validateData": false,
      "title": "Województwo"
    },
    {
      "datatype": "location",
      "name": "col11",
      "validateData": false,
      "title": "Pełny adres"
    }
  ]}
}