Nazwa,Strona internetowa,Adres e-mail,Adres - ulica,Adres - numer posesji,Adres - miejscowość,Adres - kod pocztowy,Numer kierunkowy,Telefon kontaktowy,Typ gminy,Województwo,Pełny adres
GMINNY OŚRODEK KULTURY W UJSOŁACH,"http://www.ujsoly.com.pl/gok/gok-7,4,art.html",gokujsoly1@wp.pl,Bystra,1,Ujsoły,34-371,33,8647036,wiejska,ŚLĄSKIE,"Bystra 1 34-371, Ujsoły"
GMINNY OŚRODEK KULTURY WE MSTOWIE,http://www.gok-mstow.pl/GOK_Mstow/info.html,gok.kultura@gmail.com,Mickiewicza,17,Mstów,42-244,34,3669328,wiejska,ŚLĄSKIE,"Mickiewicza 17 42-244, Mstów"
MIEJSKI DOM KULTURY W ŁAZISKACH GÓRNYCH,http://www.mdk.laziska.pl/,mdk@mdk.laziska.pl,Świerczewskiego,2,Łaziska Górne,43-170,32,2241033,miejska,ŚLĄSKIE,"Świerczewskiego 2 43-170, Łaziska Górne"
MIEJSKI DOM KULTURY W MYSZKOWIE,http://mdk-myszkow.pl/,d.art@mdk-myszkow.pl,3 Maja,15,Myszków,42-300,34,3132659,miejska,ŚLĄSKIE,"3 Maja 15 42-300, Myszków"
MIEJSKI DOM KULTURY W PIEKARACH ŚLĄSKICH,http://www.mdkradiopiekary.nstrefa.pl/mdk/index.php?mod=oferta,mdk@radiopiekary.pl,Bytomska,73,Piekary Śląskie,41-940,32,2872880,miejska,ŚLĄSKIE,"Bytomska 73 41-940, Piekary Śląskie"
"MIEJSKI KLUB ""MACZKI"" W SOSNOWCU",http://www.klubmaczki.pl/klubmaczki/,tomek@klubmaczki.pl,Krakowska,26,Sosnowiec,41-217,32,2948128,miejska,ŚLĄSKIE,"Krakowska 26 41-217, Sosnowiec"
MIEJSKI KLUB IM. JANA KIEPURY,http://www.kiepura.pl/,administracja@kiepura.pl,Będzińska,65,Sosnowiec,41-205,32,7883360,miejska,ŚLĄSKIE,"Będzińska 65 41-205, Sosnowiec"
MIEJSKI OŚRODEK KULTURY,http://www.mokledziny.pl/,mokledziny@o2.pl,Hołdunowska,39,Lędziny,43-143,32,3267833,miejska,ŚLĄSKIE,"Hołdunowska 39 43-143, Lędziny"
MIEJSKI OŚRODEK KULTURY,http://www.mok.slawkow.pl/,sekretariatmok@mok.slawkow.pl,Młyńska,14,Sławków,41-260,32,2931052,miejska,ŚLĄSKIE,"Młyńska 14 41-260, Sławków"
"GMINNY OŚRODEK KULTURY, PROMOCJI, INFORMACJI TURYSTYCZNEJ I BIBLIOTEKA PUBLICZNA W ISTEBNEJ",http://www.istebna.eu/?p=artykulyShow&iArtykul=107,kultura@ug.istebna.pl,Istebna,68,Istebna,43-470,33,8556208,wiejska,ŚLĄSKIE,"Istebna 68 43-470, Istebna"
MIEJSKI OŚRODEK KULTURY,http://mok.art.pl/pl/,kontakt@mok.art.pl,3 Maja,91 A,Zabrze,41-800,32,2780802,miejska,ŚLĄSKIE,"3 Maja 91 A 41-800, Zabrze"
"GMINNY OŚRODEK KULTURY, SPORTU I REKREACJI W KRUPSKIM MŁYNIE",http://www.goksirkrupskimlyn.pl/o-instytucji,goksirkrupskimlyn@onet.pl,Zawadzkiego,3,Krupski Młyn,42-693,32,2848450,wiejska,ŚLĄSKIE,"Zawadzkiego 3 42-693, Krupski Młyn"
MIEJSKI OŚRODEK KULTURY,http://mok.e-kultura.zory.pl/,mok@mok.zory.pl,Dolne Przedmieście,1,Żory,44-240,32,4342436,miejska,ŚLĄSKIE,"Dolne Przedmieście 1 44-240, Żory"
"GMINNY OŚRODEK KULTURY, SPORTU I TURYSTYKI W DĘBOWCU",http://www.ck.debowiec.com.pl/,gok@debowiec.cieszyn.pl,Widokowa,10,Łączka,43-426,33,8588351,wiejska,ŚLĄSKIE,"Widokowa 10 43-426, Łączka"
"MIEJSKI OŚRODEK KULTURY ""CENTRUM"" IM. ADAMA MICKIEWICZA",http://www.mok.pl/,sekretariat@mok.pl,Piastowska,1,Zawiercie,42-400,32,6722882,miejska,ŚLĄSKIE,"Piastowska 1 42-400, Zawiercie"
"GMINNY OŚRODEK KULTURY,SPORTU I REKREACJI W PRZYSTAJNI",http://gminaprzystajn.pl/index.php/kultura-sport-rekreacja/biblioteka-informator-kulturaralny-gok,goksir@o2.pl,Targowa,5,Przystajń,42-141,34,3191022,wiejska,ŚLĄSKIE,"Targowa 5 42-141, Przystajń"
INSTYTUT MIKOŁOWSKI,http://www.instytutmikolowski.pl/,instytutmik@poczta.onet.pl,Jana Pawła Ii,8,Mikołów,43-190,32,7380755,miejska,ŚLĄSKIE,"Jana Pawła Ii 8 43-190, Mikołów"
MIEJSKI DOM KULTURY,http://www.mdk.beskidy.pl/,mdk@mdk.beskidy.pl,1 Maja,12,Bielsko-Biała,43-300,33,8125692,miejska,ŚLĄSKIE,"1 Maja 12 43-300, Bielsko-Biała"
MIEJSKI DOM KULTURY,http://domkultury.gre.pl/,listy@domkultury.gre.pl,Częstochowska,19,Blachownia,42-290,34,3270335,miejsko-wiejska,ŚLĄSKIE,"Częstochowska 19 42-290, Blachownia"
MIEJSKI DOM KULTURY,http://mdk.czechowice-dziedzice.pl/,mdk@mdk.czechowice-dziedzice.pl,Niepodległości,42,Czechowice-Dziedzice,43-502,32,2153285,miejsko-wiejska,ŚLĄSKIE,"Niepodległości 42 43-502, Czechowice-Dziedzice"
"CENTRUM KULTURY ""ZAMEK W TOSZKU""",http://www.zamektoszek.eu/,dyrektor@zamektoszek.eu,Zamkowa,10,Toszek,44-180,32,2334493,miejsko-wiejska,ŚLĄSKIE,"Zamkowa 10 44-180, Toszek"
MIEJSKI DOM KULTURY,http://www.mdk.czest.pl/,brak,Łukasińskiego,50/68,Częstochowa,42-207,34,3231279,miejska,ŚLĄSKIE,"Łukasińskiego 50/68 42-207, Częstochowa"
CENTRUM KULTURY KATOWICE  IM. KRYSTYNY BOCHENEK,http://ck.art.pl/,info@ck.art.pl,Sejmu Śląskiego,2,Katowice,40-032,32,6090300,miejska,ŚLĄSKIE,"Sejmu Śląskiego 2 40-032, Katowice"
MIEJSKI DOM KULTURY,http://www.mdk.lubliniec.pl/,MDK@LUBLINIEC.PL,Plebiscytowa,9,Lubliniec,42-700,34,3510687,miejska,ŚLĄSKIE,"Plebiscytowa 9 42-700, Lubliniec"
CENTRUM KULTURY ŚLĄSKIEJ,http://www.cekus.pl/,biuro@cekus.pl,Parkowa,1,Nakło Śląskie,42-620,32,4416028,wiejska,ŚLĄSKIE,"Parkowa 1 42-620, Nakło Śląskie"
CENTRUM KULTURY ŚLĄSKIEJ W ŚWIĘTOCHŁOWICACH,http://www.cks.org.pl/,cks@wp.pl,Juliusza Krauzego,1,Świętochłowice,41-603,32,3452160,miejska,ŚLĄSKIE,"Juliusza Krauzego 1 41-603, Świętochłowice"
"CENTRUM KULTURY,SPORTU I REKREACJI",http://www.kultura.bestwina.pl/,kultura_bestwina@wp.pl,Krakowska,123,Bestwina,43-512,32,2141365,wiejska,ŚLĄSKIE,"Krakowska 123 43-512, Bestwina"
CHORZOWSKIE CENTRUM KULTURY,www.chck.pl,sekretariat@chck.pl,Henryka Sienkiewicza,3,Chorzów,41-500,32,3497860,miejska,ŚLĄSKIE,"Henryka Sienkiewicza 3 41-500, Chorzów"
CIESZYŃSKI OŚRODEK KULTURY-DOM NARODOWY W CIESZYNIE,http://www.domnarodowy.pl/,sekretariat@domnarodowy.pl,Rynek,12,Cieszyn,43-400,33,8512520,miejska,ŚLĄSKIE,"Rynek 12 43-400, Cieszyn"
DOM KULTURY,http://www.dkgostyn.pl/,sekretariat@dkgostyn.pl,Pszczyńska,366,Gostyń,43-176,32,2187000,miejsko-wiejska,ŚLĄSKIE,"Pszczyńska 366 43-176, Gostyń"
DOM KULTURY,http://www.domkultury.kozy.pl/,kultura@kozy.pl,Krakowska,2,Kozy,43-340,33,8174232,wiejska,ŚLĄSKIE,"Krakowska 2 43-340, Kozy"
DOM KULTURY IM.WALENTEGO ROŹDZIEŃSKIEGO,http://www.koszecin.pl/index.php?option=com_content&view=article&id=57&Itemid=68,kultura.koszecin@op.pl,Sobieskiego,11A,Koszęcin,42-286,34,3576104,wiejska,ŚLĄSKIE,"Sobieskiego 11A 42-286, Koszęcin"
MIEJSKI OŚRODEK KULTURY I SPORTU W PYSKOWICACH,http://www.mokis.pyskowice.org/news.php,mokis.pyskowice@wp.pl,Kard. Stefana Wyszyńskiego,27,Pyskowice,44-120,32,2332534,miejska,ŚLĄSKIE,"Kard. Stefana Wyszyńskiego 27 44-120, Pyskowice"
MIEJSKI OŚRODEK KULTURY IM.WŁADYSŁAWA SEBYŁY W KŁOBUCKU,http://www.mok-klobuck.pl/joomla/index.php,mok_klobuck@wp.pl,Targowa,1,Kłobuck,42-100,34,3172991,miejsko-wiejska,ŚLĄSKIE,"Targowa 1 42-100, Kłobuck"
MIEJSKI OŚRODEK KULTURY W CZERWIONCE-LESZCZYNACH,http://www.mokcl.pl/,kier.art@mokcl.pl,Wolności,2,Czerwionka-Leszczyny,44-230,32,4318955,miejsko-wiejska,ŚLĄSKIE,"Wolności 2 44-230, Czerwionka-Leszczyny"
"""CENTRUM KULTURY"" W KNUROWIE",http://www.centrum-kultury.pl/,sekretariat@centrum-kultury.pl,Niepodległości,26,Knurów,44-190,32,3303680,miejska,ŚLĄSKIE,"Niepodległości 26 44-190, Knurów"
MIEJSKI OŚRODEK KULTURY W JASTRZĘBIU ZDROJU,www.mokjastrzebie.pl,sekretariat@mok.jastrzebie.pl,Al. Józefa Piłsudskiego,27,Jastrzębie-Zdrój,44-335,32,4717924,miejska,ŚLĄSKIE,"Al. Józefa Piłsudskiego 27 44-335, Jastrzębie-Zdrój"
ARTeria - CENTRUM KULTURY I PROMOCJI W ORNONTOWICACH,http://www.centrumarteria.pl/,sekretariat@centrumarteria.pl,Zwycięstwa,26,Ornontowice,43-178,32,2354698,wiejska,ŚLĄSKIE,"Zwycięstwa 26 43-178, Ornontowice"
MIEJSKI OŚRODEK KULTURY W KRZANOWICACH,http://www.mok-krzanowice.pl/,dkborucin@tlen.pl,Zawadzkiego,3,Krzanowice,47-470,32,4108046,miejsko-wiejska,ŚLĄSKIE,"Zawadzkiego 3 47-470, Krzanowice"
BIBLIOTEKA I OŚRODEK KULTURY GMINY OŻAROWICE Z SIEDZIBĄ W TĄPKOWICACH,http://www.biok.pl/,osbik@vp.pl,Zwycięstwa,17,Tąpkowice,42-624,32,2857293,wiejska,ŚLĄSKIE,"Zwycięstwa 17 42-624, Tąpkowice"
MIEJSKI OŚRODEK KULTURY W ŁAZACH,http://moklazy.pl/moklazy/,sekretariat@moklazy.pl,Tadeusza Kościuszki,5,Łazy,42-450,32,6729453,miejsko-wiejska,ŚLĄSKIE,"Tadeusza Kościuszki 5 42-450, Łazy"
BIELSKIE CENTRUM KULTURY,http://www.bck.bielsko.pl/,bck@bck.bielsko.pl,Juliusza Słowackiego,27,Bielsko-Biała,43-300,33,8281640,miejska,ŚLĄSKIE,"Juliusza Słowackiego 27 43-300, Bielsko-Biała"
MIEJSKI OŚRODEK KULTURY W MIASTECZKU ŚLĄSKIM,http://mok.miasteczko-slaskie.pl/,instruktor@mok.miasteczko-slaskie.pl,Srebrna,24,Miasteczko Śląskie,42-610,32,2888870,miejska,ŚLĄSKIE,"Srebrna 24 42-610, Miasteczko Śląskie"
BIERUŃSKI OŚRODEK KULTURY,http://www.bok.bierun.pl/,bok.bierun@gmail.com,Spiżowa,4,Bieruń,43-150,32,2164016,miejska,ŚLĄSKIE,"Spiżowa 4 43-150, Bieruń"
MIEJSKI OŚRODEK KULTURY W ORZESZU,http://www.mok-orzesze.pl/,asia@mok-orzesze.pl,Rynek,1,Orzesze,43-180,32,2215329,miejska,ŚLĄSKIE,"Rynek 1 43-180, Orzesze"
BYTOMSKIE CENTRUM KULTURY,http://www.becek.pl/,sekretariat@becek.pl,Karin Stanek,1,Bytom,41-902,32,3893109,miejska,ŚLĄSKIE,"Karin Stanek 1 41-902, Bytom"
MIEJSKI OŚRODEK KULTURY W PORĘBIE,http://www.mokporeba.pl,kontakt@mokporeba.pl,Adama Mickiewicza,2,Poręba,42-480,32,6771073,miejska,ŚLĄSKIE,"Adama Mickiewicza 2 42-480, Poręba"
CENTRUM KULTURY - TEATR SZTUK W JAWORZNIE,http://www.teatrsztukwjaworznie.pl/,katarzyna.pokuta@teatrsztukwjaworznie.pl,Adama Mickiewicza,2,Jaworzno,43-600,32,6162879,miejska,ŚLĄSKIE,"Adama Mickiewicza 2 43-600, Jaworzno"
MIEJSKI OŚRODEK KULTURY W PSZOWIE,http://www.mokpszow.pl/,mokpszow@mokpszow.pl,Romualda Traugutta,1,Pszów,44-370,32,4557454,miejska,ŚLĄSKIE,"Romualda Traugutta 1 44-370, Pszów"
"CENTRUM KULTURY ""KAROLINKA""",http://www.karolinka.art.pl/,d.ryciak@karolinka.art.pl,Jana Pawła Ii,2,Radzionków,41-922,32,2866454,miejska,ŚLĄSKIE,"Jana Pawła Ii 2 41-922, Radzionków"
DOM KULTURY W KROCZYCACH,http://dk-kroczyce.pl/,domkultury@kroczyce.pl,Batalionów Chłopskich,11,Kroczyce,42-425,34,3263570,wiejska,ŚLĄSKIE,"Batalionów Chłopskich 11 42-425, Kroczyce"
DOM KULTURY W RUDZIE ŚLĄSKIEJ,http://www.domkulturyrsl.pl/,sekretariat@domkulturyrsl.pl,Edmunda Kokota,170,Ruda Śląska,41-711,32,2402125,miejska,ŚLĄSKIE,"Edmunda Kokota 170 41-711, Ruda Śląska"
DOM KULTURY W RYBNIKU-BOGUSZOWICACH,http://dkboguszowice.pl/dk2/,dkboguszowice@gmail.com,Pokoju,1,Rybnik,44-253,32,4252016,miejska,ŚLĄSKIE,"Pokoju 1 44-253, Rybnik"
DOM KULTURY W RYBNIKU-CHWAŁOWICACH,http://www.dkchwalowice.pl/,biuro@dkchwalowice.pl,1 Maja,91 B,Rybnik,44-206,32,4331852,miejska,ŚLĄSKIE,"1 Maja 91 B 44-206, Rybnik"
DOM KULTURY W RYBNIKU-NIEDOBCZYCACH,http://dkniedobczyce.pl/,d.szojer@dkniedobczyce.pl,Barbary,23,Rybnik,44-270,32,4331065,miejska,ŚLĄSKIE,"Barbary 23 44-270, Rybnik"
DOM KULTURY W RYBNIKU-NIEWIADOMIU,http://www.dkniewiadom.eu/,niewiadom5@op.pl,Ignacego Mościckiego,15,Rybnik,44-273,32,4213755,miejska,ŚLĄSKIE,"Ignacego Mościckiego 15 44-273, Rybnik"
DOM KULTURY W STRZEBINIU,http://www.koszecin.pl/index.php?option=com_content&view=article&id=58&Itemid=67,DKSTRZEBIN@WP.PL,Kolejowa,9,Strzebiń,42-288,34,3570091,wiejska,ŚLĄSKIE,"Kolejowa 9 42-288, Strzebiń"
DOM MUZYKI I TAŃCA,http://www.dmit.com.pl/,sekretariat@dmit.com.pl,Gen. Charlesa De Gaulle'A,17,Zabrze,41-800,32,2715641,miejska,ŚLĄSKIE,"Gen. Charlesa De Gaulle'A 17 41-800, Zabrze"
DZIELNICOWY DOM KULTURY W PIEKARACH ŚLĄSKICH,http://www.ddkpiekary.com.pl/,instruktorzy@ddkpiekary.com.pl,Walentego Roździeńskiego,99,Piekary Śląskie,41-946,32,2879566,miejska,ŚLĄSKIE,"Walentego Roździeńskiego 99 41-946, Piekary Śląskie"
GMINNE CENTRUM KULTURY I INFORMACJI W KOCHANOWICACH,http://www.gci.kochanowice.pl/,gckii.kochanowice@wp.pl,Lubliniecka,5,Kochanowice,42-713,34,3533215,wiejska,ŚLĄSKIE,"Lubliniecka 5 42-713, Kochanowice"
MIEJSKI OŚRODEK KULTURY W RADLINIE,http://www.mok.radlin.pl/,mok@radlin.pl,Mariacka,9,Radlin,44-310,32,4568928,miejska,ŚLĄSKIE,"Mariacka 9 44-310, Radlin"
MIEJSKI OŚRODEK KULTURY W WOJKOWICACH,http://www.mokwojkowice.home.pl/,mok@mokwojkowice.home.pl,Jaworznik,6,Wojkowice,42-580,32,7696482,miejska,ŚLĄSKIE,"Jaworznik 6 42-580, Wojkowice"
"MIEJSKI OŚRODEK KULTURY, PROMOCJI I INFORMACJI IM. JANA WIĘZIKA",http://www.um.szczyrk.pl/urzad-miejski/2013-04-18-11-25-30/2013-04-18-11-26-04/kontakt,kultura@szczyrk.pl,Myśliwska,34,Szczyrk,43-370,33,8178636,miejska,ŚLĄSKIE,"Myśliwska 34 43-370, Szczyrk"
"MIEJSKI OŚRODEK KULTURY, SPORTU I REKREACJI",http://www.kuzniakultury.pl/site/start.html,dyrektor@kuzniakultury.pl,Klasztorna,9,Kuźnia Raciborska,47-420,32,4191407,miejsko-wiejska,ŚLĄSKIE,"Klasztorna 9 47-420, Kuźnia Raciborska"
"MIEJSKIE CENTRUM  KULTURY ""INTEGRATOR""",http://www.mck.skoczow.pl/,mdkskocz@poczta.onet.pl,Mickiewicza,9,Skoczów,43-430,33,4791040,miejsko-wiejska,ŚLĄSKIE,"Mickiewicza 9 43-430, Skoczów"
MIEJSKIE CENTRUM KULTURY,http://www.mck.zywiec.pl/,mck@mck.zywiec.pl,Al. Wolności,4,Żywiec,34-300,33,4751160,miejska,ŚLĄSKIE,"Al. Wolności 4 34-300, Żywiec"
MIEJSKIE CENTRUM KULTURY I SPORTU,http://www.mckis.jaw.pl/kultura.html,barbara.halas@mckis.jaw.pl,Krakowska,8,Jaworzno,43-600,32,7451030,miejska,ŚLĄSKIE,"Krakowska 8 43-600, Jaworzno"
MIEJSKIE CENTRUM KULTURY IM. HENRYKA BISTY,http://www.mckrudasl.pl/,sekretariat@mckrudasl.pl,Piotra Niedurnego,69,Ruda Śląska,41-709,32,2486240,miejska,ŚLĄSKIE,"Piotra Niedurnego 69 41-709, Ruda Śląska"
MIEJSKIE CENTRUM KULTURY W TYCHACH,http://www.kultura.tychy.pl/,mck@kultura.tychy.pl,Bohaterów Warszawy,26,Tychy,43-100,32,3270290,miejska,ŚLĄSKIE,"Bohaterów Warszawy 26 43-100, Tychy"
MIEJSKO - GMINNY OŚRODEK KULTURY W SIEWIERZU,http://kultura.siewierz.pl/,mgok@siewierz.pl,Juliusza Słowackiego,2A,Siewierz,42-470,32,6741649,miejsko-wiejska,ŚLĄSKIE,"Juliusza Słowackiego 2A 42-470, Siewierz"
GMINNE CENTRUM KULTURY I REKREACJI W KONOPISKACH,http://www.gckirkonopiska.pl/,i.lisek@gckir.konopiska.pl,Sportowa,60,Konopiska,42-274,34,3441933,wiejska,ŚLĄSKIE,"Sportowa 60 42-274, Konopiska"
GMINNE CENTRUM KULTURY W NĘDZY,http://kulturanedza.blogspot.com/,centrum.nedza@gmail.com,Strażacka,2,Nędza,47-440,32,4104770,wiejska,ŚLĄSKIE,"Strażacka 2 47-440, Nędza"
"GMINNE CENTRUM KULTURY, INFORMACJI I REKREACJI W POCZESNEJ","http://www.poczesna.pl/4,39,kultura,pl.html",goksirpoczesna@wp.pl,Modrzewiowa,3,Poczesna,42-262,34,3274078,wiejska,ŚLĄSKIE,"Modrzewiowa 3 42-262, Poczesna"
"GMINNE CENTRUM KULTURY, PROMOCJI, TURYSTYKI RADZIECHOWY - WIEPRZ",http://www.radziechowy-wieprz.pl/gminne-centrum-kultury-promocji-turystyki,mwiezik@radziechowy-wieprz.pl,,700,Wieprz,34-381,33,8601579,wiejska,ŚLĄSKIE,"700 34-381, Wieprz"
"GMINNE CENTRUM KULTURY, SPORTU I TURYSTYKI W GODOWIE",http://gckgodow.pl/news.php,centrum@gckgodow.pl,1 Maja,93,Godów,44-340,32,4765630,wiejska,ŚLĄSKIE,"1 Maja 93 44-340, Godów"
GMINNY DOM KULTURY,http://www.gdk-kobior.pl/,GDKKOBIOR@INTERIA.PL,Centralna,16,Kobiór,43-210,32,3288525,wiejska,ŚLĄSKIE,"Centralna 16 43-210, Kobiór"
GMINNY OŚRODEK KULTURY,http://gokboronow.pl/,gokboronow@wp.pl,Poznańska,1,Boronów,42-283,34,3539285,wiejska,ŚLĄSKIE,"Poznańska 1 42-283, Boronów"
GMINNY OŚRODEK KULTURY,http://chelmsl.pl/swietlica/,swietlica.chelmsl@interia.pl,Owocowa,10,Chełm Śląski,41-403,32,7080035,wiejska,ŚLĄSKIE,"Owocowa 10 41-403, Chełm Śląski"
GMINNY OŚRODEK KULTURY,http://www.gok.goczalkowicezdroj.pl/,gok@goczalkowicezdroj.pl,Uzdrowiskowa,61,Goczałkowice-Zdrój,43-230,32,2107088,wiejska,ŚLĄSKIE,"Uzdrowiskowa 61 43-230, Goczałkowice-Zdrój"
GMINNY OŚRODEK KULTURY,http://goleszow.pl/gminny-osrodek-kultury,gok_goleszow@poczta.onet.pl,Cieszyńska,25,Goleszów,43-440,33,4790521,wiejska,ŚLĄSKIE,"Cieszyńska 25 43-440, Goleszów"
MIEJSKO GMINNY OŚRODEK KULTURY,http://www.strumien.pl/miejsko-gminny-osrodek-kultury,biuro@emgok.pl,Młyńska 14,9,Strumień,43-246,33,8570174,miejsko-wiejska,ŚLĄSKIE,"Młyńska 14 9 43-246, Strumień"
MIEJSKO-GMINNY OŚRODEK KULTURY,http://mgok-ogrodzieniec.pl/,mgok@mgok-ogrodzieniec.pl,Wolności,24,Ogrodzieniec,42-440,32,6732044,miejsko-wiejska,ŚLĄSKIE,"Wolności 24 42-440, Ogrodzieniec"
MIEJSKO-GMINNY OŚRODEK KULTURY,http://mgok.wilamowice.pl/,mgok@wilamowice.pl,Stanisława Staszica,2,Wilamowice,43-330,33,8457345,miejsko-wiejska,ŚLĄSKIE,"Stanisława Staszica 2 43-330, Wilamowice"
MIEJSKO-GMINNY OŚRODEK KULTURY I SPORTU W SZCZEKOCINACH,http://www.szczekociny.pl/index.php?id=39,mgok_szczekociny@interia.pl,Krakowska,23,Szczekociny,42-445,34,3557075,miejsko-wiejska,ŚLĄSKIE,"Krakowska 23 42-445, Szczekociny"
MIEJSKO-GMINNY OŚRODEK KULTURY WOŹNIKI,http://www.mgokwozniki.pl/,MGOK.WOZNIKI@INTERIA.PL,Górna,5,Woźniki,42-289,34,3573037,miejsko-wiejska,ŚLĄSKIE,"Górna 5 42-289, Woźniki"
MIEJSKO-GMINNY OŚRODEK PROMOCJI KULTURY W KOZIEGŁOWACH,http://www.dk-kozieglowy.pl/,dkkozieglowy@wp.pl,Żarecka,28,Koziegłowy,42-350,34,3141268,miejska,ŚLĄSKIE,"Żarecka 28 42-350, Koziegłowy"
MYSŁOWICKI OŚRODEK KULTURY,http://www.m-ok.pl/,wicedyrektor@m-ok.pl,Grunwaldzka,7,Mysłowice,41-400,32,2226670,miejska,ŚLĄSKIE,"Grunwaldzka 7 41-400, Mysłowice"
"OŚRODEK KULTURY ""ANDALUZJA"" W PIEKARACH ŚLĄSKICH",http://www.okandaluzja.pl/,koordynator.andaluzja3@op.pl,Oświęcimska,45,Piekary Śląskie,41-947,32,2845620,miejska,ŚLĄSKIE,"Oświęcimska 45 41-947, Piekary Śląskie"
OŚRODEK KULTURY I SPORTU W GASZOWICACH,http://gaszowice.pl/index.php?option=com_content&task=view&id=71&Itemid=127,brak,Rydułtowska,7,Gaszowice,44-293,32,4305485,wiejska,ŚLĄSKIE,"Rydułtowska 7 44-293, Gaszowice"
GMINNY OŚRODEK KULTURY,http://www.jelesnia.pl/stat.php?gok,jelesniagok@gmail.com,Plebańska,1,Jeleśnia,34-340,33,8636668,wiejska,ŚLĄSKIE,"Plebańska 1 34-340, Jeleśnia"
GMINNY OŚRODEK KULTURY,http://www.gok.lubomia.pl/,,Adama Mickiewicza,4,Lubomia,44-360,32,4516094,wiejska,ŚLĄSKIE,"Adama Mickiewicza 4 44-360, Lubomia"
GMINNY OŚRODEK KULTURY,http://www.miedzno.pl/mieszkaniec/kultura/instytucje-kultury-i-rozrywki/gminny-osrodek-kultury/,brak,Gen. Juliana Filipowicza,5,Miedźno,42-120,34,3178071,wiejska,ŚLĄSKIE,"Gen. Juliana Filipowicza 5 42-120, Miedźno"
GMINNY OŚRODEK KULTURY,http://gokmykanow.pl/,gok@gokmykanow.pl,Samorządowa,1A,Mykanów,42-233,34,3740042,wiejska,ŚLĄSKIE,"Samorządowa 1A 42-233, Mykanów"
GMINNY OŚRODEK KULTURY,http://www.gokpawlowice.hg.pl/,gokpawlowice@hoga.pl,Zjednoczenia,67,Pawłowice,43-250,,324722570,wiejska,ŚLĄSKIE,"Zjednoczenia 67 43-250, Pawłowice"
GMINNY OŚRODEK KULTURY,https://www.facebook.com/pages/Gminny-O%C5%9Brodek-Kultury-Wielowie%C5%9B/170724399665664,gok_wielowies1@o2.pl,Główna,47,Wielowieś,44-187,32,2336080,wiejska,ŚLĄSKIE,"Główna 47 44-187, Wielowieś"
GMINNY OŚRODEK KULTURY,WWW.WLODOWICE.PL,gok@wlodowice.pl,Żarecka,59,Włodowice,42-421,34,3153040,wiejska,ŚLĄSKIE,"Żarecka 59 42-421, Włodowice"
GMINNY OŚRODEK KULTURY,http://www.gokwreczycawielka.pl/,gok@gokwreczycawielka.pl,Śląska,20,Wręczyca Wielka,43-225,34,3192424,wiejska,ŚLĄSKIE,"Śląska 20 43-225, Wręczyca Wielka"
GMINNY OŚRODEK KULTURY,http://gok.zebrzydowice.pl/,GOK@GOK.ZEBRZYDOWICE.PL,Ks. Antoniego Janusza,21,Zebrzydowice,42-130,32,4693334,wiejska,ŚLĄSKIE,"Ks. Antoniego Janusza 21 42-130, Zebrzydowice"
"GMINNY OŚRODEK KULTURY ""JEMIOŁA"" W ŚLEMIENIU",http://slemien.naszgok.pl/,slemien.gok@gmail.com,Krakowska,124,Ślemień,43-410,33,8654353,wiejska,ŚLĄSKIE,"Krakowska 124 43-410, Ślemień"
OŚRODEK KULTURY SPORTU I REKREACJI,http://www.koniecpol.pl/home1.php?go=sport,oksir_koniecpol@wp.pl,Zamkowa,27,Koniecpol,42-230,34,3551320,miejsko-wiejska,ŚLĄSKIE,"Zamkowa 27 42-230, Koniecpol"
OŚRODEK KULTURY W BĘDZINIE,http://www.okultura.bedzin.pl/,animacja@okultura.bedzin.pl,Stanisława Małachowskiego,43,Będzin,42-500,32,662197499,miejska,ŚLĄSKIE,"Stanisława Małachowskiego 43 42-500, Będzin"
OŚRODEK KULTURY W CZERNICY,http://www.zameczekczernica.pl/,zameczekczernica@op.pl,Wolności,39,Czernica,44-282,32,4305201,wiejska,ŚLĄSKIE,"Wolności 39 44-282, Czernica"
OŚRODEK PROMOCJI GMINY  WĘGIERSKA GÓRKA,http://www.wegierska-gorka.opg.pl/,wegierska-gorka@opg.pl,Os. Xx-Lecia Ii Rp,12,Węgierska Górka,34-350,33,8642187,wiejska,ŚLĄSKIE,"Os. Xx-Lecia Ii Rp 12 34-350, Węgierska Górka"
OŚRODEK PROMOCJI GMINY JAWORZE,http://www.opgj.pl/,biuro@opgj.pl,Wapienicka,25,Jaworze,43-384,33,4883116,wiejska,ŚLĄSKIE,"Wapienicka 25 43-384, Jaworze"
"OŚRODEK PROMOCJI KULTURY ""GAUDE MATER""",WWW.GAUDEMATER.PL,BIURO@GAUDEMATER.PL,Dąbrowskiego,1,Częstochowa,42-200,34,3243638,miejska,ŚLĄSKIE,"Dąbrowskiego 1 42-200, Częstochowa"
OŚRODEK PROMOCJI KULTURY I SPORTU GMINY BRENNA,http://www.brenna.org.pl/osrodek_promocji_kultury_i_sportu_-469.html,opkis@brenna.org.pl,Wyzwolenia,77,Brenna,43-438,33,8536550,wiejska,ŚLĄSKIE,"Wyzwolenia 77 43-438, Brenna"
PAŁAC KULTURY ZAGŁĘBIA,http://www.palac.art.pl/,malgorzata.grabiwoda@palac.art.pl,Wolności,1,Dąbrowa Górnicza,41-300,32,7338808,miejska,ŚLĄSKIE,"Wolności 1 41-300, Dąbrowa Górnicza"
PAŁAC W RYBNEJ,http://www.palacrybna.pl/,info@palacrybna.pl,Powstańców Warszawskich,90,Tarnowskie Góry,42-680,32,2841837,miejska,ŚLĄSKIE,"Powstańców Warszawskich 90 42-680, Tarnowskie Góry"
PSZCZYŃSKIE CENTRUM KULTURY,http://www.pckul.pl/,sekretariat@pckul.pl,Piastowska,1,Pszczyna,43-200,32,2104551,miejska,ŚLĄSKIE,"Piastowska 1 43-200, Pszczyna"
GMINNY OŚRODEK KULTURY GMINY LIPIE,http://www.lipie.pl/index.php?option=com_content&view=article&id=83&Itemid=88,goklipie@interia.pl,Częstochowska,95,Lipie,34-323,34,3188163,wiejska,ŚLĄSKIE,"Częstochowska 95 34-323, Lipie"
GMINNY OŚRODEK KULTURY I REKREACJI  W ŚWIERKLANACH,http://www.swierklany.org.pl/,gokir@swierklany.org.pl,Strażacka,1,Świerklany,42-575,32,4304140,wiejska,ŚLĄSKIE,"Strażacka 1 42-575, Świerklany"
GMINNY OŚRODEK KULTURY I REKREACJI W MSZANIE,http://www.gokir-mszana.pl/,kontakt@gokir-mszana.pl,Mickiewicza,92,Mszana,44-266,32,4720076,wiejska,ŚLĄSKIE,"Mickiewicza 92 44-266, Mszana"
GMINNY OŚRODEK KULTURY I SPORTU W PANKACH,http://www.bip.panki.akcessnet.net/index.php?idg=4&id=70&x=108&y=4,olas79@interia.pl,1 Maja,8,Panki,44-325,34,3179223,wiejska,ŚLĄSKIE,"1 Maja 8 44-325, Panki"
GMINNY OŚRODEK KULTURY I SPORTU W RAJCZY,http://www.rajcza.com.pl/gmina/kultura-i-folklor/gminny-osrodek-kultury,gokrajcza@rajcza.com.pl,Parkowa,2,Rajcza,42-140,33,8643230,wiejska,ŚLĄSKIE,"Parkowa 2 42-140, Rajcza"
GMINNY OŚRODEK KULTURY IM JANUSZA GNIATKOWSKIEGO W PORAJU,http://www.gokporaj.pl/,gok.poraj@op.pl,Józefa Piłsudskiego,14,Poraj,34-370,34,3145548,wiejska,ŚLĄSKIE,"Józefa Piłsudskiego 14 34-370, Poraj"
GMINNY OŚRODEK KULTURY RUDZINIEC,http://www.gok.rudziniec.com/,gokpon@wp.pl,Parkowa,11,Poniszowice,42-360,32,2303105,wiejska,ŚLĄSKIE,"Parkowa 11 42-360, Poniszowice"
GMINNY OŚRODEK KULTURY SPORTU I REKREACJI,http://kamienicapolska.pl/kultura/goksir.html,goksirkp@wp.pl,Marii Konopnickiej,135A,Kamienica Polska,44-172,,3273212,wiejska,ŚLĄSKIE,"Marii Konopnickiej 135A 44-172, Kamienica Polska"
GMINNY OŚRODEK KULTURY SPORTU I TURYSTYKI,http://www.goksitzarnowiec.pl/,gok114@poczta.onet.pl,Rynek,9,Żarnowiec,42-260,32,6449114,wiejska,ŚLĄSKIE,"Rynek 9 42-260, Żarnowiec"
RACIBORSKIE CENTRUM KULTURY,http://www.rck.com.pl/n/site/start.html,sekretariat@rck.com.pl,Fryderyka Chopina,21,Racibórz,47-400,32,4153172,miejska,ŚLĄSKIE,"Fryderyka Chopina 21 47-400, Racibórz"
REGIONALNY OŚRODEK KULTURY,http://rok.bielsko.pl/,rok@rok.bielsko.pl,1 Maja,8,Bielsko-Biała,43-300,33,8126908,miejska,ŚLĄSKIE,"1 Maja 8 43-300, Bielsko-Biała"
REGIONALNY OŚRODEK KULTURY W CZĘSTOCHOWIE,www.rok.czestochowa.pl,rok@rok.czestochowa.pl,Ogińskiego,"13""A""",Częstochowa,42-200,,3244651,miejska,ŚLĄSKIE,"Ogińskiego 13""A"" 42-200, Częstochowa"
REGIONALNY OŚRODEK KULTURY W KATOWICACH,http://www.rok.katowice.pl/pl/,sekretariat@rok.katowice.pl,Pck,19,Katowice,40-057,32,2517563,miejska,ŚLĄSKIE,"Pck 19 40-057, Katowice"
RYBNICKIE CENTRUM KULTURY,http://www.rck.home.pl/wp_rck/,SEKRETARIAT@RCK.NEOSTRADA.PL,Saint Vallier,1,Rybnik,44-200,32,4222132,miejska,ŚLĄSKIE,"Saint Vallier 1 44-200, Rybnik"
"RYDUŁTOWSKIE CENTRUM KULTURY ""FENIKS""",http://www.rck.rydultowy.pl/,biuro@rck.rydultowy.pl,Strzelców Bytomskich,9 A,Rydułtowy,44-280,32,4577006,miejska,ŚLĄSKIE,"Strzelców Bytomskich 9 A 44-280, Rydułtowy"
SAMORZĄDOWY OŚRODEK KULTURY I SPORTU W JANOWIE,http://sokisjanow.naszgok.pl/,ulkasokis@wp.pl,Częstochowska,1,Janów,42-253,34,3278108,wiejska,ŚLĄSKIE,"Częstochowska 1 42-253, Janów"
SIEMIANOWICKIE CENTRUM KULTURY,http://siemck.pl/,sekcje@siemck.pl,Niepodległości,45.,Siemianowice Śląskie,41-106,32,2287280,miejska,ŚLĄSKIE,"Niepodległości 45. 41-106, Siemianowice Śląskie"
SOSNOWIECKIE CENTRUM SZTUKI - ZAMEK SIELECKI,http://www.zameksielecki.pl/,centrum@zameksielecki.pl,Zamkowa,2,Sosnowiec,41-211,32,2663842,miejska,ŚLĄSKIE,"Zamkowa 2 41-211, Sosnowiec"
ŚLASKIE CENTRUM WOLNOŚCI I SOLIDARNOŚCI,http://www.scwis.org.pl/,sekretariat@scwis.org.pl,Wincentego Pola,65,Katowice,40-596,32,6012108,miejska,ŚLĄSKIE,"Wincentego Pola 65 40-596, Katowice"
GMINNY OŚRODEK KULTURY W BOBROWNIKACH,http://gok.bobrowniki.pl/,sekretariat.gok3@wp.pl,Henryka Sienkiewicza,121 A,Bobrowniki,42-439,32,2874308,wiejska,ŚLĄSKIE,"Henryka Sienkiewicza 121 A 42-439, Bobrowniki"
GMINNY OŚRODEK KULTURY W BUCZKOWICACH,http://www.gokbuczkowice.com/,gokbuczkowice@wp.pl,Wyzwolenia,554,Buczkowice,42-583,33,8177120,wiejska,ŚLĄSKIE,"Wyzwolenia 554 42-583, Buczkowice"
GMINNY OŚRODEK KULTURY W CHYBIU,http://www.gokchybie.ox.pl/,gokchybie@ox.pl,Bielska,51,Chybie,43-374,33,8561099,wiejska,ŚLĄSKIE,"Bielska 51 43-374, Chybie"
GMINNY OŚRODEK KULTURY W CIASNEJ,www.domkulturyplus.pl/artykuly/92652-gminny-osrodek-kultury-w-ciasnej.html,ciasnagok@ug.pl,Zjednoczenia,2,Ciasna,43-520,34,3535617,wiejska,ŚLĄSKIE,"Zjednoczenia 2 43-520, Ciasna"
GMINNY OŚRODEK KULTURY W DĄBROWIE ZIELONEJ,http://www.dabrowazielona.pl/kategorie/gminny_osrodek_kultury,gokdabrowazielona@interia.pl,Kościuszki,30,Dąbrowa Zielona,42-793,34,3555055,wiejska,ŚLĄSKIE,"Kościuszki 30 42-793, Dąbrowa Zielona"
GMINNY OŚRODEK KULTURY W GIERAŁTOWICACH,http://www.gok.gieraltowice.pl/,kultura@gok.gieraltowice.pl,Korfantego,7,Gierałtowice,42-265,32,3011511,wiejska,ŚLĄSKIE,"Korfantego 7 42-265, Gierałtowice"
GMINNY OŚRODEK KULTURY W GILOWICACH,http://www.gilowice.naszgok.pl/,gok@gilowice.pl,Krakowska,40,Gilowice,44-186,33,8653015,wiejska,ŚLĄSKIE,"Krakowska 40 44-186, Gilowice"
GMINNY OŚRODEK KULTURY W GILOWICACH,http://www.gilowice.naszgok.pl/,gok@gilowice.pl,Krakowska,40,Gilowice,34-322,33,8653015,wiejska,ŚLĄSKIE,"Krakowska 40 34-322, Gilowice"
GMINNY OŚRODEK KULTURY W HAŻLACHU,http://www.gokhazlach.pl/,gok@hazlach.pl,Główna,37,Hażlach,43-419,33,8569768,wiejska,ŚLĄSKIE,"Główna 37 43-419, Hażlach"
GMINNY OŚRODEK KULTURY W JASIENICY,"http://www.gokjasienica.pl/index.php/content,541/",gok@jasienica.pl,Jasienica,1360,Jasienica,43-385,33,8212056,wiejska,ŚLĄSKIE,"Jasienica 1360 43-385, Jasienica"
TARNOGÓRSKIE CENTRUM KULTURY,http://www.tck.net.pl/,biuro@tck.net.pl,Jana Iii Sobieskiego,7,Tarnowskie Góry,42-600,32,2852734,miejska,ŚLĄSKIE,"Jana Iii Sobieskiego 7 42-600, Tarnowskie Góry"
WIEJSKI DOM KULTURY OLZA,http://www.wdkolza.org/,wdkolza@o2.pl,Szkolna,7,Olza,44-353,32,4511112,wiejska,ŚLĄSKIE,"Szkolna 7 44-353, Olza"
WIEJSKI DOM KULTURY W CZYŻOWICACH,http://www.wdk.czyzowice.net/,dkczyzowice@gmail.com,Strażacka,8,Czyżowice,44-352,32,4513288,wiejska,ŚLĄSKIE,"Strażacka 8 44-352, Czyżowice"
WIŚLAŃSKIE CENTRUM KULTURY,"http://wisla.pl/Kultura,3/Wislanskie_Centrum_Kultury,62",KULTURA@WISLA.PL,Bogumiła Hoffa,3,Wisła,43-460,33,8552967,miejska,ŚLĄSKIE,"Bogumiła Hoffa 3 43-460, Wisła"
WODZISŁAWSKIE CENTRUM KULTURY,http://www.wck.wodzislaw.pl/,sekretariat@wck.wodzislaw.pl,Ks. Płk. Wilhelma Kubsza,17,Wodzisław Śląski,44-300,32,4554855,miejska,ŚLĄSKIE,"Ks. Płk. Wilhelma Kubsza 17 44-300, Wodzisław Śląski"
ZAMEK CIESZYN,http://www.zamekcieszyn.pl/,info@zamekcieszyn.pl,Zamkowa,"3A,B,C",Cieszyn,43-400,33,8510821,miejska,ŚLĄSKIE,"Zamkowa 3A,B,C 43-400, Cieszyn"
GMINNY OŚRODEK KULTURY W KŁOMNICACH,http://www.gokklomnice.pl/pl/news,GOK_KULTURA1@WP.PL,Częstochowska,96,Kłomnice,42-270,34,3281143,wiejska,ŚLĄSKIE,"Częstochowska 96 42-270, Kłomnice"
GMINNY OŚRODEK KULTURY W KORNOWACU Z SIEDZIBĄ W KOBYLI,http://gok.kornowac.pl/,gokkornowac@o2.pl,Główna,78,Kobyla,44-285,32,4301200,wiejska,ŚLĄSKIE,"Główna 78 44-285, Kobyla"
GMINNY OŚRODEK KULTURY W KOSZARAWIE,http://www.gokkoszarawa.pl/,gok@gokkoszarawa.pl,Koszarawa,133,Koszarawa,34-332,33,8639372,wiejska,ŚLĄSKIE,"Koszarawa 133 34-332, Koszarawa"
GMINNY OŚRODEK KULTURY W KRZEPICACH,http://gok-krzepice.pl/,dyrektor@gok-krzepice.pl,Częstochowska,27,Krzepice,42-160,34,3175033,miejsko-wiejska,ŚLĄSKIE,"Częstochowska 27 42-160, Krzepice"
GMINNY OŚRODEK KULTURY W LELOWIE,http://www.goklelow.pl,GCI-LELOW@O2.PL,Szczekocińska,31,Lelów,42-235,34,3550047,wiejska,ŚLĄSKIE,"Szczekocińska 31 42-235, Lelów"
GMINNY OŚRODEK KULTURY W ŁODYGOWICACH,http://www.lodygowice.pl/jednostki-gminne/gminny-osrodek-kultury.html,gok@lodygowice.pl,Wolności,5,Łodygowice,34-325,33,8631086,wiejska,ŚLĄSKIE,"Wolności 5 34-325, Łodygowice"
GMINNY OŚRODEK KULTURY W MIERZĘCICACH,http://www.mierzecice.pl/index.php?option=com_content&view=article&id=294&Itemid=125,gok@mierzecice.pl,Wolności,102 A,Mierzęcice,42-460,32,2887082,wiejska,ŚLĄSKIE,"Wolności 102 A 42-460, Mierzęcice"
"MIEJSKI DOM KULTURY ""BOGUCICE-ZAWODZIE""",http://www.mdkbogucice-zawodzie.pl/,sekretariatmdk@mdkbogucice-zawodzie.pl,Leopolda Markiefki,44 A,Katowice,40-213,32,2030517,miejska,ŚLĄSKIE,"Leopolda Markiefki 44 A 40-213, Katowice"
"MIEJSKI DOM KULTURY ""KAZIMIERZ""",http://www.mdk-kazimierz.pl/,klub@mdk-kazimierz.pl,Główna,19,Sosnowiec,41-215,32,2694119,miejska,ŚLĄSKIE,"Główna 19 41-215, Sosnowiec"
"MIEJSKI DOM KULTURY ""KOSZUTKA""",http://www.mdkkoszutka.pl/,domkultury@mdkkoszutka.pl,Michała Grażyńskiego,47,Katowice,40-126,32,2589200,miejska,ŚLĄSKIE,"Michała Grażyńskiego 47 40-126, Katowice"
"MIEJSKI DOM KULTURY ""LIGOTA"" W KATOWICACH",http://www.mdkligota.pl/,mdk@mdkligota.pl,Franciszkańska,33,Katowice,40-708,32,2523234,miejska,ŚLĄSKIE,"Franciszkańska 33 40-708, Katowice"
"MIEJSKI DOM KULTURY ""POŁUDNIE""",http://www.mdkpoludnie.com/,mdk@mdkpoludnie.com,Tadeusza Boya-Żeleńskiego,83,Katowice,40-750,32,2094772,miejska,ŚLĄSKIE,"Tadeusza Boya-Żeleńskiego 83 40-750, Katowice"
GMINNY OŚRODEK KULTURY W PILCHOWICACH,http://gok.pilchowice.pl/,gokpilch@gmail.com ,Główna,50,Nieborowice,44-144,32,2330996,wiejska,ŚLĄSKIE,"Główna 50 44-144, Nieborowice"
"MIEJSKI DOM KULTURY ""PRAŻAKÓWKA""",http://www.mdk-ustron.ox.pl/,mdk@ustron.pl,Ignacego Daszyńskiego,28,Ustroń,43-450,33,8542906,miejska,ŚLĄSKIE,"Ignacego Daszyńskiego 28 43-450, Ustroń"
GMINNY OŚRODEK KULTURY W PORĄBCE,http://www.gokporabka.com.pl/,biuro@gokporabka.com.pl,Rynek,22,Porąbka,43-353,33,8106055,wiejska,ŚLĄSKIE,"Rynek 22 43-353, Porąbka"
"MIEJSKI DOM KULTURY ""SZOPIENICE-GISZOWIEC"" W KATOWICACH",http://mdk.katowice.pl/,instruktor2@mdk.katowice.pl,Gen. Józefa Hallera,28,Katowice,40-321,32,2568453,miejska,ŚLĄSKIE,"Gen. Józefa Hallera 28 40-321, Katowice"
GMINNY OŚRODEK KULTURY W PRZYROWIE,http://www.przyrow.pl/gminny-osrodek-kultury,przyrowgok@op.pl,Częstochowska,7,Przyrów,42-248,34,3554062,wiejska,ŚLĄSKIE,"Częstochowska 7 42-248, Przyrów"
MIEJSKI DOM KULTURY W KALETACH,http://www.mdkkalety.pl/,mdkkalety@wp.pl,Lubliniecka,2,Kalety,42-660,34,3527304,miejska,ŚLĄSKIE,"Lubliniecka 2 42-660, Kalety"
GMINNY OŚRODEK KULTURY W RĘDZINACH,http://www.gokredziny.pl/,gok.redziny@op.pl,Adama Mickiewicza,7,Rędziny,42-242,34,3279998,wiejska,ŚLĄSKIE,"Adama Mickiewicza 7 42-242, Rędziny"
GMINNY OŚRODEK KULTURY W SUSZCU,http://www.kulturasuszec.pl/,dk@kulturasuszec.pl,Ogrodowa,22,Suszec,43-267,32,2124491,wiejska,ŚLĄSKIE,"Ogrodowa 22 43-267, Suszec"
GMINNY OŚRODEK KULTURY W ŚWIERKLAŃCU,http://www.domkulturyswierklaniec.pl/,goknaklo@tlen.pl,Główna,52,Nakło Śląskie,42-620,32,2843557,wiejska,ŚLĄSKIE,"Główna 52 42-620, Nakło Śląskie"
GMINNY OŚRODEK KULTURY W ŚWINNEJ,http://www.swinna.naszgok.pl/,gok@gokswinna.ig.pl,Wspólna,13,Świnna,34-331,33,8638071,wiejska,ŚLĄSKIE,"Wspólna 13 34-331, Świnna"
GMINNY OŚRODEK KULTURY W TWOROGU,http://www.gok-tworog.pl/,bibliotekatworog@poczta.onet.pl,Zamkowa,1,Tworóg,42-690,32,2857492,wiejska,ŚLĄSKIE,"Zamkowa 1 42-690, Tworóg"
GMINNY OŚRODEK KULTURY W MILÓWCE,http://gok.milowka.pl/,gok.milowka@interia.pl,Dworcowa,1,Milówka,34-360,33,8637399,wiejska,ŚLĄSKIE,"Dworcowa 1 34-360, Milówka"
GMINNY OŚRODEK KULTURY W NIEGOWIE,http://www.gmina.e-niegowa.pl/gok.htm,gokniegowa@o2.pl,Wojska Polskiego,2,Niegowa,42-320,34,3151201,wiejska,ŚLĄSKIE,"Wojska Polskiego 2 42-320, Niegowa"
MIEJSKI DOM KULTURY,http://www.mdkmikolow.eu/,sekretariat@mdkmikolow.eu,Rynek,19,Mikołów,43-190,32,2262147,miejska,ŚLĄSKIE,"Rynek 19 43-190, Mikołów"
GMINNY OŚRODEK KULTURY W OLSZTYNIE,http://www.olsztyn-jurajski.pl/kategorie/gminny_osrodek_kultury,sekretariat@olsztyn-jurajski.pl,Marsz. Józefa Piłsudskiego,15,Olsztyn,42-256,34,3285076,wiejska,ŚLĄSKIE,"Marsz. Józefa Piłsudskiego 15 42-256, Olsztyn"
"MIEJSKI DOM KULTURY ""BATORY""",http://mdkbatory.pl/,mdk@mdkbatory.pl,Stefana Batorego,6,Chorzów,41-506,32,2460060,miejska,ŚLĄSKIE,"Stefana Batorego 6 41-506, Chorzów"
MIEJSKO-GMINNY OŚRODEK KULTURY W ŻARKACH,http://www.zarki.naszgok.pl/,mgokzarki@op.pl,Stanisława Moniuszki,2,Żarki,42-310,,728998806,miejsko-wiejska,ŚLĄSKIE,"Stanisława Moniuszki 2 42-310, Żarki"
WIEJSKI DOM KULTURY W GORZYCACH,http://www.wdk-gorzyce.pl/wdk/,wdk-gorzyce@o2.pl,Mikołaja Kopernika,8,Gorzyce,44-350,32,4511687,wiejska,ŚLĄSKIE,"Mikołaja Kopernika 8 44-350, Gorzyce"
GMINNY OŚRODEK KULTURY GMINY PSARY,http://gok.psary.pl/,gok.psary@gmail.com,Zwycięstwa,2,gródków,42-165,32,2672259,miejsko-wiejska,ŚLĄSKIE,"Zwycięstwa 2 42-165, Grodków"
