Geometry,Villes,Températures minimales,Température maximales,Détails,Icônes
"Clermont-Ferrand, France",Clermont-Ferrand,-7,1,Eclaircies,partly_cloudy
"Grenoble, France",Grenoble,-6,0,Ensoleillé,sunny
"Lyon, France",Lyon,-5,1,Ecalircies,partly_cloudy
"Bordeaux, France",Bordeaux,-3,7,Ecalircies,partly_cloudy
"Toulouse, France",Toulouse,-4,4,Ciel voilé,water
"Nîmes, France",Nîmes,-2,9,Ciel voilé,water
"Montpellier, France",Montpellier,-4,10,Ciel voilé,water
"Marseille, France",Marseille,0,10,Eclaircies,partly_cloudy
"Cannes, France",Cannes,2,10,Eclaircies,partly_cloudy
"Paris, France",Paris,-2,4,Pluie verglaçante,rainy
"Lille, France",Lille,-3,4,Pluies éparses,rainy
"Rennes, France",Rennes,-3,5,Très nuageux,road_shield3
"Brest, France",Brest,2,10,Très nuageux,road_shield3
"Tours, France",Tours,-4,3,Très nuageux,road_shield3
"Nantes, France",Nantes,-3,5,Eclaircies,partly_cloudy
"Strasbourg, France",Strasbourg,-8,0,Ciel voilé,water
"La Rochelle, France",La Rochelle,-3,5,Ensoleillé,sunny
"Ajaccio, France",Ajaccio,-1,11,Très nuageux,road_shield3
"Limoges, France",Limoges,-5,5,Ensoleillé,sunny
"Nice, France",Nice,2,10,Eclaircies,partly_cloudy
