{
  "licenseType": "Unknown",
  "exportable": true,
  "dc:title": "La météo du samedi 7 janvier en France",
  "attribution": "Météo France",
  "attributionLink": "http://www.meteofrance.com",
  "dc:modified": "2017-01-05T14:01:30Z",
  "dc:identifier": "1cL-JOfYN3UrnR8PNVHvKHwnfd6Qr9RSAIMJHNXdO",
  "tableSchema": {"columns": [
    {
      "datatype": "location",
      "name": "col0",
      "validateData": false,
      "title": "Geometry"
    },
    {
      "datatype": "location",
      "name": "col1",
      "validateData": false,
      "title": "Villes"
    },
    {
      "datatype": "double",
      "name": "col2",
      "validateData": false,
      "title": "Températures minimales"
    },
    {
      "datatype": "double",
      "name": "col3",
      "validateData": false,
      "title": "Température maximales"
    },
    {
      "datatype": "string",
      "name": "col4",
      "validateData": false,
      "title": "Détails"
    },
    {
      "datatype": "string",
      "name": "col5",
      "validateData": false,
      "title": "Icônes"
    }
  ]}
}