Account Name,Address,Region,Charity Number,Reach,Legal Form,Company Number,Website,Access Point,Company trading start date,What type of service areas do you operate in?,Who are your beneficiaries?,Description,Grant amount awarded,Date awarded,Date Registered,AP code
The Link (Redcar) CIC,"5 Turner Street, Redcar, TS10 1AY, United Kingdom",North East,0,Multi-regional,Community Interest Company (CIC) limited by Shares,7635348,www.redcarlink.com,Big Issue Invest,40652,"Mental health and wellbeing, Family, friends and relationships","People with mental health needs, Parents, Young people, Children","The Link is an award-winning Community Interest Company based in the North-East providing early intervention therapeutic and support services to children and young people experiencing emotional distress and mental health problems to prevent further deterioration in their health which would require expensive specialist provision._x000D_
_x000D_
The Link has a multi-disciplinary team containing a broad range of experience skills and knowledge including social work teaching early years CAMHS autistic spectrum psychology counselling bereavement looked-after and adopted children psychotherapy adult mental health and the Armed Forces. This enables us to deliver a range of interventions to young people covering difficulties including low mood anxiety low confidence and self-esteem issues._x000D_
_x000D_
We provide a portfolio of services to over 1000 young people and carers per annum consisting of 1:1 therapy group intervention and activities Art Psychotherapy Child Psychotherapy Dyadic Developmental Psychotherapy CBT Parenting Mental Health First Aid Resilience and a range of other topics. _x000D_
_x000D_","£20,000",27/06/17,10/02/17,0
Portland Centre for Integrative Medicine Community Interest Company,"2 Portland Street, Clifton Down, Bristol, BS8 4AL, United Kingdom",South West,0,0,Community Interest Company (CIC) limited by guarantee,-8529099,www.portlandcentrehealthcare.co.uk,Resonance Ltd,10/23/2015,Physical health,People with long-term health conditions,"A range of holistic medical and other services to help residents and Bristol and the south west manage long term health conditions_x000D_
Medical Homeopathy - provision oh both NHS and private treatments_x000D_
Mindfulness_x000D_
Nutrition advice and support_x000D_
Creative Writing_x000D_
Developing a new Holistic Doctor service_x000D_
_x000D_
In addition PCIM runs a successful post Graduate Education service for Health Professionals_x000D_",16360,07/02/17,23/11/16,5
Somerset Business Agency CIC,"Bow Street, Langport, TA10 9PN, United Kingdom",South West,0,Local,Community Interest Company (CIC) limited by guarantee,07369921,www.somersetbusinessagency.org,Big Issue Invest,9/9/2010,"Employment, training and education","Ex-offenders, Homeless people, People with long-term health conditions, People who are long-term unemployed, Young people","SBA works with the long term unemployed with individuals looking to develop new skills and take the next steps in their careers._x000D_
SBA provides advice guidance and support to individuals micro businesses and start ups as well as those businesses looking to grow.","£18,500",20/12/16,24/11/16,0
Chantos House (Bristol) Limited,"Chandos road, Redland, Bristol, BS66PF, United Kingdom",South West,0,National,Private company,09273819,http://www.chandoshouse.org,Resonance Ltd,10/21/2014,"Employment, training and education, Physical health, Mental health and wellbeing","Ex-offenders, People living in poverty, People with long-term health conditions, People with mental health needs, People with addiction issues",Chandos provides active therapeutic intervention through counselling and group work in a supportive and semi-structured environment with emphasis on health promotion and emotional well-being. Our work supports the development of social skills and confidence needed to take responsibility for re-entry into the community. Our residents actively participate in all house activities and in the planning of their own recovery. Our goal is to help our residents towards sustaining an alcohol and drug-free lifestyle. Chandos exists to provide a setting where sufferers of addiction are empowered to change the self-defeating behaviours associated with active addiction. Chandos offers a community-based holistic integrative and abstinence-led approach to recovery from addiction.,"£16,260",27/01/17,21/11/16,5
B Active N B Fit CIC,"whitehouse road, hendon, sunderland, sr2 8ah, United Kingdom",North East,0,Local,Community Interest Company (CIC) limited by guarantee,5419521,www.bactivenbfit,Big Issue Invest,5/14/2005,"Employment, training and education, Physical health, Mental health and wellbeing","People living in poverty, People with mental health needs, Older people",B Active N B Fit is a specialist provider of health and wellbeing services to 50plus.  We use exercise movement and dance to help maintain/sustain independent living for older members of society to improve their social inclusion and quality of life working in disadvantaged health deprived communities to improve health and well-being by encouraging activity through tailored health and fitness programs incorporating health improvement intervention.  We were established to improve the quality of life for individuals and groups including: older people many with mobility problem experiencing social isolation with dementia and Alzheimer’s Individuals recovering from strokes those with long term conditions mental health problems drug and alcohol problems people who are unemployed or disadvantaged experiencing poverty and deprivation and carers.  We are an established social enterprise and our programme of activity enables us to deliver the service to individuals within their own homes and in community settings we provide up to 48 sessions per week and reach over 2000 service users per year.   Our activities include: 50plus exercise programmes zumba and zumba gold sit nb fit one to one exercise intervention health action planning dance and exercise laughter yoga health and nutrition advice lifestyle advice clinical health and fitness intervention and holistic therapies. We package and tailor our products and services to meet the needs of our beneficiaries who are self referrals care homes adult services drug and alcohol charities NHS and GP commissioners.,"£15,000",27/06/17,12/05/17,0
Baraka foundation Ltd t/a Cielo Coffee,"41 Main St, Garforth, Leeds, LS25 1DS, United Kingdom",Yorkshire and Humberside,0,Local,Company limited by guarantee,6503049,www.cielouk.com,Big Issue Invest,39491,"Employment, training and education, Mental health and wellbeing, Citizenship and community","People with long-term health conditions, People who are long-term unemployed, People with mental health needs, Young people, People with learning disabilities",We run community coffee houses across the Leeds region. We use a quality coffee house & speciality coffee roaster model to help reduce isolation and build community cohesion. We run a volunteer scheme alongside our paid staff team providing confidence and skills to a wide range of people groups.,"£15,000",20/12/16,02/11/16,0
Somerset Wood Recycling,"Winterstoke Road, Weston-super-Mare, BS23 3YW, United Kingdom",South West,0,Local,Company limited by guarantee,05712405,www.somersetwoodrecycling.co.uk,Resonance Ltd,6/16/2017,"Employment, training and education, Physical health, Mental health and wellbeing","Ex-offenders, People living in poverty, People who are long-term unemployed, People with mental health needs, People with addiction issues",Somerset Wood Recycling (SWR) makes products from recycled or sustainably sourced wood and use this as a vehicle to support and up-skill beneficiaries. We also run a small outdoor repair and maintenance service for North Somerset Council - again using this as a vehicle to engage with beneficiaries. We are also responsible for a building that houses other SEs,"£15,000",27/06/17,13/06/17,5
Karrek Community CIC,"Par Moor Road, St Austell , PL25 3RF, United Kingdom",South West,0,Local,Community Interest Company (CIC) limited by guarantee,9102018,www.karrekcommunity.uk,Resonance Ltd,41815,"Physical health, Mental health and wellbeing, Citizenship and community","People with physical disabilities, People with long-term health conditions, People with mental health needs, Older people, People with learning disabilities","Providing support to vulnerable people in the context of well-being to enable them to live at home for as long as is possible. We provide person centred approaches that enable people to live the lives of their choosing within a professional and caring programme of support. _x000D_
Our vision is to enable people to live their lives to the full whilst being treated with respect & dignity. _x000D_
We deeply value people for who they are as individuals and wish to harness their experiences in the running of the company.","£12,900",07/03/17,21/12/16,5
North East Dance,"126 Church street North, Sunderland, SR6 0DT, United Kingdom",North East,0,Regional,Community Interest Company (CIC) limited by guarantee,6418445,www.northeastdance.com,Big Issue Invest,11/3/2016,"Physical health, Mental health and wellbeing, Family, friends and relationships","People with physical disabilities, People living in poverty, Older people, Young people",We provide dance fitness well-being and health services to vulnerable and disadvantage communities who cannot access these opportunities.,"£15,000",30/11/16,01/11/16,0
Hollywell Housing Trust,"Yeoford Way, Marsh Barton, Exeter, EX2 8LB, United Kingdom",South West,1160398,Regional,Charitable Incorporated Organisation (CIO),0,www.hollywellhousingtrust.org.uk,Resonance Ltd,42044,"Housing and local facilities, Mental health and wellbeing",People with learning disabilities,Hollywell works with vulnerable people to identify the kind of accommodation that THEY want before sourcing this on the private sector taking a company let with the landlord and then subletting to the vulnerable person. We then become their landlord enabling the individual to maintain their tenancy and live independently by providing housing and tenancy related support.,"£4,500",06/01/17,12/20/2016,5
East Midland Homes Cooperative,"27-31 Carlton Road, Nottingham, NG3 2DG, United Kingdom",East Midlands,0,Regional,Industrial & Provident Society (Community Benefit),32141R,www.eastmidlandhomes.co.uk,Big Issue Invest,7/18/2013,Housing and local facilities,"Ex-offenders, Homeless people, People living in poverty, People who are long-term unemployed",East Midland Homes Co-operative (EMHC) is a social enterprise providing affordable rental homes for disadvantaged families within the local communities. By procuring dilapidated or empty residential properties and renovate them to HCA decent homes standards so that they can be then rented to low income families within those communities using the local unemployed. Also give us the facility to provide practical training in general building and plumbing skill for the Apprentices and Volunteers within Nottingham community. EMHC will focus on providing practical training coaching and mentoring for apprentices and volunteers especially for those out of work. It is expected that through the providing of coaching to the volunteers that it will be possible to have a direct and positive effect on their life’s,"£11,750",30/11/16,01/11/16,0
Social Interest Group,"Milner Square, London, N1 1TY, United Kingdom",London,1158402,Regional,Company limited by guarantee,0,www.socialinterestgroup.org.uk,Social and Sustainable Capital,3/28/2017,"Housing and local facilities, Physical health, Mental health and wellbeing","Ex-offenders, People with long-term health conditions, People who are long-term unemployed, People with mental health needs, People with addiction issues","We provide: supported housing community floating support and rehabilitation recovery programmes for addictions and mental illness and offender prison and community support and rehabilitation._x000D_
_x000D_
Our supported housing is for people recovering from long term mental illness. Providing units of accommodation in London where we deliver high medium and low support hours to aid and maintain mental wellness life skills and access to education and employment for adults who have come out of long term hospital care or prison._x000D_","£21,185",20/04/17,24/03/17,6
Enterprise4Good,"The Old Central Library, Victoria Avenue, Southend-on-Sea, SS2 6EX, United Kingdom",East of England,0,Regional,Company limited by guarantee,9356425,www.thehive.org.uk          and           www.enterprise4good.org,Big Issue Invest,12/18/2014,"Employment, training and education, Housing and local facilities, Citizenship and community","Ex-offenders, People who are long-term unemployed, Older people, Parents, Young people","We design deliver and manage business start-up self-employment and entrepreneurship development programmes for local and regional residents enterprises and community organisations. We assist local authorities protect existing public assets (especially those with a heritage value) by regenerating existing publicly owned buildings through our FEAST (Flexible Estate And Space Transformation) programme to provide affordable flexible and collaborative community hubs that stimulate an enterprise culture create and protect local jobs and raise household incomes._x000D_
As a social enterprise we create social and economic impact by re-cycling our trading profits generated through the operation of our enterprise centres for local micro and small businesses by delivering free-to-user access to our coaching mentoring training and networking events and low-cost easy-in-easy-out fully serviced workspaces_x000D_
We work with private developer and housing associations to help provide innovative commercial and community spaces under their planning gain obligations in new developments and other wider estate regeneration projects.","£7,900",12/01/17,18/11/16,0
THEGIVINGMACHINE,"49a The Shearers, Bishop's Stortford, CM23 4AZ, United Kingdom",East of England,1159320,National,Company limited by guarantee,09017447,https://www.thegivingmachine.co.uk,Social and Sustainable Capital,11/24/2014,"Income and financial inclusion, Citizenship and community","People with physical disabilities, People with long-term health conditions, People with mental health needs, Children, People with learning disabilities",TheGivingMachine (TGM) has created a service enabling a small change in user/shopper behaviour to generate funds for good causes that cost the shopper nothing. It allows everyone to become a donor. Users shop online via over 2000 retailers and generate sales commissions that users can allocate to their causes. Users can support up to four organisations – more than any other site of this kind – including charities schools and local community groups. Almost 100000 users have joined to date. Causes can join for free and promote the service to their supporters – over 7000 causes are directly benefiting. Over £30m has been referred through the site creating over £1.2m in donations – many of which are schools and small local community groups that have less access to fundraising. 2016 turnover is forecast as c.£300k. Sales commissions are split between causes and TGM with TGM effectively retaining 25-45% depending on Gift Aid being applied.,"£18,799",20/12/16,22/11/16,6
Raw Ingredients CIC,"88 Brixton Road , London, SW9 6BE, United Kingdom",London,0,Local,Community Interest Company (CIC) limited by guarantee,9626482,www.cafevangogh.co.uk,Big Issue Invest,42161,"Employment, training and education, Physical health, Mental health and wellbeing","People living in poverty, People who are long-term unemployed, People with mental health needs, Young people",Social enterprise cafe promoting healthy eating to people on a low income via workshops and training sessions. Additionally we also provide work placements to adults with learning difficulties mental health issues and the long term unemployed and offer an apprenticeship programme,"£7,500",20/12/16,04/11/16,0
Absolutely Leisure,"Stafferton Way, Maidenhead, SL6 1AY, United Kingdom",South East,1131013,Regional,Company limited by guarantee,0,www.absolutely-group.co.uk,Social and Sustainable Capital,2/17/2009,"Physical health, Citizenship and community, Arts, heritage, sports and faith","People with physical disabilities, People living in poverty, Older people, Young people, Children","Our charity operates a number of leisure facilities for the local communities its serves.  Products include indoor karting ten pin bowling lazer tag gyms softplay and paintball. Each of our 9 venues is also targeted on providing free and discounted use to like-minded community groups either for direct access by beneficiaries or for fund raising purposes._x000D_
In addition to this we are embarking on the delivery of outreach initiatives in all of our communities to provide programmes for - children with special needs - elderly facing isolation - disadvantaged youths","£18,600",16/05/17,27/02/17,6
The Jericho Foundation,"Edward Road, Balsall Heath, Birmingham, B12 9LX, United Kingdom",West Midlands,1037084,Local,Company limited by guarantee,02845852,www.jericho.org.uk,CAF Venturesome,8/18/1993,"Employment, training and education","Ex-offenders, Homeless people, People who are long-term unemployed, People with mental health needs, Young people",Jericho supports individuals to become fulfilled skilled and employed by providing supported work experience in our 8 social enterprise businesses. These are catering cleaning construction landscape print and promotion recycling reuse and workspace services. Our clients have a range of disadvantages including ex-offenders 16-24 NEET young people and survivors of modern slavery.,"£21,800",21/02/17,01/02/17,1
Active Impact CIC,"11 Bridge Mead, STROUD, BL5 4BP, United Kingdom",South West,0,Regional,Community Interest Company (CIC) limited by guarantee,07454426,Www.mobiloo.org.uk,Social Finance,11/9/2010,"Physical health, Mental health and wellbeing, Citizenship and community","People with physical disabilities, Older people, Young people, Children, People with learning disabilities","Mobiloo - the worlds first attended fully mobile toilet and changing facility for disabled people who need a hoist and changing table._x000D_
Of Course We Can - residential and non-residential activities for disabled children and young people_x000D_
Inclusion Needs You - training for mainstream providers to support them to make their provision more accessible and inclusive",10180,16/03/17,07/11/16,7
Equal Education,"5 Torrens st, London, EC1V 1NQ, United Kingdom",London,0,National,Community Interest Company (CIC) limited by Shares,10453632,www.equal.education,CAF Venturesome,10/31/2016,"Employment, training and education","Children, People with learning disabilities","The provision of targeted and specialist one to one tuition for children in the care system._x000D_
_x000D_
Data and analytics to quantify the progress made to children in care through one to one tuition.","£19,260",27/01/17,02/12/16,1
GrassRoots Power Community Interest Company,"Rumwell , Taunton, TA4 1EL, United Kingdom",South West,0,National,Community Interest Company (CIC) limited by Shares,10059430,0,Somerset Community Foundation,3/12/2016,"Employment, training and education, Mental health and wellbeing, Citizenship and community","People with physical disabilities, Ex-offenders, Homeless people, People who are long-term unemployed, People with addiction issues","GRP undertakes activities benefitting the community and offering employment opportunities for those excluded from the community and work:_x000D_
_x000D_
•	Installation maintenance ad fund sustainable energy solutions_x000D_
•	Training skills development knowledge and employment opportunities _x000D_
•	Enhance facilities reduce costs increase accessibility and participation  _x000D_
        contributing to improved health and wellbeing within communities._x000D_
_x000D_
GRP supports and advises community clubs and their wider community enabling financial sustainability and reducing the environmental impact of sport._x000D_
_x000D_
GRP will create opportunities for people from all backgrounds who have fallen on hard times engaging them in maintaining and running community sports facilities. _x000D_
_x000D_
Our existing partnerships include The FA Western League and SDAS.  GRP have already undertaken proof of concept recruiting and training a recovering alcoholic who had been unable to find suitable employment.  He now works as a light tester and with the potential contracts available we want to roll recruitment/training of suitable candidates and offer others this life-changing opportunity._x000D_","£15,240",27/06/17,16/01/17,7
Commons Law CIC,"Montaigne Close, London, SW1P 4BN, United Kingdom",London,0,Regional,Community Interest Company (CIC) limited by guarantee,10383728,n/a,CAF Venturesome,42632,"Mental health and wellbeing, Citizenship and community","People with physical disabilities, People living in poverty, People with mental health needs, People with addiction issues, People with learning disabilities",Criminal justice in the UK is at a critical juncture with increases to the number of self-representing litigants impacting on the standard and quality of judgments made in court. The government is not actively assessing the problem and there is a risk of increasing injustice. Commons will be the first not for profit cooperative law firm offering services primarily funded by legal aid payments to help the vulnerable in the system. Commons will also instigate and support projects to increase opportunities for disadvantaged target groups. No other law firm in London is set up in this way or has these explicit goals. Motivated by a desire to see criminal defence advice and representation delivered with an informed and compassionate focus on the needs of clients Commons has been set up by lawyers Rhona Friedman Sashy Nathan and Ben Stuttard. It is intended that the work of Commons not only provides immediate improvement by offering its service to vulnerable clients in London but can have a wider impact by modelling an alternative way of doing law and sharing learning and experiences with the legal and advice communities more widely.,"£15,000",21/02/17,21/01/17,1
Watchet Bowling Club,"Culvercliffe Road, Watchet, TA23 0EW, United Kingdom",South West,0,Local,Other,Community Amateur Sports Club Registered no -CH11089,www.watchetbowlingclub.net,Somerset Community Foundation,6211,"Housing and local facilities, Physical health, Arts, heritage, sports and faith","People with physical disabilities, People living in poverty, People with mental health needs, Older people, Young people",Provision of a community venue including indoor and outdoor bowling rinks plus community centre to meet the social and health and well being needs of our local community. Watchet does not have a large community venue such as a village hall  and our centre is open daily throughout the year  helping to overcome many of the barriers currently faced and we hope  those of the future.  It  meets the needs of the community by helping to develop community cohesion a sense of belonging increases access to services and reduces isolation.,"£14,040",06/04/17,27/02/17,7
Applecartlive Ltd,"170 Harold Road, London, E13 OSE, United Kingdom",London,1145135,Regional,Company limited by guarantee,7807225,www.applecartarts.com,CAF Venturesome,12/19/2011,"Family, friends and relationships, Citizenship and community, Arts, heritage, sports and faith","People who are long-term unemployed, Older people, Parents, Young people, Children","Applecart is an arts charity that works in the community to develop social well being.  We run a community centre offering office and studio space to charities social enterprises and artists.  The building has newly opened community cafe rehearsal/community spaces for hire and we are currently developing a theatre performance space.  We work with partners to provide training work experience and apprenticeships for young adults social clubs for the elderly fitness classes ESOL classes and community events._x000D_
_x000D_
We are currently developing a performing arts programme which reflects social issues and concerns experienced within our local area.  The programme aims to provide a platform for the more disenfranchised members of our community.","£13,000",11/05/17,01/05/17,1
Start Again Project CIC,"Short Heath , Birmingham , B23 6JX , United Kingdom",West Midlands,0,0,Community Interest Company (CIC) limited by guarantee,06736387,www.start-again.co.uk,CAF Venturesome,39749,"Housing and local facilities, Physical health, Mental health and wellbeing","Ex-offenders, Homeless people, People who are long-term unemployed, People with mental health needs, Young people","Start Again Project  is a registered Community Interest Company and was was formed in 2008. The company has evolved its operation over this period with increased engagement of young people in both the community outreach and accommodation strands of the business.  _x000D_
The business will operate with three departments two of accommodation and physical activity to drive the business with the central administration support making up the operational infrastructure of the organisation. _x000D_
_x000D_
_x000D_
_x000D_
_x000D_","£7,300",07/02/17,12/13/2016,1
Black Country Make CIC,"Chervil Rise, Heath Town, Wolverhampton, WV10 0HP, United Kingdom",West Midlands,0,0,Community Interest Company (CIC) limited by guarantee,08896205,http://www.blackcountrymake.it,Co-operative and Community Finance,2/14/2014,"Employment, training and education, Housing and local facilities, Citizenship and community","Ex-offenders, Homeless people, People living in poverty, People who are long-term unemployed, People with addiction issues","Services - _x000D_
Rise up Yoga - Working with people on the estate to tackle mental health and drug dependancy working with local schools in delivering BeActive programme_x000D_
Sewing B - Place for women to congregate and design and make clothes. formed business now exporting fashions to Morocco._x000D_
Dig-Tool Shed - young people and children using digital design and manufacturing. designed and built 3 Bed semi detached house_x000D_
_x000D_
Products -_x000D_
Modular Custom Build Housing - design and built by local community","£11,800",20/04/17,01/12/16,2
Roco Creative Ltd,"Glossop Road, Sheffield, S10 2HW, United Kingdom",Yorkshire and Humberside,0,Local,Industrial & Provident Society (Community Benefit),IP31907R,www.theroco.org,Key Fund,11/27/2012,"Employment, training and education, Citizenship and community, Arts, heritage, sports and faith","Older people, Parents, Young people, Children",Roco was established to become a centre of creative excellence providing creative educational and entrepraneurial opportunity to the people of sheffield. Roco is made up of studio gallery retail space makerspace cafe bar and events and education space.,"£20,000",27/01/17,06/12/16,3
Alpha  Education Community  Trust CIC,"Lothian Way, Bransholme, Hull, HU7  5DD, United Kingdom",Yorkshire and Humberside,0,Local,Company limited by guarantee,7823311,www.alphaeducation.co.uk/community,Key Fund,42286,Citizenship and community,"People with mental health needs, Older people, Parents, Young people, Children","Alpha Education Community Trust CIC delivers educational workshops to schools and community groups our motto is “Working in the community for the community”. Our overall aim is to motivate children young people and adults to feel positive about themselves and to explore social issues. We use drama workshops relating to children in order to help them identify with their own culturaral identity. _x000D_
We also focus on areas of health and cultural awareness along with educational improvements in literacy skills etc_x000D_
One of our key aims is to make a difference in the community by providing a broad range of activities to address some of the needs identified through established research and from our surveys conducted in the area of Bransholme in the neighbourhood where the centre is based. _x000D_
_x000D_
•	Children’s Holiday Clubs_x000D_
•	Elderly weekly Luncheon Club_x000D_
•	Youth Sports Club_x000D_
•	Finance Workshops_x000D_
•	Literacy/Numeracy Classes_x000D_","£8,100",06/04/17,23/05/17,3
Earth Doctors Ltd,"5 West View, WYLAM, NE41 8DT, United Kingdom",North East,0,Regional,Company limited by guarantee,8415957,www.earthdoctors.co.uk,Key Fund,41327,"Employment, training and education, Mental health and wellbeing, Citizenship and community","Ex-offenders, People living in poverty, People who are long-term unemployed, People with mental health needs, Young people",We develop low carbon community projects at a scale which is viable and sustainable. Our leading project is Artisan Baking Community. We develop bakeries in community centres libraries and commercial premises across the north east. We deliver baking training and products for sale. We operate with partners across several sites. Main production hub operational at Earth Balance (near Bedlington) Wylam library for slaesa dn storage of goods Community Centre in Old Fold felling for training Daybreak Acomb for baking and sales._x000D_,"£5,940",14/02/17,12/8/2016,3
Asset Base South Tyneside CIC,"Sea Winnings Way, South Shields, NE33 3PE, United Kingdom",North East,0,Local,Community Interest Company (CIC) limited by guarantee,05935259,www.westoe-hub.co.uk,Key Fund,42815,"Physical health, Mental health and wellbeing, Citizenship and community","People with long-term health conditions, People who are long-term unemployed, People with mental health needs, Older people, Children","Asset Base South Tyneside CIC operates Westoe Crown Community Hub which offers:(a) Dance Pilates yoga exercise and fitness programme for people of all ages and levels of ability._x000D_
(b) Opportunities for volunteering shaping and organising community events and activities leading to employment_x000D_
(c) Art and craft activities for young children and mums children’s parties and seasonal community events e.g. Halloween Christmas Fayre. _x000D_
(d) National Citizenship Service Computer classes Spanish lessons Guitar lessons and support for parents with Math’s homework_x000D_
(e) Meeting space for resident’s groups and community meetings_x000D_
_x000D_
It also will operate Guilt Free Kitchen in an adjoining unit as a sustainable incomes stream for the Hub.  It will offer a wide range of gluten and wheat free clean food via a take away venue supply contracts and meal/diet plans.","£5,280",20/04/17,3/21/2017,3
Cycle Penistone CIC,"Off St Marys Street, Penistone, Sheffield, S36 6DT, United Kingdom",Yorkshire and Humberside,0,Local,Community Interest Company (CIC) limited by guarantee,09246535,www.cyclepenistonecic.org.uk,Key Fund,41914,"Employment, training and education, Physical health, Arts, heritage, sports and faith","People with physical disabilities, People with long-term health conditions, Older people, Young people, Children",Cycle Enterprise based directly next to the Trans Pennine Trail a low gradient surface multi use trail stretching from the west to East coast offering Bike Hire including a small fleet of inclusion bikes for disabled users full servicing facilities and accessory sales sale of new bikes and a recycling scheme involving the collection of pre loved bikes from households and the Barnsley Boroughs 5 dumpit sites these are restored and fully serviced and then sold on at low cost. Training and workshops for individuals groups schools and organisations.,"£4,992",07/03/17,1/21/2017,3
Tyneside and Northumberland Mind,"Dunsmuir Grove, Bensham, Gateshead, NE8 4QL, United Kingdom",North East,7552434,Regional,Company limited by guarantee,1140856,www.tynesidemind.org.uk,Northstar Ventures,3/4/2011,"Employment, training and education, Mental health and wellbeing, Family, friends and relationships",People with mental health needs,"Tyneside and Northumberland Mind is part of the Mind network a federated charity of over 140 local associations. We trace our origins back to 1985 where as Blaydon Mind we offered services to the local community. As we expanded across the borough and subsequently the larger area of Tyneside and Northumberland we changed our name firstly to Tyneside Mind (2011) and then to Tyneside and Northumberland Mind (2105). _x000D_
Tyneside & Northumberland Mind exists to promote positive mental health providing flexible responsive and sustainable support services. Our 2015/16 income exceeded £1m for the first time and we now have bases in South Tyneside North Tyneside and Northumberland as well as Gateshead with a Newcastle base on its way.  We continue to strive to find innovative ways to promote good mental health and emotional wellbeing._x000D_
We offer counselling wellbeing services projects (including a volunteer staffed café) and training across our geographic area of benefit._x000D_","£14,800",12/01/17,29/11/16,4
Care &amp; Share Associates ONE (2014) Limited,"Benton Terrace, Jesmond, Newcastle upon Tyne, NE2 1QU, United Kingdom",North East,0,Multi-regional,Other,09137883,www.casaltd.com,Big Issue Invest,7/18/2014,"Employment, training and education, Physical health, Mental health and wellbeing","People with physical disabilities, People who are long-term unemployed, People with mental health needs, Older people, People with learning disabilities","Care & Share Associates ONE (2014) Limited (CASA) is the leading employee owned domiciliary care company operating in the north of England.    _x000D_
CASA has over 800 employees delivering over 20000 hours per week of care to over 1400 clients over nine metropolitan areas. _x000D_
Over the years the success of the business has been down to mutuality. Because our employees are also the owners we achieve the highest quality care and low staff turnover making the business more successful. We nurture strong commissioner relationships and none of our profit goes to external shareholders._x000D_
Our social impact is far-reaching. As well as improving the quality of life for our service users we recruit and invest in low income communities with a great track record in helping long-term unemployed people into work. _x000D_","£21,938",12/01/17,03/11/16,0
County Durham Furniture Help Scheme,"Avenue 3, Chilton Industrial Estate, Chilton, DL17 0PB, United Kingdom",North East,1112344,Regional,Company limited by guarantee,05559147,www.cdfhs.org.uk,Northstar Ventures,10/21/2004,"Employment, training and education, Income and financial inclusion, Citizenship and community","Ex-offenders, Homeless people, People living in poverty, People who are long-term unemployed, People with learning disabilities","County Durham Furniture Help Scheme (CDFHS) is a registered charity and company limited by guarantee formed in 2004 to relieve poverty in particular by the provision Durham who are in need. _x000D_
_x000D_
We operate a robust work experience scheme specialising in supporting and changing the aspirations habits and lives of those people at the furthest distance from the labour market._x000D_
_x000D_
We support as many as possible in to work we work with multiple partners. From this blend of other support and our own comprehensive experience we provide a raft of other support information particularly advice and guidance to help clients make informed choices and supporting all using our services._x000D_
_x000D_
We also offer various targeted projects such as upcycled furniture or refurbished bikes to actively bring items destined for landfill or worse in to use or recycle the items totally ethically via professional partners._x000D_","£11,800",20/12/16,20/11/16,4
Positive Support for you CIC,"Henry  Robson Way, South Shields, NE33 1RF, United Kingdom",North East,0,Regional,Community Interest Company (CIC) limited by guarantee,07097628,www.psforyou.org,Big Issue Invest,12/8/2009,Mental health and wellbeing,"People with physical disabilities, Ex-offenders, People with long-term health conditions, People with mental health needs, People with learning disabilities",We are  a specialist provider of care and support. We work with adults with Learning Disabilities Mental Ill Health Autism and other complex conditions or combinations of these. We enable people to have great lives in their community living in their own home or with family. We do this by providing very personalised support with care and support staff who are matched to the individual. We often work with people who have a history of challenging behaviours and sometimes are ex -offenders with a history of forensic needs. Many of the people we support have been helped to be discharged from long stay hospitals or have avoided out of area placements with our help. We provide specialist support around Positive Behavioural Support and choose to work in a non-oppressive way  favouring de-escalation techniques rather than restraint. We work to deliver these services in the Tees Valley and Durham and are in the process of extending to other areas of the North East of England.  We are registered with CQC as a care provider - rated Good.,"£20,000",15/06/17,11/05/17,0
Urban Pursuit CIC,"7 Cotham Park, Cotham, Bristol, BS6 6DA, United Kingdom",South West,0,Local,Community Interest Company (CIC) limited by guarantee,7848176,urbanpursuit.co.uk,Resonance Ltd,11/15/2011,"Employment, training and education, Physical health, Mental health and wellbeing","People living in poverty, People with mental health needs, Young people, Children, People with learning disabilities",We provide alternative education programs for schools academies and other educational organisations. Our personal- and social-development programs are delivered through the context of adrenaline sports and adventure activities. Our core aims are delivered through two different programs: 1) Preventative Program - helping at risk young people avoid permanent exclusion from mainstream schools and 2) Remaining Engaged Program - helping young people that are already permanently excluded remain positively engaged with society.,"£21,000",16/05/17,28/04/17,5
