{
  "licenseType": "Unknown",
  "dc:description": "Grantees for The Reach Fund, an investment-readiness grant programme funded by Access - the Foundation for Social Investment, and managed by the Social Investment Business. \nDisplaying 35 Grants awarded up to end of June '17.",
  "exportable": true,
  "dc:title": "Reach Fund Grantees Jun17",
  "attribution": "Access Foundation",
  "attributionLink": "http://www.reachfund.org.uk/",
  "dc:modified": "2017-08-22T17:13:12Z",
  "dc:identifier": "1uackWCxXfK325uWBa0vEhLdOIz0OfiNmVLkR2YFG",
  "tableSchema": {"columns": [
    {
      "datatype": "string",
      "name": "col0",
      "validateData": false,
      "title": "Account Name"
    },
    {
      "datatype": "location",
      "name": "col1",
      "validateData": false,
      "title": "Address"
    },
    {
      "datatype": "location",
      "name": "col2",
      "validateData": false,
      "title": "Region"
    },
    {
      "datatype": "double",
      "name": "col3",
      "validateData": false,
      "title": "Charity Number"
    },
    {
      "datatype": "string",
      "name": "col4",
      "validateData": false,
      "title": "Reach"
    },
    {
      "datatype": "string",
      "name": "col5",
      "validateData": false,
      "title": "Legal Form"
    },
    {
      "datatype": "double",
      "name": "col6",
      "validateData": false,
      "title": "Company Number"
    },
    {
      "datatype": "string",
      "name": "col7",
      "validateData": false,
      "title": "Website"
    },
    {
      "datatype": "string",
      "name": "col8",
      "validateData": false,
      "title": "Access Point"
    },
    {
      "datatype": "date",
      "name": "col9",
      "validateData": false,
      "title": "Company trading start date"
    },
    {
      "datatype": "string",
      "name": "col10",
      "validateData": false,
      "title": "What type of service areas do you operate in?"
    },
    {
      "datatype": "string",
      "name": "col11",
      "validateData": false,
      "title": "Who are your beneficiaries?"
    },
    {
      "datatype": "string",
      "name": "col12",
      "validateData": false,
      "title": "Description"
    },
    {
      "datatype": "double",
      "name": "col13",
      "validateData": false,
      "title": "Grant amount awarded"
    },
    {
      "datatype": "date",
      "name": "col14",
      "validateData": false,
      "title": "Date awarded"
    },
    {
      "datatype": "date",
      "name": "col15",
      "validateData": false,
      "title": "Date Registered"
    },
    {
      "datatype": "double",
      "name": "col16",
      "validateData": false,
      "title": "AP code"
    }
  ]}
}