{
  "licenseType": "Unknown",
  "dc:description": "Imported at Sun May 07 19:14:30 PDT 2017 from backpacking.kml.",
  "exportable": true,
  "dc:title": "Backpacking",
  "dc:modified": "2019-09-16T05:20:45Z",
  "dc:identifier": "1kQD_cIF2jIixCohjkKwW4ycYzsj06uSLHuqQlOby",
  "tableSchema": {"columns": [
    {
      "datatype": "string",
      "name": "col0",
      "validateData": false,
      "title": "description"
    },
    {
      "datatype": "string",
      "name": "col1",
      "validateData": false,
      "title": "name"
    },
    {
      "datatype": "location",
      "name": "col2",
      "validateData": false,
      "title": "geometry"
    }
  ]}
}