{
  "licenseType": "Unknown",
  "dc:description": "Imported at Tue Feb 27 05:46:58 PST 2018 from Reach Fund Grantees to Dec17 for fusion table map 2.csv.",
  "exportable": true,
  "dc:title": "Reach Fund Grantees to Dec17 for fusion table map 2",
  "dc:modified": "2018-08-20T14:05:24Z",
  "dc:identifier": "1i0dIDuFAHzWS6FYtUvtnNhiq0FPnvB4JnCtcJEvt",
  "tableSchema": {"columns": [
    {
      "datatype": "string",
      "name": "col0",
      "validateData": false,
      "title": "Account Name"
    },
    {
      "datatype": "location",
      "name": "col1",
      "validateData": false,
      "title": "Address"
    },
    {
      "datatype": "location",
      "name": "col2",
      "validateData": false,
      "title": "Region"
    },
    {
      "datatype": "double",
      "name": "col3",
      "validateData": false,
      "title": "Charity Number"
    },
    {
      "datatype": "string",
      "name": "col4",
      "validateData": false,
      "title": "Reach"
    },
    {
      "datatype": "string",
      "name": "col5",
      "validateData": false,
      "title": "Legal Form"
    },
    {
      "datatype": "double",
      "name": "col6",
      "validateData": false,
      "title": "Company Number"
    },
    {
      "datatype": "string",
      "name": "col7",
      "validateData": false,
      "title": "Website"
    },
    {
      "datatype": "location",
      "name": "col8",
      "validateData": false,
      "title": "Access Point"
    },
    {
      "datatype": "date",
      "name": "col9",
      "validateData": false,
      "title": "Company trading start date"
    },
    {
      "datatype": "string",
      "name": "col10",
      "validateData": false,
      "title": "What type of service areas do you operate in?"
    },
    {
      "datatype": "string",
      "name": "col11",
      "validateData": false,
      "title": "Who are your beneficiaries?"
    },
    {
      "datatype": "string",
      "name": "col12",
      "validateData": false,
      "title": "Description"
    },
    {
      "datatype": "double",
      "name": "col13",
      "validateData": false,
      "title": "Grant amount awarded"
    },
    {
      "datatype": "date",
      "name": "col14",
      "validateData": false,
      "title": "Date awarded"
    },
    {
      "datatype": "double",
      "name": "col15",
      "validateData": false,
      "title": "AP code"
    }
  ]}
}