{
  "licenseType": "Unknown",
  "dc:description": "All Hubs in one overview for the U.lab 1.X Course started on 14th of september 2017",
  "exportable": true,
  "dc:title": "U.lab Global Overview 2017",
  "dc:modified": "2017-11-21T17:34:38Z",
  "dc:identifier": "1xuaShedKGAetEwjxiGLfjFepVIguP9stcah2GMlF",
  "tableSchema": {"columns": [
    {
      "datatype": "date",
      "name": "col0",
      "validateData": false,
      "title": "Timestamp"
    },
    {
      "datatype": "string",
      "name": "col1",
      "validateData": false,
      "title": "Name of Hub"
    },
    {
      "datatype": "string",
      "name": "col2",
      "validateData": false,
      "title": "Name of Host"
    },
    {
      "datatype": "string",
      "name": "col3",
      "validateData": false,
      "title": "Contact"
    },
    {
      "datatype": "location",
      "name": "col4",
      "validateData": false,
      "title": "Location:"
    },
    {
      "datatype": "string",
      "name": "col5",
      "validateData": false,
      "title": "Description of your Hub"
    },
    {
      "datatype": "string",
      "name": "col6",
      "validateData": false,
      "title": "The Hosts previous experience of U.Lab"
    },
    {
      "datatype": "string",
      "name": "col7",
      "validateData": false,
      "title": "Support"
    },
    {
      "datatype": "string",
      "name": "col8",
      "validateData": false,
      "title": "Impact"
    },
    {
      "datatype": "string",
      "name": "col9",
      "validateData": false,
      "title": "Whom do you hope to involve?"
    },
    {
      "datatype": "string",
      "name": "col10",
      "validateData": false,
      "title": "Some other practical aspects"
    },
    {
      "datatype": "string",
      "name": "col11",
      "validateData": false,
      "title": "Language"
    },
    {
      "datatype": "string",
      "name": "col12",
      "validateData": false,
      "title": "How you will go about involving people"
    },
    {
      "datatype": "double",
      "name": "col13",
      "validateData": false,
      "title": "rowid"
    },
    {
      "datatype": "double",
      "name": "col14",
      "validateData": false,
      "title": "rowid"
    }
  ]}
}