{
  "licenseType": "Unknown",
  "exportable": true,
  "dc:title": "Purple Heart Cities, States, and Counties",
  "dc:modified": "2017-10-23T04:48:16Z",
  "dc:identifier": "19RN9LbgpidmYwNSTHWD7FfQzbyk470M27kSyA2w",
  "tableSchema": {"columns": [
    {
      "datatype": "location",
      "name": "col0",
      "validateData": false,
      "title": "State"
    },
    {
      "datatype": "location",
      "name": "col1",
      "validateData": false,
      "title": "City"
    },
    {
      "datatype": "string",
      "name": "col2",
      "validateData": false,
      "title": "Date Added"
    },
    {
      "datatype": "string",
      "name": "col3",
      "validateData": false,
      "title": "Confirmed By"
    },
    {
      "datatype": "string",
      "name": "col4",
      "validateData": false,
      "title": "Type"
    },
    {
      "datatype": "string",
      "name": "col5",
      "validateData": false,
      "title": "icon"
    },
    {
      "datatype": "string",
      "name": "col6",
      "validateData": false,
      "title": "Region"
    }
  ]}
}