{
  "licenseType": "Unknown",
  "dc:description": "Fjöldahjálparstöðvar Rauða krossins á Íslandi.",
  "exportable": true,
  "dc:title": "Fjöldahjálparstöðvar rki.is",
  "dc:modified": "2019-02-21T11:49:27Z",
  "dc:identifier": "1O6tZB8Eas5D_mp4oc8-6MXRrtRPaE8sAPIJefzY",
  "tableSchema": {"columns": [
    {
      "datatype": "string",
      "name": "col0",
      "validateData": false,
      "title": "Nánari lýsing"
    },
    {
      "datatype": "string",
      "name": "col1",
      "validateData": false,
      "title": "Húsnæði"
    },
    {
      "datatype": "location",
      "name": "col2",
      "validateData": false,
      "title": "GPS hnit"
    },
    {
      "datatype": "string",
      "name": "col3",
      "validateData": false,
      "title": "Umsjón"
    },
    {
      "datatype": "string",
      "name": "col4",
      "validateData": false,
      "title": "Lögregluumdæmi"
    },
    {
      "datatype": "double",
      "name": "col5",
      "validateData": false,
      "title": "Móttökugeta í rýmingum"
    },
    {
      "datatype": "string",
      "name": "col6",
      "validateData": false,
      "title": "Móttökugeta til lengri tíma"
    },
    {
      "datatype": "string",
      "name": "col7",
      "validateData": false,
      "title": "Mötuneyti gerð"
    },
    {
      "datatype": "string",
      "name": "col8",
      "validateData": false,
      "title": "Fjöldi í mat"
    },
    {
      "datatype": "string",
      "name": "col9",
      "validateData": false,
      "title": "Heimilisfang"
    },
    {
      "datatype": "string",
      "name": "col10",
      "validateData": false,
      "title": "New Column"
    },
    {
      "datatype": "string",
      "name": "col11",
      "validateData": false,
      "title": "Síðasta úttekt"
    }
  ]}
}