Húsnæði,GPS hnit,Heimilisfang,Umsjón,Lögregluumdæmi,Móttökugeta í rýmingum,Móttökugeta til lengri tíma,Mötuneyti gerð,Fjöldi í mat,Nánari lýsing,Síðasta úttekt
"Kirkjubæjarskóli á Síðu
","<Point><coordinates>-18.054012,63.787235,0.0</coordinates></Point>","Klausturvegur 4, Kirkjubæjarklaustur","Rauði krossinn Klaustri.
",Suðurland,150,60,Mötuneyti,100,"Mikið til af dýnum og teppum í skólanum.
Neyðarvarnaskápur",25. september 2012
Grunnskóli Vestmannaeyja (Barnaskólinn),"<Point><coordinates>-20.272533,63.437515,0.0</coordinates></Point>","Skólavegur 40, 900 Vestmannaeyjar",Rauði krossinn í Vestmannaeyjum,Vestmannaeyjar,550,360,Súpueldhús,210,"Neyðarvarnaskápur: Til staðar.
Nettenging: Þráðlaust háhraðanet.",13. september 2012
Arnardrangur,"63° 26.403', -20° 16.082'",,Rauði krossinn í Vestmannaeyjum,Vestmannaeyjar,40,15,Súpueldhús,25,,
Öldutúnsskóli,"<Point><coordinates>-21.946543,64.062561,0.0</coordinates></Point>","Öldutúni 9, 220 Hafnarfjörður",Neyðarmiðstöð Rauða krossins,Höfuðborgarsvæði,500,,Framreiðslusalur og kaffistofa,400 (þörf á aðfluttum mat),Neyðarvarnaskápur,26. september 2012
Álftanesskóli,"<Point><coordinates>-22.018232,64.104485,0.0</coordinates></Point>","Breiðumýri, 225 Álftanes",Neyðarmiðstöð Rauða krossins,Höfuðborgarsvæði,400,,Mötuneyti,500,"Neyðarvarnaskápur
Þráðlaust net",26. september 2012
Fellaskóli,"<Point><coordinates>-21.822109,64.10257,0.0</coordinates></Point>",Norðurfell 17-19 111 Reykjavík,Neyðarmiðstöð Rauða krossins,Höfuðborgarsvæði,600,,,,,26. september 2012
Félagsheimilið Hvammstanga,"<Point><coordinates>-20.939362,65.394966,0.0</coordinates></Point>",,Rauði krossinn á Hvammstanga,Norðurland vestra,,,,,,
Langholtsskóli,"<Point><coordinates>-21.860647,64.138168,0.0</coordinates></Point>","Holtavegur 23, 104 Reykjavík",Neyðarmiðstöð Rauða krossins,Höfuðborgarsvæði,600,,,,,24. september 2012
Árbæjarskóli,"<Point><coordinates>-21.798035,64.115417,0.0</coordinates></Point>","Rofabæ 34, 110 Reykjavík",Neyðarmiðstöð Rauða krossins,Höfuðborgarsvæði,900,,Mötuneyti,500,Neyðarvarnaskápur,1. október 2012
Borgarholtsskóli,"<Point><coordinates>-21.781683,64.149696,0.0</coordinates></Point>","v/Mosaveg, 112 Reykjavík",Neyðarmiðstöð Rauða krossins,Höfuðborgarsvæði,1500,,,,,
Klébergsskóli,"<Point><coordinates>-21.82564,64.237457,0.0</coordinates></Point>","Kollagrund 2, 116 Reykjavík",Neyðarmiðstöð Rauða krossins,Höfuðborgarsvæði,300,,,,Neyðarmiðstöð Rauða krossins lagði Klébergsskóla til 20 bedda og 20 teppi 23. febrúar 2016.,
Hvolsskóli,"<Point><coordinates>-20.230207,63.753254,0.0</coordinates></Point>",,Rauði krossinn í Rangárvallasýslu,Suðurland,,,,,,
Grunnskólinn á Hellu,"<Point><coordinates>-20.398758,63.836838,0.0</coordinates></Point>",,Rauði krossinn í Rangárvallasýslu,Suðurland,,,,,,
Grunnskólinn á Ísafirði,"<Point><coordinates>-23.11812,66.073341,0.0</coordinates></Point>",,Rauði krossinn á Ísafirði,Vestfirðir,,,,,,
Grunnskólinn á Reykhólum,"<Point><coordinates>-22.203218,65.448212,0.0</coordinates></Point>",,Rauði krossinn í Búðardal,Vestfirðir,,,,,,
Hofgarður,"<Point><coordinates>-16.716663,63.907093,0.0</coordinates></Point>","Hof, 785 Öræfi",Rauði krossinn á Hornafirði,Suðurland,100,40,Mötuneyti,Rými fyrir 150. Afköst: 40-50 á klst.,Dýnur: 40 Teppi: 10,24. september 2012
Hrolllaugsstaðir,"<Point><coordinates>-15.870738,64.180687,0.0</coordinates></Point>","Hrolllaugsstaðir, 781 Hornafjörður",Rauði krossinn á Hornafirði,Suðurland,135,55,Mötuneyti,150 sæti. Afköst: 60-70 á klst.,"Ferðaþjónusta er starfrækt í húsinu á sumrin.
Dýnur: 13",26. september 2012
Hafnarskóli,"<Point><coordinates>-15.208447,64.252121,0.0</coordinates></Point>","Svalbarð 6, 780 Hornafjörður",Rauði krossinn á Hornafirði,Suðurland,250,100,Mötuneyti,75,"<div dir=""ltr"">Hornafjarðardeild</div>",25. september 2012
Djúpavogsskóli,"<Point><coordinates>-14.279641,64.655502,0.0</coordinates></Point>","Varða 6, Djúpavogi",Rauði krossin á Djúpavogi,Austurland,100,75,Mötuneyti,200,Þráðlaust net,Október 2012
Grunnskólinn í Breiðdalshreppi,"<Point><coordinates>-14.00171,64.794411,0.0</coordinates></Point>",,Rauði krossinn í Breiðdal,Austurland,,,,,,
Stöðvarfjarðarskóli,"<Point><coordinates>-13.868973,64.833473,0.0</coordinates></Point>","Skólabraut 20, Stöðvarfirði",Rauði krossinn á Stöðvarfirði,Austurland,300,40,Mötuneyti,50,"Neyðarvarnaskápur
",Október 2012
Skólamiðstöðin Fáskrúðsfirði,"<Point><coordinates>-14.014435,64.932854,0.0</coordinates></Point>","Hlíðargötu 58, Fáskrúðsfirði",Rauði krossinn Fáskrúðsfirði,Austurland,300,120,Mötuneyti,120,"Neyðarvarnaskápur
Sængur og lök: 30",26. september 2012
Grunnskóli Reyðarfjarðar,"<Point><coordinates>-14.214334,65.034599,0.0</coordinates></Point>","Heiðarvegur 12, Reyðarfirði",Rauði krossinn á Reyðarfirði,Austurland,400,150,Mötuneyti,185,"Neyðarvarnaskápur
Þráðlaust net
Dýnur: 30 Teppi: 50
Langbylgjuútvarp",Október 2012
Grunnskóli Eskifjarðar,"<Point><coordinates>-14.011474,65.070457,0.0</coordinates></Point>",Lambeyrarbraut 14,Rauði krossinn á Eskifirði,Austurland,400,160,Mötuneyti,190,"Neyðarvarnaskápur
TETRA stöð
Teppi: 40
Þráðlaust net",Október 2012
Nesskóli,"<Point><coordinates>-13.678772,65.147522,0.0</coordinates></Point>",Neskaupsstaður,Rauði krossinn á Norðfirði,Austurland,,,,,,
Grunnskóli Mjóafjarðar,"<Point><coordinates>-13.796082,65.202911,0.0</coordinates></Point>",,Rauði krossinn á Norðfirði,Austurland,,,,,,
Seyðisfjarðarskóli,"<Point><coordinates>-14.00598,65.259987,0.0</coordinates></Point>",Skólavegur 1,Rauði krossinn á Seyðisfirði,Austurland,50,20,Súpueldhús. Matsalur er í félagsheimili,,"Neyðarvarnaskápur
TETRA stöð
Dýnur: 20 Teppi: 60",26. september 2012
Egilsstaðaskóli,"<Point><coordinates>-14.39518,65.265312,0.0</coordinates></Point>","Tjarnarlönd 11, Egilsstaðir",Rauði krossinn á Héraði og Borgarfirði,Austurland,3000,1200,Mötuneyti,200,"Neyðarvarnataska
TETRA stöðvar: 2
Teppi: 27
Þráðlaut net",26. september 2012
Grunnskóli Borgarfjarðar,"<Point><coordinates>-13.817861,65.527382,0.0</coordinates></Point>",Borgarfjörður eystri,Rauði krossinn á Héraði og Borgarfirði,Austurland,,,,,,
Vopnafjarðarskóli,"<Point><coordinates>-14.825149,65.757057,0.0</coordinates></Point>",,Rauði krossinn á Vopnafirði,Austurland,,,,,,
Grunnskólinn Bakkafirði,"<Point><coordinates>-14.80176,66.036865,0.0</coordinates></Point>",,Rauði krossinn á Vopnafirði,Austurland,,,,,,
Grunnskólinn á Þórshöfn,"<Point><coordinates>-15.337794,66.201363,0.0</coordinates></Point>",,Rauði krossinn í Þingeyjarsýslu,Norðurland eystra,,,,,,
Grunnskólinn Svalbarði,"<Point><coordinates>-15.71414,66.207504,0.0</coordinates></Point>",,Rauði krossinn í Þingeyjarsýslu,Norðurland eystra,,,,,"<div dir=""ltr"">Þórshafnardeild</div>",
Grunnskólinn Raufarhöfn,"<Point><coordinates>-15.943565,66.447151,0.0</coordinates></Point>",,Rauði krossinn í Þingeyjarsýslu,Norðurland eystra,,,,,"<div dir=""ltr"">Öxarfjarðardeild</div>",
Lundur,"<Point><coordinates>-16.435783,66.074577,0.0</coordinates></Point>",Lundur Öxarfirði,Rauði krossinn í Þingeyjarsýslu,Norðurland eystra,,,,,,
Skúlagarður,"<Point><coordinates>-16.70969,66.077324,0.0</coordinates></Point>",,Rauði krossinn í Þingeyjarsýslu,Norðurland eystra,,,,,,
Borgarhólsskóli,"<Point><coordinates>-17.342188,66.046783,0.0</coordinates></Point>",,Rauði krossinn í Þingeyjarsýslu,Norðurland eystra,390,156,Framreiðslueldhús,100,,
Hafralækjarskóli,"<Point><coordinates>-17.431526,65.875763,0.0</coordinates></Point>",Hafralækjarskóli Aðaldal,Rauði krossinn í Þingeyjarsýslu,Norðurland eystra,260,105,Fullbúið mötuneyti,150,,
Reykjahlíðarskóli,"<Point><coordinates>-16.908216,65.642235,0.0</coordinates></Point>",Reykjahlíð v/Heiðarveg Mývatni ,Rauði krossinn í Þingeyjarsýslu,Norðurland eystra,100,40,Fullbúið mötuneyti,150,,
Stórutjarnir,"<Point><coordinates>-17.73159,65.712944,0.0</coordinates></Point>",Stórutjörnum Þingeyjarsveit,Rauði krossinn í Þingeyjarsýslu,Norðurland eystra,237,162,Fullbúið mötuneyti,150,,
Lundaskóli,"<Point><coordinates>-18.114374,65.675583,0.0</coordinates></Point>",,Rauði krossinn í Eyjafirði,Norðurland eystra,,,,,,
Dalvíkurskóli,"<Point><coordinates>-18.529795,65.968178,0.0</coordinates></Point>",,Rauði krossinn í Eyjafirði,Norðurland eystra,,,,,,
Grunnskóli Ólafsfjarðar,"<Point><coordinates>-18.652767,66.069511,0.0</coordinates></Point>",,Rauði krossinn í Eyjafirði,Norðurland eystra,,,,,,
Grunnskóli Siglufjarðar,"<Point><coordinates>-18.910969,66.151985,0.0</coordinates></Point>",,Rauði krossinn í Eyjafirði,Norðurland eystra,,,,,,
Grunnskólinn Hofsósi,"<Point><coordinates>-19.407949,65.898216,0.0</coordinates></Point>",,Rauði krossinn í Skagafirði,Norðurland vestra,,,,,,
Fjölbrautaskóli Norðurlands Vestra,"<Point><coordinates>-19.643084,65.742538,0.0</coordinates></Point>",,Rauði krossinn í Skagafirði,Norðurland vestra,,,,,,
Varmahlíðarskóli,"<Point><coordinates>-19.451637,65.553596,0.0</coordinates></Point>",,Rauði krossinn í Skagafirði,Norðurland vestra,,,,,,
Sólgarðar í Fljótum,"<Point><coordinates>-19.117498,66.052338,0.0</coordinates></Point>",,Rauði krossinn í Skagafirði,Norðurland vestra,,,,,,
Héðinsminni,"<Point><coordinates>-19.317698,65.535118,0.0</coordinates></Point>",,Rauði krossinn í Skagafirði,Norðurland vestra,,,,,,
Höfðaskóli,"<Point><coordinates>-20.30372,65.824158,0.0</coordinates></Point>",Skagaströnd,Rauði krossinn á Skagaströnd,Norðurland vestra,,,,,,
Grunnskóli Blönduóss,"<Point><coordinates>-20.28175,65.659294,0.0</coordinates></Point>",,Rauði krossinn í Austur-Húnavatnssýslu,Norðurland vestra,,,,,,
Félagsheimilið Húnaver,"<Point><coordinates>-19.801098,65.522919,0.0</coordinates></Point>",,Rauði krossinn í Austur-Húnavatnssýslu,Norðurland vestra,,,,,,
Húnavallaskóli,"<Point><coordinates>-20.20669,65.541267,0.0</coordinates></Point>",,Rauði krossinn í Austur-Húnavatnssýslu,Norðurland vestra,,,,,,
Laugarbakka,"<Point><coordinates>-20.887197,65.318718,0.0</coordinates></Point>",,Rauði krossinn á Hvammstanga,Norðurland vestra,,,,,,
Reykir í Hrútafirði,"<Point><coordinates>-21.104929,65.256638,0.0</coordinates></Point>",,Rauði krossinn á Hvammstanga,Norðurland vestra,,,,,,
Grunnskólinn á Hólmavík,"<Point><coordinates>-21.675768,65.706619,0.0</coordinates></Point>",,Rauði krossinn í Strandasýslu,Vestfirðir,,,,,,
Grunnskólinn Drangsnesi,"<Point><coordinates>-21.44982,65.688744,0.0</coordinates></Point>",,Rauði krossinn í Strandasýslu,Vestfirðir,,,,,,
Finnbogastaðir,"<Point><coordinates>-21.478271,66.015785,0.0</coordinates></Point>","Finnbogastaðir, Árneshreppi á Ströndum",Rauði krossinn í Strandasýslu,Vestfirðir,,,,,,
Súðavíkurskóli,"<Point><coordinates>-22.989729,66.026787,0.0</coordinates></Point>",,Rauði krossinn í Súðavík,Vestfirðir,,,,,,
Grunnskólinn á Suðureyri,"<Point><coordinates>-23.524593,66.128578,0.0</coordinates></Point>",,Rauði krossinn í Súgandafirði,Vestfirðir,,,,,,
Holt,"<Point><coordinates>-23.433838,66.006294,0.0</coordinates></Point>","Holt, Önundarfirði",Rauði krossinn í Önundarfirði,Vestfirðir,,,,,,
Grunnskóli Önundarfjarðar,"<Point><coordinates>-23.518467,66.052277,0.0</coordinates></Point>",,Rauði krossinn í Önundarfirði,Vestfirðir,,,,,,
Grunnskóli Bolungarvíkur,"<Point><coordinates>-23.254967,66.155655,0.0</coordinates></Point>",,Rauði krossinn á Bolungarvík,Vestfirðir,,,,,,
Grunnskólinn Þingeyri,"<Point><coordinates>-23.488083,65.875114,0.0</coordinates></Point>",,Rauði krossinn í Dýrafirði,Vestfirðir,,,,,,
Íþróttahúsið Bylta,"<Point><coordinates>-23.603472,65.683731,0.0</coordinates></Point>",Bíldudal,Rauði krossinn í Vestur-Barðastrandarsýslu,Vestfirðir,,,,,,
Grunnskólinn á Tálknafirði,"<Point><coordinates>-23.845911,65.628853,0.0</coordinates></Point>",,Rauði krossinn í Vestur-Barðastrandarsýslu,Vestfirðir,,,,,,
Auðarskóli í Búðardal,"<Point><coordinates>-21.766727,65.109177,0.0</coordinates></Point>",,Rauði krossinn í Búðardal,Vesturland,,,,,"<div dir=""ltr"">Búðardalsdeild</div>",
Grunnskóli Stykkishólms,"<Point><coordinates>-22.727709,65.072258,0.0</coordinates></Point>",,Rauði krossinn í Stykkishólmi,Vesturland,250,100,,,,
Grunnskóli Snæfellsbæjar,"<Point><coordinates>-23.714291,64.896118,0.0</coordinates></Point>",Ólafsvík,Rauði krossinn í Snæfellsbæ,Vesturland,,,,,,
Grunnskóli Snæfellsbæjar Hellissandi,"<Point><coordinates>-23.889297,64.918304,0.0</coordinates></Point>",,Rauði krossinn í Snæfellsbæ,Vesturland,,,,,,
Grunnskóli Snæfellsbæjar Lýsuhóli,"<Point><coordinates>-23.214499,64.8414,0.0</coordinates></Point>",,Rauði krossinn í Snæfellsbæ,Vesturland,,,,,,
Menntaskóli Borgarfjarðar,"<Point><coordinates>-21.921673,64.536201,0.0</coordinates></Point>",Borgarbraut 54 Borgarnesi,Rauði krossinn í Borgarfirði,Vesturland,,,,,,
Brekkubæjarskóli,"<Point><coordinates>-22.082262,64.320702,0.0</coordinates></Point>",,Rauði krossinn á Akranesi,Vesturland,,,,,,
Njarðvíkurskóli,"<Point><coordinates>-22.543688,63.987793,0.0</coordinates></Point>","Norðurstíg 2, 260 Reykjanesbær",Rauði krossinn á Suðurnesjum,Suðurnes,504,202,Mötuneyti,250,Neyðarvarnabúnaður í húsnæði deildar,25. september 2012
Gerðaskóli Garði,"<Point><coordinates>-22.652918,64.072395,0.0</coordinates></Point>","Garðbraut 90, 250 Garði",Rauði krossinn á Suðurnesjum,Suðurnes,550,220,Mötuneyti,200,"Neyðarvarnabúnaður í húsnæði deildar
20 dýnur og 50 teppi í húsnæði deildar að Smiðjuvöllum 8, 230 Reykjanesbær",27. september 2012
Grunnskólinn í Sandgerði,"<Point><coordinates>-22.698118,64.034309,0.0</coordinates></Point>","Skólastræti, 245 Sandgerði",Rauði krossinn á Suðurnesjum,Suðurnes,575,230,Kaffistofa,190 (þörf fyrir aðfluttan mat),"Neyðarvarnataska í húsnæði deildar
50 teppi og 20 dýnur í húsnæði deildar
Þráðlaust net",27. september 2012
Safnaðarheimilið Höfnum,"<Point><coordinates>-22.686726,63.934315,0.0</coordinates></Point>",Höfnum,Rauði krossinn á Suðurnesjum,Suðurnes,,,,,"Neyðarvarnabúnaður, skápur, 20 teppi og 50 dýnur í húsnæði deildar, Smiðjuvöllum 8 Reykjanesbæ",
Grunnskóli Grindavíkur,"<Point><coordinates>-22.440735,63.840347,0.0</coordinates></Point>","Ásabraut 2, 240 Grindavík",Rauði krossinn í Grindavík,Suðurnes,400,,Mötuneyti,400,"Neyðarvarnaskápur
Þráðlaust net",28. október 2012
Grunnskólinn í Þorlákshöfn,"<Point><coordinates>-21.382872,63.853313,0.0</coordinates></Point>","Egilsbraut 35, 815 Þorlákshöfn",Rauði krossinn í Árnessýslu,Suðurland,500,200,Mötuneyti,,"Neyðarvarnaskápur.
Þráðlaust net.",19. september 2012
Grunnskólinn í Hveragerði,"<Point><coordinates>-21.182199,64.000336,0.0</coordinates></Point>","Skólamörk 6, Hveragerði",Rauði krossinn í Hveragerði,Suðurland,400,,Kaffistofa,300,"Neyðarvarnaskápur
Þráðlaust net",14. september 2012
Vallaskóli,"<Point><coordinates>-20.995968,63.934799,0.0</coordinates></Point>","Sólvöllum 2, 800 Selfoss",Rauði krossinn í Árnessýslu,Suðurland,500,200,Mötuneyti,140,Neyðarvarnaskápur,25. september 2012
Barnaskólinn Stokkseyri,"<Point><coordinates>-21.134478,63.858486,0.0</coordinates></Point>","Eyrarbraut 2 Stokkseyri, Árborg",Rauði krossinn í Árnessýslu,Suðurland,600,400,Mötuneyti,Rými fyrir 300. Afköst: 100-200 máltíðir á klst.,"Neyðarvarnabúnaður í húsnæði deildar, v/Eyrarveg á Selfossi",28. september 2012
Menntaskólinn á Laugarvatni,"<Point><coordinates>-20.739012,64.212509,0.0</coordinates></Point>",Laugarvatn,Rauði krossinn í Árnessýslu,Suðurland,,,Mötuneyti,200,"<div dir=""ltr"">Sameiginleg neyðarnefnd Árnesinga- og Hveragerðisdeildar.</div>",25. september 2012
Flúðaskóli,"<Point><coordinates>-20.323162,64.130043,0.0</coordinates></Point>","Flúðum, Hrunamannahreppi",Rauði krossinn í Árnessýslu,Suðurland,500,100,Mötuneyti,70 á klst.,,26. september 2012
Laugaland í Holtum,"<Point><coordinates>-20.416212,63.916271,0.0</coordinates></Point>",,Rauði krossinn í Rangárvallasýslu,Suðurland,,,,,,
Gunnarshólmi,"<Point><coordinates>-20.239122,63.614845,0.0</coordinates></Point>",,Rauði krossinn í Rangárvallasýslu,Suðurland,,,,,,
Heimaland,"<Point><coordinates>-19.979925,63.600502,0.0</coordinates></Point>",,Rauði krossinn í Rangárvallasýslu,Suðurland,,,,,,
Drangshlíð,"<Point><coordinates>-19.551287,63.526138,0.0</coordinates></Point>","Drangshlíð, Austur Eyjafjöll",Rauði krossinn í Vík,Suðurland,,,,,,
Víðihlíð,"<Point><coordinates>-20.643654,65.379395,0.0</coordinates></Point>",,Rauði krossinn á Hvammstanga,Norðurland vestra,,,,,,
"Landbúnaðarháskóli Íslands, Hvanneyri (staðsett í Ásgarði)","<Point><coordinates>-21.770353,64.560722,0.0</coordinates></Point>","Hvanneyri, Borgarfirði",Rauði krossinn í Borgarfirði,Vesturland,,,,,,
Stóramörk,"<Point><coordinates>-16.447992,66.301346,0.0</coordinates></Point>","Kópasker, Öxarfirði",Rauði krossinn í Þingeyjarsýslu,Norðurland eystra,,,,,,
Framhaldsskólinn á Laugum,"<Point><coordinates>-17.358786,65.722755,0.0</coordinates></Point>",,Rauði krossinn í Þingeyjarsýslu,Norðurland eystra,,,,,,
Víkurskóli,"<Point><coordinates>-19.008129,63.417027,0.0</coordinates></Point>","Mánabraut 3-5 Vík, Mýrdalshreppi",Rauði krossinn í Vík,Suðurland,Ekki notaður í rýmingum,,Súpueldhús (eldun fer fram á dvalarheimilinu Hjallatúni),60,"Neyðarvarnaskápur
Teppi: 50",24. september 2012
Háskólinn á Bifröst,"<Point><coordinates>-21.551807,64.766518,0.0</coordinates></Point>",Bifröst í Norðurárdal,Rauði krossinn í Borgarfirði,Vesturland,,,,,Aðstaða í boði: Kringla og Hátíðarsalur.,
Ingunnarskóli,"<Point><coordinates>-21.75882,64.12606,0.0</coordinates></Point>","v/Maríubaug, 113 Reykjavík",Neyðarmiðstöð Rauða krossins,Höfuðborgarsvæði,600,,,,,
Laugardalshöllin,"<Point><coordinates>-21.878586,64.140419,0.0</coordinates></Point>","Engjavegur 8, 104 Reykjavík",Neyðarmiðstöð Rauða krossins,Höfuðborgarsvæði,5000,,,,,
Hópsskóli,"<Point><coordinates>-22.42728,63.846283,0.0</coordinates></Point>","Suðurhóp 2, 240 Grindavík",Rauði krossinn í Grindavík,Suðurnes,140,,,,"Þráðlaust net
Dýnur, teppi og neyðarvarnaskápur í húsnæði deildar.",1. október 2012
Grunnskólinn á Grenivík,"65.95143,-18.179133",,Rauði krossinn í Eyjafirði,Norðurland eystra,,,,,,
Menntaskólinn við Hamrahlíð,"
64.130487, -21.905452
",,Neyðarmiðstöð Rauða krossins,Höfuðborgarsvæði,,,,,,
Melaskóli,Melaskóli,"Hagamel 1, 107 Reykjavík",Neyðarmiðstöð Rauða krossins,Höfuðborgarsvæði,,,,,,
Víðistaðaskóli,"64.075321, -21.957942","Hrauntungu 7, Hafnarfirði",Neyðarmiðstöð Rauða krossins,Höfuðborgarsvæði,,,,,,
Félagsheimilið Patreksfirði,"<Point><coordinates>-23.974134,65.591266,0.0</coordinates></Point>",,Rauði krossinn í Vestur-Barðastrandarsýslu,Vestfirðir,,,,,,
Stóru-Vogaskóli,"<Point><coordinates>-22.387947,63.982849,0.0</coordinates></Point>","Tjarnargötu 2, 190 Vogar",Rauði krossinn á Suðurnesjum,Suðurnes,500,199,Mötuneyti,170,"Neyðarvarnabúnaður í húsnæði deildar Smiðjuvöllum 8, Reykjanesbæ.
20 dýnur og 50 teppi í húsnæði deildar.
Þráðlaust net",26. september 2012
Holtaskóli,"<Point><coordinates>-22.56255,63.997776,0.0</coordinates></Point>","Við/Sunnubraut, Reykjanesbær",Rauði krossinn á Suðurnesjum,Suðurnes,720,288,Mötuneyti,440,"Neyðarvarnabúnaður, taska, 20 dýnur og 50 teppi í húsnæði deildar, Smiðjuvöllum 8 Reykjanesbæ.",25. september 2012
Hörðuvallaskóli,"64.085323, -21.826356","Baugakór 38, 203 Kópavogur",Neyðarmiðstöð Rauða krossins,Höfuðborgarsvæði,,,,,,
Hofsstaðaskóli,"64.093797, -21.906695","Skólabraut 5, 210 Garðabæ",Neyðarmiðstöð Rauða krossins,Höfuðborgarsvæði,,,,,,
Ásgarður í Kjós,"64.341934, -21.593155",Við Kjósaskarðsveg,Rauði krossinn í Mosfellsbæ,Höfuðborgarsvæði,,,,,,
Grunnskóli Seltjarnarness (Mýrarhúsaskóli) og félagsheimili Seltjarnarness,Mýrarhúsaskóli,v/Nesveg,Neyðarmiðstöð Rauða krossins,Höfuðborgarsvæði,,,,,,
Varmárskóli (safnaðarheimilið í minni aðgerðum),"64.170472, -21.690732","Skólabraut, 270 Mosfellsbær",Neyðarmiðstöð Rauða krossins,Höfuðborgarsvæði,500,,,,,
Smáraskóli,"64.103048, -21.895056","Dalsmári 1, 201 Kópavogur",Neyðarmiðstöð Rauða krossins,Höfuðborgarsvæði,,,,,,
Fífan,"64.103019, -21.898630",v/Dalsmára,Neyðarmiðstöð,Höfuðborgarsvæði,,,,,Fífan er stórt íþróttahús sem hægt er að nýta á neyðartímum.,
Kórinn,"64.082713, -21.823590",v/Vallakór,Neyðarmiðstöð,Höfuðborgarsvæði,,,,,Kórinn er stór íþróttamiðstöð sem hægt er að virkja á neyðartímum.,
Fjölbrautaskóli Snæfellinga,"64°55'31.3""N 23°15'46.7""W",,Rauði krossinn Grundarfirði,Vesturland,,,,,,
